block_id,hash,time,size,weight,version,lock_time,is_coinbase,has_witness,input_count,output_count,input_total,input_total_usd,output_total,output_total_usd,fee,fee_usd,fee_per_kb,fee_per_kb_usd,fee_per_kwu,fee_per_kwu_usd,cdd_total
928333,33d9470e48eed41c1bb37eec7e2f201fa3f36a4fbcf4d574f99f4839135d3498,18/12/25 00:12,294,1068,1,0,1,1,1,3,0,0,316117438,272215.063,0,0,0,0,0,0,0
928333,e9aa5a253ef93084f92d581685cb0ff7b11541d10b9a64f0446cb88ca1cc0ad9,18/12/25 00:12,420,1032,1,0,0,1,2,2,1160060952,998951.688,1160016276,998913.188,44676,38.4714,106371.43,91.5982,43290.7,37.2787,8.48853079
928333,5752234d1d12c8e124ccb9fccfe7e53c8fc04a50b447aa48970718b379f5d5b4,18/12/25 00:12,223,565,2,928332,0,1,1,2,58991,50.7983,36600,31.517,22391,19.2813,100408.07,86.4633,39630.09,34.1262,0.00148132
928333,cd8ab4892942b52f397a786148d0321e12c2f7e0e95498e0f7827396c6a56dfe,18/12/25 00:12,435,975,1,0,0,1,1,3,99009924,85259.4219,98973174,85227.7812,36750,31.6462,84482.76,72.75,37692.31,32.4573,0.47525909
928333,ba4929b28c1916c081dc50adcd75bc40b03e4b68b5cb4c4d238fa5051a986800,18/12/25 00:12,222,561,1,0,0,1,1,2,40287936,34692.7461,40273413,34680.2422,14523,12.506,65418.918,56.3336,25887.701,22.2927,0.03896832
928333,cea299e383d24949ea1a62b55ecf78492d064a80cb0cd245775f1aa98bacfe50,18/12/25 00:12,223,562,1,0,0,1,1,2,2139749,1842.5807,2127059,1831.6531,12690,10.9276,56905.83,49.0029,22580.07,19.4441,0.01418401
928333,137f687eb77a20f04223c7814d41cb748d76d8cbf1e02fc5227a127f71d6e413,18/12/25 00:12,191,437,1,0,0,1,1,1,318411148,274190.219,318403448,274183.563,7700,6.6306,40314.137,34.7152,17620.137,15.1729,2.8237246
928333,dd5ed8776cee3baa89bd2977e50b96cdca6fc6cdaeb35baff94861fdc9ae4f3f,18/12/25 00:12,380,758,1,0,0,1,1,2,1009032,868.8976,997632,859.0809,11400,9.8168,30000,25.8336,15039.578,12.9512,0.00062352
928333,680a6266ad8d41388c571798da7d554df5a18ccd99404340c1a08a9f251986e1,18/12/25 00:12,226,904,1,0,0,0,1,2,592911456,510567.906,592897896,510556.25,13560,11.6768,60000,51.6672,15000,12.9168,0.42505712
928333,002b0fd5994dd4a548121e2b8ec19a654b0849d67ce2a3bfea86cce963dd07e7,18/12/25 00:12,379,754,1,0,0,1,1,2,625919,538.9914,614579,529.2263,11340,9.7651,29920.844,25.7656,15039.788,12.9512,0.00122793
928333,ff0aa8ad0c8934d1b4fb087376db33e720d30e4ede143455d296f3d18e00bd14,18/12/25 00:12,191,437,1,0,0,1,1,1,383455,330.2008,377405,324.991,6050,5.2098,31675.393,27.276,13844.394,11.9213,0.0002749
928333,e49ebe259c768014f9beab71d61a6b76b40ceff888aa7dc17e87ffa8df419ac6,18/12/25 00:12,194,449,2,0,0,1,1,1,112813,97.1455,107813,92.8399,5000,4.3056,25773.195,22.1936,11135.857,9.5894,2.31E-05
928333,e2929bfc80de49c060d941b6167b4f63cf648113f0dc09339533f869b7d03dbd,18/12/25 00:12,219,876,1,0,0,0,1,2,4822346,4152.6187,4813250,4144.7856,9096,7.8327,41534.246,35.7658,10383.562,8.9419,1.07470557
928333,2219c6e1c8804480dc7323b86c8e29dd2adabed136655fb8cbeb8bfe01930b14,18/12/25 00:12,191,764,2,928332,0,0,1,1,1111960,957.531,1104060,950.7281,7900,6.8028,41361.258,35.6168,10340.314,8.904,0.00305506
928333,b858750858f797cbbefcd742abdbefb0c5fe2ad03b947e05e7f6789424a66005,18/12/25 00:12,370,832,2,0,0,1,2,2,2756739,2373.8831,2748419,2366.7185,8320,7.1645,22486.486,19.3631,10000,8.6112,0.01378852
928333,6f522901c323e70aa7dd1577b516ab065ee79df1dcbfdec11f12f67e235dbc29,18/12/25 00:12,222,561,2,0,0,1,1,2,967047270,832743.75,967041630,832738.875,5640,4.8567,25405.406,21.8768,10053.476,8.6568,0.43181347
928333,2a9ed188088a2acf05d7697065e7b0df42d206ca626f0441dd95748e7012672e,18/12/25 00:12,222,561,2,0,0,1,1,2,55358652,47670.4414,55353012,47665.5859,5640,4.8567,25405.406,21.8768,10053.476,8.6568,0.01135365
928333,f72cfe1a2f1955dad938f516a250005968e7672e82a873b8e63f5d9a06092140,18/12/25 00:12,222,561,2,0,0,1,1,2,1813100823,1561297.38,1813095183,1561292.5,5640,4.8567,25405.406,21.8768,10053.476,8.6568,1.75371338
928333,1ae38b689d0c8e0e98d7ecf85d2b350297ed488052702d98a3bfc4f64a17bd42,18/12/25 00:12,222,561,2,0,0,1,1,2,915586459,788429.813,915580819,788424.938,5640,4.8567,25405.406,21.8768,10053.476,8.6568,0.26058184
928333,051b8a52e469d34ac8a4640944064378aaa4b85c5d9537ee54ddfbb7e8995458,18/12/25 00:12,222,561,2,0,0,1,1,2,789988816,680275.188,789983176,680270.313,5640,4.8567,25405.406,21.8768,10053.476,8.6568,0.22483594
928333,a13992bd58baa167d1408835af4e2ab2a320d21fee57fdf4fd9b2b7420040666,18/12/25 00:12,222,561,2,0,0,1,1,2,517205286,445375.813,517199646,445370.969,5640,4.8567,25405.406,21.8768,10053.476,8.6568,0.10607497
928333,8af43bff2fc7c18f5d1dfdfdcc04dcb07d5dc5986f099752cd66f8f7540dbf6d,18/12/25 00:12,225,573,2,0,0,1,1,2,2407443476,2073097.75,2407437716,2073092.75,5760,4.9601,25600,22.0447,10052.356,8.656,3.17258697
928333,c03e46ff4334c3477d4053429c253a25274d4ac72b7fdb2e07868da31f45357b,18/12/25 00:12,222,561,2,0,0,1,1,2,3018280245,2599101.5,3018274605,2599096.75,5640,4.8567,25405.406,21.8768,10053.476,8.6568,3.97756237
928333,9d388b7ba11088f39aec0853b1244bd1f6219f7de734ee411d033830950ed588,18/12/25 00:12,222,561,2,0,0,1,1,2,751225841,646895.625,751220201,646890.75,5640,4.8567,25405.406,21.8768,10053.476,8.6568,0.15407086
928333,0b95e489f182607ee483a625dfcea0eb94aad8012529505fd53994dd2e68c39d,18/12/25 00:12,222,561,2,0,0,1,1,2,4688906085,4037710.75,4688900445,4037706,5640,4.8567,25405.406,21.8768,10053.476,8.6568,6.17915332
928333,4d479b1ca269d0e874a551919272def6a2932fc7f04b9751e0bf44bf705323a5,18/12/25 00:12,222,561,2,0,0,1,1,2,332514351,286334.75,332508711,286329.906,5640,4.8567,25405.406,21.8768,10053.476,8.6568,0.06819623
928333,c6f99d7bc0270d8321cfff12264feb0d0c4147b2fdc1ad3c4a78a78d1b6b12ab,18/12/25 00:12,222,561,2,0,0,1,1,2,966657416,832408.063,966651776,832403.188,5640,4.8567,25405.406,21.8768,10053.476,8.6568,0.19825428
928333,aa3f3982bd84b9e22441f0c9f713b03bd9dc0015f673f1c6c5f289c75d7e53b9,18/12/25 00:12,222,561,2,0,0,1,1,2,976832845,841170.313,976827205,841165.438,5640,4.8567,25405.406,21.8768,10053.476,8.6568,0.436183
928333,6384c6d230c7e375eaee457481b0b45d066c6780cea5937fddbfde55c5aeb8c1,18/12/25 00:12,222,561,2,0,0,1,1,2,997669709,859113.313,997664069,859108.5,5640,4.8567,25405.406,21.8768,10053.476,8.6568,0.44548724
928333,d5ea288ae03ecea8444bf790556f12eaab799e1cd75fb5a28b2d1133060b5cc8,18/12/25 00:12,222,561,2,0,0,1,1,2,145857041,125600.414,145851401,125595.555,5640,4.8567,25405.406,21.8768,10053.476,8.6568,0.0299142
928333,2775b0c29231a9aef4044f903c241e0cbe2975ef47486ede5f35bcf1879c88d9,18/12/25 00:12,222,561,2,0,0,1,1,2,4893519804,4213908,4893514164,4213903,5640,4.8567,25405.406,21.8768,10053.476,8.6568,6.4487982
928333,13529801dfa85f5b9de7b02733580505fe6fc32601a243644773718cb24d1ae1,18/12/25 00:12,222,561,2,0,0,1,1,2,209811743,180673.094,209806103,180668.234,5640,4.8567,25405.406,21.8768,10053.476,8.6568,0.04303083
928333,ea76d7621719ed235c822e647f96dcd81f69276a25f1868f07544e290e59e4f1,18/12/25 00:12,222,561,2,0,0,1,1,2,1467314622,1263534,1467308982,1263529.13,5640,4.8567,25405.406,21.8768,10053.476,8.6568,1.41925328
928333,22c89585d483f6548989ab960a7ae437d7ce3fd14c9297435cdb9af5bdbcd7fa,18/12/25 00:12,222,561,2,0,0,1,1,2,1983706248,1708209.13,1983700608,1708204.25,5640,4.8567,25405.406,21.8768,10053.476,8.6568,2.61417585
928333,747d1a424ee5bf45e75130248bc9bd11883f95dd0a84ec6fb835931292c9ebff,18/12/25 00:12,222,561,2,0,0,1,1,2,500496182,430987.281,500490542,430982.406,5640,4.8567,25405.406,21.8768,10053.476,8.6568,0.10264806
928333,1fc97defe6c97933c34315c7a03c5be3d147c4df3e44cd5e642e2e069c9dc120,18/12/25 00:12,371,1154,1,0,0,1,2,2,756146,651.1324,747050,643.2997,9096,7.8327,24517.52,21.1129,7882.149,6.7873,0.3340308
928333,f0c36c9dd3bf7679437a8d7ec74c768f0b0ae4bbe007ee1dde6b097a55162586,18/12/25 00:12,408,1428,1,0,0,1,1,8,1.97E+10,16949738,1.97E+10,16949728,11067,9.53,27125,23.3579,7750,6.6737,150.709857
928333,8cdb60140261ff292a5c559cf7be96b00564381df6e6736b0a7a46b014bb1554,18/12/25 00:12,189,756,1,0,0,0,1,1,98806,85.0838,93046,80.1238,5760,4.9601,30476.191,26.2435,7619.048,6.5609,0.00020832
928333,58fff884dd921a519449d42bc0eb27d54dce9a59a23c4559378862335defe910,18/12/25 00:12,222,561,1,0,0,1,1,2,2222334,1913.6963,2218104,1910.0537,4230,3.6425,19054.055,16.4078,7540.107,6.4928,0.09034174
928333,91b6fd10f54753a7d1220718c5fff3943f82039d2964f7498a7e27d2eaff3400,18/12/25 00:12,223,562,1,0,0,1,1,2,381936,328.8927,377988,325.493,3948,3.3997,17704.035,15.2453,7024.911,6.0494,0.05760881
928333,6fa1ca1d362684498630faa739d03fd1446ab2cbc185741ba43f49563fa10e3b,18/12/25 00:12,385,892,2,0,0,1,2,1,10271780,8845.2354,10266180,8840.4131,5600,4.8223,14545.454,12.525,6278.027,5.4061,0.00873413
928333,3c11f8067fe232915de8f9daa75525f2406630d58f9aa8c5f2d29807b395c495,18/12/25 00:12,557,1256,2,0,0,1,3,1,8391103,7225.7466,8383228,7218.9653,7875,6.7813,14138.24,12.1745,6269.9043,5.3992,0.011058
928333,222c94449141d26da88fd0a49280573a9cb1bdf3f14db2b0e05d656cebca2f00,18/12/25 00:12,215,530,2,0,0,1,1,1,775828,668.081,772503,665.2178,3325,2.8632,15465.116,13.3172,6273.585,5.4027,0.0010224
928333,698dd00b8eb613700bce6c76edbbb34461dccc0282258974be5b17b2ec039567,18/12/25 00:12,215,530,2,0,0,1,1,1,2093256,1802.5446,2089931,1799.6814,3325,2.8632,15465.116,13.3172,6273.585,5.4027,0.00235007
928333,877bf906cd67cb3a644787403783d4a605ce5c1a6a61c11f754e1259aab9df80,18/12/25 00:12,214,529,2,0,0,1,1,1,7284922,6273.1919,7281597,6270.3286,3325,2.8632,15537.383,13.3792,6285.4443,5.4121,0.00704631
928333,f9e02652493becf94e4f1a411a6f11d4fdf96f172a998acd6a373da48728df82,18/12/25 00:12,214,529,2,0,0,1,1,1,3252575,2800.8574,3249250,2797.9941,3325,2.8632,15537.383,13.3792,6285.4443,5.4121,0.0036279
928333,1a92ae140f00bbc4744fa4d5a80cef9a939c37298a91bcc85550d05a8122a0ac,18/12/25 00:12,386,893,2,0,0,1,2,1,5469267,4709.6953,5463667,4704.873,5600,4.8223,14507.772,12.4931,6270.9966,5.4001,0.00575706
928333,2ff970ccffc23ed909677a9789c37faf28fa2420055c6d1294665c7304a6f0ae,18/12/25 00:12,215,530,2,0,0,1,1,1,1216970,1047.9572,1213645,1045.094,3325,2.8632,15465.116,13.3172,6273.585,5.4027,0.00034636
928333,b0b0fd318e08f8e892231e0177c49e610d9f1beb34485f97973f54e186225dd8,18/12/25 00:12,214,529,2,0,0,1,1,1,2335814,2011.4161,2332489,2008.553,3325,2.8632,15537.383,13.3792,6285.4443,5.4121,0.00066479
928333,25900c1bab8e8f7e2cfeb1a15f499e82fe10ef5eb6cbecb23f410c57f8a59e1a,18/12/25 00:12,188,752,1,0,0,0,1,1,79521,68.4771,75020,64.6012,4501,3.8759,23941.49,20.6161,5985.3726,5.1538,4.37E-05
928333,94318f5a1247877d6ec4de4635354a59c603f28bd18e8643117065d4a389b679,18/12/25 00:12,192,438,1,0,0,1,1,1,679382,585.0294,676756,582.7681,2626,2.2613,13677.083,11.7775,5995.4336,5.1624,0.00520183
928333,8718da0792d4af7f3ba8a4b657a229f701c40f956c4eb8496d9851755639b126,18/12/25 00:12,489,981,1,0,0,1,3,1,1165738,1003.8403,1160000,998.8992,5738,4.9411,11734.151,10.1044,5849.1333,5.0367,0.00024025
928333,8122ce652d0d614e2f5bf68a5da4e3740dfecd7a2076b3abb5d40e344cbb8a39,18/12/25 00:12,340,709,1,0,0,1,2,1,95254,82.0251,91533,78.8209,3721,3.2042,10944.117,9.4241,5248.237,4.5192,0.0062394
928333,4dfc4bdd28b86575c09deb747427e2858ad4ee9acbde62d3c21e144b52e8e1ea,18/12/25 00:12,189,756,1,0,0,0,1,1,336334,289.6239,332398,286.2346,3936,3.3894,20825.396,17.9328,5206.349,4.483,6.90E-05
928333,d1d90428e2cff4d0d38665c432583cd9847a46c3d42dd996910dfecdd4775cd9,18/12/25 00:12,700,1447,1,0,0,1,4,2,5704322,4912.106,5697046,4905.8403,7276,6.2655,10394.286,8.9505,5028.3345,4.3297,0.10469925
928333,c27a9317e6a975f41dfba91228f12c1dd610ce0c9181ac46eccd637910be586e,18/12/25 00:12,548,1172,1,0,0,1,3,2,4390064,3780.3718,4384179,3775.3042,5885,5.0677,10739.051,9.2476,5021.331,4.3237,0.00434423
928333,c2b076e3a7359b71a6eed1e81a04485b4faa9d83f25c3e86b6f8e2c3a87c45b4,18/12/25 00:12,465,1176,1,0,0,1,2,2,2804360,2414.8904,2798455,2409.8057,5905,5.0849,12698.925,10.9354,5021.2583,4.3237,0.14146574
928333,25edc9189796de2c1550d6df2a8ef4300d0e6071af1670ff3ca04857c65b64ff,18/12/25 00:12,392,890,1,0,0,1,2,2,2781435,2395.1494,2776961,2391.2966,4474,3.8527,11413.266,9.828,5026.9663,4.3289,0.13129836
928333,279c2716389e7d39d452b017af67e527a5f2b0fc193f94df13fc1e44d11a521f,18/12/25 00:12,275,755,1,0,0,1,1,2,1491099,1284.0151,1487310,1280.7524,3789,3.2628,13778.182,11.8645,5018.543,4.322,0.01283087
928333,6da485e8cd4967898f33dc142d07578a59b55ce0a00bbeba2f5a03d12ae11efd,18/12/25 00:12,275,755,1,0,0,1,1,2,1517203,1306.4939,1513414,1303.2311,3789,3.2628,13778.182,11.8645,5018.543,4.322,0.15160019
928333,4157f088c0bcdbf41308d78e222c073f0a45b89619e2dbfab534fc0bc671aa97,18/12/25 00:12,240,615,1,0,0,1,1,2,1476864,1271.7571,1473781,1269.1023,3083,2.6548,12845.833,11.0619,5013.0083,4.3168,0.00142849
928333,69d261fdef7f48f42da0fed2750ff93452fec4f3503281c438c8712b91df38f3,18/12/25 00:12,239,614,1,0,0,1,1,2,1390347,1197.2556,1387264,1194.6008,3083,2.6548,12899.582,11.1084,5021.173,4.3237,0.00134481
928333,96973b0ac1d051806747ce5a0c556669ccfca44d5f5b8bd52b5575a0728f9807,18/12/25 00:12,223,565,1,0,0,1,1,2,5758547,4958.7998,5755707,4956.3545,2840,2.4456,12735.426,10.9664,5026.549,4.3289,0.00118104
928333,c3bff3445e17ada3e6f4304beea4ada676cbb59273a5573f99f21f9e8dab730a,18/12/25 00:12,223,565,1,0,0,1,1,2,522276774,449742.969,522273934,449740.531,2840,2.4456,12735.426,10.9664,5026.549,4.3289,11.9777287
928333,1fa714362732d3742ddbb3668ad0dbffe690f7f0543f131fe28ced57ebf19a20,18/12/25 00:12,222,561,2,928332,0,1,1,2,245202,211.1483,242382,208.72,2820,2.4284,12702.703,10.9388,5026.738,4.3289,5.03E-05
928333,79df1007fda319834b23e2b14f615f638d04c6fdbcd6b37e1b67aa3f06327423,18/12/25 00:12,224,566,1,0,0,1,1,2,496815057,427817.375,496812217,427814.938,2840,2.4456,12678.571,10.9181,5017.668,4.3211,4.58501646
928333,f2fe13e48443b978d162d1cbb1e7fef657d0e2775fcea2a937f7edd7b4863535,18/12/25 00:12,223,562,1,0,0,1,1,2,435823515,375296.344,435820695,375293.906,2820,2.4284,12645.74,10.8897,5017.7935,4.3211,0.57433872
928333,b921c1368ae75b7756e1753221775b70c31b6bc964b27e44b43a7aec004d653c,18/12/25 00:12,222,561,1,0,0,1,1,2,44057594,37938.875,44054774,37936.4453,2820,2.4284,12702.703,10.9388,5026.738,4.3289,0.01253908
928333,915f1352123c552d57d8fbb6c80a7499241c0f537593f8e9c4ad160581c4e150,18/12/25 00:12,223,562,1,0,0,1,1,2,2057768,1771.9852,2054948,1769.5568,2820,2.4284,12645.74,10.8897,5017.7935,4.3211,0.00271178
928333,ea4a041206ec2a22d44164fdf8aecab8dbd428a034829f4303c6f2872092a167,18/12/25 00:12,191,437,1,0,0,1,1,1,52000,44.7782,49800,42.8838,2200,1.8945,11518.324,9.9184,5034.3247,4.3349,2.32E-05
928333,1e67da4e46c1fcf5e28b35947bc73b7ead29b45bb65ccad9c08be422f01aefc1,18/12/25 00:12,222,561,1,0,0,1,1,2,140080579,120626.188,140077759,120623.758,2820,2.4284,12702.703,10.9388,5026.738,4.3289,0.02872949
928333,dbb086efe4de24e4f55a1a20ba4922f622079c6de8d9a93252e8da2361a9d2e9,18/12/25 00:12,225,573,1,0,0,1,1,2,464544073,400028.188,464541193,400025.719,2880,2.48,12800,11.0223,5026.178,4.328,8.45174496
928333,258d71384f3b62d9ed643accb9b2d5068d2cfb43703220afe9a917bbd27280fe,18/12/25 00:12,223,562,1,0,0,1,1,2,295309784,254297.156,295306964,254294.734,2820,2.4284,12645.74,10.8897,5017.7935,4.3211,0.38916634
928333,cf4aa1cde590454eda50db218216c03e0a515344dab0abd8f1b56a91a772dd1f,18/12/25 00:12,501,1029,2,0,0,1,3,1,13532856,11653.4131,13527721,11648.9912,5135,4.4219,10249.501,8.8265,4990.2817,4.297,0.52422253
928333,d29ecdd742aa2e2f8028df1012a4cadd68999b59f81bd2c96c35a28f3a95f841,18/12/25 00:12,223,562,1,0,0,1,1,2,42133203,36281.7422,42133034,36281.5977,169,0.1455,757.84753,0.6527,300.71173,0.2592,0.00864121
928333,2d6ecd5054f72d39fe6d84d139ba3d2b7e3c083cd3998b087940857156dee3d6,18/12/25 00:12,192,438,1,0,0,1,1,1,57000,49.0838,52259,45.0013,4741,4.0826,24692.709,21.2636,10824.201,9.3208,0
928333,762ed5c85cd720a5fa842fc383a1f182c38ecd2c049134f28978f88ac2279831,18/12/25 00:12,191,437,2,0,0,1,1,1,44429,38.2587,42357,36.4745,2072,1.7842,10848.168,9.3414,4741.419,4.0826,1.63E-05
928333,e24e6650a764692850f9a7f4e1e42cbedeb79bee69bc30b61591eaf4a3aaf534,18/12/25 00:12,189,756,2,0,0,0,1,1,2324204,2001.4186,2320738,1998.434,3466,2.9846,18338.625,15.7921,4584.6562,3.9482,0.00047668
928333,4341f78a51a36bbfd5dc534e8ffa87badcda13a65f21aa4e4d5e84b8297be210,18/12/25 00:12,191,437,2,0,0,1,1,1,15100,13.0029,13100,11.2807,2000,1.7222,10471.204,9.0168,4576.659,3.9413,3.10E-06
928333,863c6c232c6b1138e87e6242cbbe743eb051ed666dc2ffb7d2bf944b2e0f02b5,18/12/25 00:12,223,562,1,0,0,1,1,2,18556110,15979.0371,18555941,15978.8916,169,0.1455,757.84753,0.6527,300.71173,0.2592,0.00380572
928333,16104213102e6adbb906b449800c6c903153bcad977a54ebd22c6d3b73e2dd4a,18/12/25 00:12,192,438,1,0,0,1,1,1,136466,117.5136,132416,114.0261,4050,3.4875,21093.75,18.1645,9246.575,7.9628,0
928333,3e86a31e742047c7e5d34388aa99458bea7c504a922aa2369c5b2137f77f16b5,18/12/25 00:12,189,756,2,0,0,0,1,1,3688027,3175.8337,3684971,3173.2021,3056,2.6316,16169.3125,13.9234,4042.3281,3.4806,0.00356723
928333,7bc23c55c949d30a3d59f29f5d16d3b3aa50bc6547d1e936c2d8b80e776ee9f5,18/12/25 00:12,222,561,2,0,0,1,1,2,2056008,1770.4696,2053764,1768.5372,2244,1.9324,10108.108,8.7042,4000,3.4445,0.00270946
928333,98bb0274d751fa2c7c083d0ec90af309e002cfbd33cbbbc07ccbc7fc4c9c4ac0,18/12/25 00:12,372,834,1,0,0,1,2,2,152566,131.3776,149321,128.5833,3245,2.7943,8723.118,7.5115,3890.8872,3.3506,0.00010937
928333,f93f33b236d1f1db16c4add92a496872c1ce34e7d2ea760e0927d1926ce1d90e,18/12/25 00:12,222,561,2,928332,0,1,1,2,4942670,4256.2319,4940555,4254.4106,2115,1.8213,9527.027,8.2039,3770.0535,3.2464,0.00408285
928333,e9b256812cc5747d50df87dc7848056cd230b991ff56dc385859e3956f1cc917,18/12/25 00:12,371,833,2,0,0,1,2,2,1430167,1231.5454,1427032,1228.8458,3135,2.6996,8450.135,7.2765,3763.5054,3.2413,0.0011837
928333,a6ee3801adef60c65cac036323298aa9ed48b8db22e9bf4edf816241dda5f429,18/12/25 00:12,222,561,1,0,0,1,1,2,2241860,1930.5105,2239745,1928.6892,2115,1.8213,9527.027,8.2039,3770.0535,3.2464,0.00063805
928333,449f986d4b4ccf6539c37c620c5689b4648d79a7b0f29c105b94e5758f12baeb,18/12/25 00:12,284,809,2,928332,0,1,1,4,710771,612.0591,707726,609.437,3045,2.6221,10721.831,9.2329,3763.906,3.2413,0.00020229
928333,e1d2d8964ed26a93e577d7bc76815ebc43df7d08de0037014ebbdb15dcf9f9b0,18/12/25 00:12,222,888,1,0,0,0,1,2,104103932,89645.9766,104100704,89643.1953,3228,2.7797,14540.541,12.5215,3635.1353,3.1302,0.21948579
928333,1cd3e1d77a37d767049f022385e49c2440c5f8bd4a4a40ad3094523ec9e6e82a,18/12/25 00:12,222,561,2,0,0,1,1,2,475516,409.4763,473503,407.7429,2013,1.7334,9067.567,7.8086,3588.2354,3.0897,0.00935974
928333,615e98903fb3e356c74ac6068e2d4034f8302e11cfca8a6cdcb816970933f217,18/12/25 00:12,222,561,2,0,0,1,1,2,927403,798.6053,925403,796.8831,2000,1.7222,9009.009,7.7578,3565.0625,3.0699,0.0001902
928333,0b7aecc4606af7235fab19babccd37b69f9401eda5d83ff372cbbdc56fe4c44f,18/12/25 00:12,222,561,2,0,0,1,1,2,938649,808.2894,936649,806.5672,2000,1.7222,9009.009,7.7578,3565.0625,3.0699,0.00019251
928333,74e87c9f72040a0a479fea309af089560a714677af8e6a93c8dd149cce56366c,18/12/25 00:12,222,561,2,0,0,1,1,2,2960000,2548.9153,2958000,2547.1929,2000,1.7222,9009.009,7.7578,3565.0625,3.0699,0.00747297
928333,09d2879266f1d4210f6d44ea4dce734678edc252ae65458ce2ca536ebf2f0c72,18/12/25 00:12,222,561,2,0,0,1,1,2,1084652,934.0155,1082652,932.2933,2000,1.7222,9009.009,7.7578,3565.0625,3.0699,0.00022245
928333,f130b707e3b97a3a378759a1f0179e4d32017d5de4a798d54ce70c265527da79,18/12/25 00:12,222,561,2,0,0,1,1,2,1167852,1005.6607,1165852,1003.9385,2000,1.7222,9009.009,7.7578,3565.0625,3.0699,0.00023952
928333,236bb524dd7ebebc318f44fa8bf0982decb72ba744b6caf1d744837e632c39c0,18/12/25 00:12,222,561,2,0,0,1,1,2,867728,747.218,865728,745.4957,2000,1.7222,9009.009,7.7578,3565.0625,3.0699,0.00017796
928333,a6e9781d2b487909f27bf2ccdb5e7175c60c45a24c268ab0653246f61d6c8ee2,18/12/25 00:12,222,561,2,0,0,1,1,2,916441,789.1656,914441,787.4434,2000,1.7222,9009.009,7.7578,3565.0625,3.0699,0.00018796
928333,15da9ce626fb94c5976eb953c62a2bc9b29f2ba69429517222f71945b7fa1a42,18/12/25 00:12,287,1148,1,0,0,0,1,4,199998590,172222.781,199994546,172219.297,4044,3.4824,14090.593,12.134,3522.6482,3.0337,0.42166369
928333,e2d5be0488f4257af8eb53732f8391f636f2fef5083ac670967d601e537b4203,18/12/25 00:12,191,764,1,0,0,0,1,1,3564239,3069.2375,3561551,3066.9229,2688,2.3147,14073.299,12.1185,3518.3247,3.0294,0.0025552
928333,5a21367015704e216d21d6169909224303f549475187114220ea425887917d60,18/12/25 00:12,234,609,2,0,0,1,1,2,52117297,44879.2461,52115146,44877.3945,2151,1.8523,9192.308,7.9154,3532.0198,3.0415,0.06048984
928333,1b4b92621539c223ed6594984403eb0714aa7bde64c60c2b68e8d9e25036ff7c,18/12/25 00:12,234,609,2,0,0,1,1,2,76432900,65817.8984,76430749,65816.0469,2151,1.8523,9192.308,7.9154,3532.0198,3.0415,0.10072512
928333,409e501fee0e3a9973a30bd579684d02276fde2936cf64dba823cb482bafb756,18/12/25 00:12,333,672,1,0,0,1,1,2,2576360,2218.5552,2574000,2216.5229,2360,2.0322,7087.087,6.1028,3511.9048,3.0243,0.0815081
928333,63b3e0404fa272bffa724460571974a6113898041b53db529e1a369619c24ce2,18/12/25 00:12,225,573,1,0,0,1,1,2,102143091,87957.4609,102141091,87955.7344,2000,1.7222,8888.889,7.6545,3490.4014,3.0053,0.69981022
928333,3ff0aebaaa4cad24c1d41ef81a2b7266cfea62df1f379427dac13800d4d8d11d,18/12/25 00:12,333,672,1,0,0,1,1,2,1003330,863.9875,1001000,861.9811,2330,2.0064,6996.997,6.0253,3467.262,2.9855,0.00062
928333,040402846e9c436c703c779d7edd240d6141a2af2340cdd07bf2f8208f77801f,18/12/25 00:12,333,672,1,0,0,1,1,2,262330,225.8976,260000,223.8912,2330,2.0064,6996.997,6.0253,3467.262,2.9855,5.38E-05
928333,e5ced5a23b35eebf272782bfacd9736c72a74d638fb32fcf32b65351d9c75bb4,18/12/25 00:12,333,672,1,0,0,1,1,2,2043330,1759.5524,2041000,1757.5459,2330,2.0064,6996.997,6.0253,3467.262,2.9855,0.06211156
928333,08a13a211ae330b1e0732e667a902bd8a9926589a2b269d36ac81a17eb3a4dd9,18/12/25 00:12,333,672,1,0,0,1,1,2,303730,261.548,301400,259.5416,2330,2.0064,6996.997,6.0253,3467.262,2.9855,0.00106031
928333,7bf54510fd529c2126f3c261c172000def3149d58a6f2ff3dc4277c44c8ff334,18/12/25 00:12,388,1150,1,0,0,1,2,4,433308,373.1302,429369,369.7382,3939,3.392,10152.062,8.7421,3425.2173,2.9493,0.04076197
928333,2d4fd51b8b8cde90f9d1b26afd3638f7c458e67f4c2bd0d4011b763a45ea6f36,18/12/25 00:12,253,685,1,0,0,1,1,3,1454058,1252.1184,1451728,1250.1121,2330,2.0064,9209.486,7.9301,3401.46,2.9287,0.07757803
928333,c5c8767343a4893e06f42df60c66aeeee5d08b062ddc2a765fb54cbf2a95b84d,18/12/25 00:12,253,685,1,0,0,1,1,3,1150000,990.288,1147670,988.2816,2330,2.0064,9209.486,7.9301,3401.46,2.9287,0.05823512
928333,440bbbc8e00fa5f76c0792fa4ac8690aeb1c64f61d7ac83f03253c45b1a495d6,18/12/25 00:12,191,437,2,0,0,1,1,1,10955,9.4336,9476,8.16,1479,1.2736,7743.4556,6.6677,3384.4395,2.914,0.00106906
928333,abc62161bd372c2658236380cc569e505e95243e21178e89e8bbe10494b47f2f,18/12/25 00:12,191,437,2,0,0,1,1,1,59452,51.1953,57976,49.9243,1476,1.271,7727.7485,6.6547,3377.5745,2.9089,1.22E-05
928333,468f558b4a53b909414b40f787cb6b22ea4baeef3bfd4eff6cc088aa75b28e24,18/12/25 00:12,234,609,2,928332,0,1,1,2,96899036,83441.6953,96897036,83439.9766,2000,1.7222,8547.009,7.36,3284.0723,2.8279,25.5931551
928333,61a46ea162bb006de1633e1868c2b190895e10134bccc3710df025faf3fa271f,18/12/25 00:12,223,562,1,0,0,1,1,2,18419475,15861.3779,18419137,15861.0869,338,0.2911,1515.6951,1.3055,601.42346,0.5175,0
928333,fcccf02da1f1effce8825f8bf19c02609a0fcaa48d8c673155ea1c1218fcbeff,18/12/25 00:12,191,437,1,0,0,1,1,1,106859,92.0184,103918,89.4859,2941,2.5326,15397.905,13.2595,6729.977,5.7953,0
928333,27babdfd32ea3d0f66e0333dfbf808108540f1171c586edb19bec9cdac37e9c1,18/12/25 00:12,225,573,1,0,0,1,1,2,18312278,15769.0684,18311760,15768.623,518,0.4461,2302.2222,1.9823,904.014,0.7785,0
928333,8a46f918be9e5f929f98fb78b690f0acabc76afd9e799915a2c741f394dedd75,18/12/25 00:12,188,752,1,0,0,0,1,1,51089,43.9938,46419,39.9723,4670,4.0214,24840.426,21.3902,6210.1064,5.3476,0
928333,f0929f3be5009486ab886195c6a2b51c45e5d79600491c13ccb4dca35b2c4631,18/12/25 00:12,250,670,2,0,0,1,1,2,904974708,779291.813,904972608,779290,2100,1.8084,8400,7.2334,3134.3284,2.6988,0.25756167
928333,f50d210da4697675f821c990b6e8048ea229bfb8c8d5534135184ba1517f4411,18/12/25 00:12,351,756,1,0,0,1,2,1,899266,774.3759,896936,772.3695,2330,2.0064,6638.177,5.7161,3082.0105,2.654,0.0086734
928333,462be987a381b0fb042288950a2b436c16ac0ee9a0b0cb65a2b2f31fb656d188,18/12/25 00:12,351,756,1,0,0,1,2,1,1684660,1450.6945,1682330,1448.688,2330,2.0064,6638.177,5.7161,3082.0105,2.654,0.00539
928333,33aa75e786a3400084237edbb3bdf9c42d9008979ac4d0264d2495683fb45508,18/12/25 00:12,246,657,2,0,0,1,1,2,13541025,11660.4473,13539025,11658.7256,2000,1.7222,8130.0815,7.0009,3044.1401,2.6212,0.01784469
928333,4548dbac2d77bbc4a45f8881fb35dc267b07557747e966688e5e67589eead937,18/12/25 00:12,246,657,2,0,0,1,1,2,2191620,1887.2478,2189620,1885.5256,2000,1.7222,8130.0815,7.0009,3044.1401,2.6212,0.00080638
928333,20150c23727c62aa5eb2ed1a62ef10eda7ec49062b806ec2c7da5dbda63c8d3c,18/12/25 00:12,246,657,2,0,0,1,1,2,13597636,11709.1963,13595636,11707.4736,2000,1.7222,8130.0815,7.0009,3044.1401,2.6212,0.01791929
928333,3705bea76f4f3c5cbe13357ab6f8f0dddc486525184470e485807f241ba43a52,18/12/25 00:12,246,657,2,0,0,1,1,2,1561361,1344.5192,1559361,1342.797,2000,1.7222,8130.0815,7.0009,3044.1401,2.6212,0.00044437
928333,dcf095794330c7def80fe48d4cfac8f72098f78e0f203128d754ef81029b667d,18/12/25 00:12,247,658,2,0,0,1,1,2,11758279,10125.2891,11756279,10123.5674,2000,1.7222,8097.166,6.9725,3039.5137,2.6178,0.01364722
928333,1473cdb1616d6529e605fe5061d548b8865ca1adcb9f8dddaf99b88d257d8a85,18/12/25 00:12,246,657,2,0,0,1,1,2,1549270,1334.1074,1547270,1332.3851,2000,1.7222,8130.0815,7.0009,3044.1401,2.6212,0.00063997
928333,a5520ec6b6d18d8e4b9f2b78f05fa87cf1dfcf83863e1302bacd5d0c10ad709e,18/12/25 00:12,246,657,2,0,0,1,1,2,11190807,9636.6279,11188807,9634.9053,2000,1.7222,8130.0815,7.0009,3044.1401,2.6212,0.00924407
928333,641d0885cb6bd2fb9962a2dfd1d0f7b7b682b50defb60d7b846d02279927529f,18/12/25 00:12,246,657,2,0,0,1,1,2,10315011,8882.4619,10313011,8880.7402,2000,1.7222,8130.0815,7.0009,3044.1401,2.6212,0.00989358
928333,c42fe1469e68a0c8270a1afdd61245839c29331b3fccfbf89e0cfe7d790d8fab,18/12/25 00:12,246,657,2,0,0,1,1,2,11385601,9804.3691,11383601,9802.6465,2000,1.7222,8130.0815,7.0009,3044.1401,2.6212,0.01500422
928333,d009efed96744760d733fe54130e9069b14599a6b7d53afe269e248878f488b6,18/12/25 00:12,247,658,2,0,0,1,1,2,2627982,2263.0078,2625982,2261.2856,2000,1.7222,8097.166,6.9725,3039.5137,2.6178,0.00091006
928333,4c10b3a12ac96430eb49176bec7221591fdda88221943d3f06dc4c528e7f61c1,18/12/25 00:12,247,658,2,0,0,1,1,2,12067215,10391.3203,12065215,10389.5977,2000,1.7222,8097.166,6.9725,3039.5137,2.6178,0.00498471
928333,375bfbe25c58812d2e10314a60ef044fe09791d58045cde5575d29a6414632c4,18/12/25 00:12,246,657,2,0,0,1,1,2,1932972,1664.5209,1930972,1662.7986,2000,1.7222,8130.0815,7.0009,3044.1401,2.6212,0.00071122
928333,e0949ee82f90d0fd795168e0dd447ca24114958d8e6d7df5fa73387592b008e1,18/12/25 00:12,247,658,2,0,0,1,1,2,11929120,10272.4043,11927120,10270.6816,2000,1.7222,8097.166,6.9725,3039.5137,2.6178,0.01572048
928333,9d3136d8858550c75d6991c19313f57e1e13c0ba02267d730bf9d26baf2169f2,18/12/25 00:12,247,658,2,0,0,1,1,2,8317111,7162.0308,8315111,7160.3086,2000,1.7222,8097.166,6.9725,3039.5137,2.6178,0.00371382
928333,2050e261c5f6296487d9f29ce8b7685f83c757fa249f57b6e173a4405067a1e5,18/12/25 00:12,248,662,2,0,0,1,1,2,11277235,9711.0527,11275235,9709.3301,2000,1.7222,8064.516,6.9449,3021.148,2.6014,0.01486141
928333,8d581fa7cc002fd01a7c1e1ba89eef32f0b60d23b50bceb663fd65b47b04923a,18/12/25 00:12,223,562,2,0,0,1,1,2,43262118,37253.875,43260426,37252.418,1692,1.457,7587.444,6.5333,3010.6763,2.5928,0.01231268
928333,f6577613adfaecb69f5938fa3b903f4a2227d33d0c6b899c035b0e238408aa61,18/12/25 00:12,191,437,2,0,0,1,1,1,61698,53.1294,60399,52.0108,1299,1.1186,6801.0474,5.8565,2972.54,2.5601,1.27E-05
928333,824e8e3401e81b9bcca17b583802980b58f54dba8e367aa5fea8e4d4817b5861,18/12/25 00:12,258,705,2,0,0,1,1,2,2196347,1891.3184,2194347,1889.5961,2000,1.7222,7751.938,6.6754,2836.8794,2.443,0.00076059
928333,7cda7cbf72dffcd37c9f65cd313f68466f41d0a1f165c51f5baba9ee07f55aa3,18/12/25 00:12,401,956,1,0,0,1,2,3,1093560,941.6864,1091170,939.6283,2390,2.0581,5960.0996,5.1323,2500,2.1528,0.03050281
928333,153563a17895773e09c393f4033653aea62cc4f5f76f8faa77ee9ab239c49b66,18/12/25 00:12,351,756,1,0,0,1,2,1,329780,283.9802,327390,281.9221,2390,2.0581,6809.1167,5.8634,3161.3757,2.722,0.00982454
928333,28b9c1d3fe10a3ab6d711b76fc4b1828e9645381bd3af1d6a6a0ff713da770c7,18/12/25 00:12,192,438,1,0,0,1,1,1,210346,181.1331,209124,180.0809,1222,1.0523,6364.5835,5.481,2789.9543,2.4025,0.00012998
928333,3156f717000c8ee6859e902cb60b37e4d15caf4eb49cb62e8a1575df35441985,18/12/25 00:12,226,574,2,0,0,1,1,2,927997744,799117.438,927996176,799116.063,1568,1.3502,6938.053,5.9745,2731.7073,2.3526,3.05143703
928333,d3ba35e55a76d273071e33412374eba090f1408f5de6b9545e681df940471133,18/12/25 00:12,192,438,2,0,0,1,1,1,23259,20.0288,22062,18.998,1197,1.0308,6234.375,5.3682,2732.8767,2.3534,4.77E-06
928333,596d15da9c36e09aac3ee7ced88bf0b1e3d2d4760f943712ee270e4de9491c43,18/12/25 00:12,697,1498,1,0,0,1,4,3,1180054,1016.1681,1177004,1013.5417,3050,2.6264,4375.8965,3.7683,2036.0481,1.7532,0.07019593
928333,bd9454cbab098fd1b9b11af50f79e0beb242dc6d8200dc768d5422990a2c420a,18/12/25 00:12,351,756,1,0,0,1,2,1,1180970,1016.9569,1177920,1014.3304,3050,2.6264,8689.459,7.4823,4034.3916,3.4738,0.00908292
928333,732ab0a2f3ea8a3cd942efc0a7292fb0d1862ff2cdadc617216484b7c5f3c319,18/12/25 00:12,845,1769,1,0,0,1,5,3,546411,470.5255,543021,467.6062,3390,2.9192,4011.8342,3.4548,1916.3369,1.6499,0.07165125
928333,913552cb7e6472bfdfc2d628b578c869e5b847834e6e5feaf8513765fde0bc81,18/12/25 00:12,351,756,1,0,0,1,2,1,461780,397.648,458390,394.7288,3390,2.9192,9658.12,8.3167,4484.127,3.8613,0.00050884
928333,868892176760a0396d9e8839c68f5d4cc53ec0d98d4a210b3100e733bb9888b2,18/12/25 00:12,401,956,1,0,0,1,2,3,1002154,862.9749,999704,860.8651,2450,2.1097,6109.7256,5.2614,2562.7615,2.2071,0.08317657
928333,a483cefe07b6692b06e81bf0ed70f6e16872d1acee9c6b5edc9392f6f72e449b,18/12/25 00:12,814,1645,2,928332,0,1,5,2,174321818,150112,174317600,150108.375,4218,3.6322,5181.8184,4.4623,2564.1338,2.2079,0.57314923
928333,0b7d395806ba14348ab307436f29d95fe8cd8ff9bc9b4c0f61ac57e59ff82813,18/12/25 00:12,253,685,1,0,0,1,1,3,364000,313.4477,362250,311.9407,1750,1.507,6916.996,5.9564,2554.7446,2.2002,0.0073057
928333,522f714db89c3243e6099aebf0198466cfe0d62aaa054d207a84a7fb683a7116,18/12/25 00:12,253,685,1,0,0,1,1,3,600000,516.672,598250,515.165,1750,1.507,6916.996,5.9564,2554.7446,2.2002,0.47110986
928333,498b9745af18a08d22d650a790432b5a9dc016baeb23a03fe2589330dbd7115b,18/12/25 00:12,253,685,1,0,0,1,1,3,233250,200.8562,231500,199.3493,1750,1.507,6916.996,5.9564,2554.7446,2.2002,0.26914137
928333,8d55f309d41110d5eb9e66dcce04d348c6b59da8dd9238dc2b207a814ee9289d,18/12/25 00:12,253,685,1,0,0,1,1,3,671260,578.0354,669510,576.5284,1750,1.507,6916.996,5.9564,2554.7446,2.2002,0.00117152
928333,46c3662de2e3b8068208a50d8d5490eb4ac9fb017e2b9bfde52af5030b5f5773,18/12/25 00:12,2119,3874,2,0,0,1,7,1,422443824,363774.813,422434084,363766.438,9740,8.3873,4596.508,3.9586,2514.1973,2.1649,0.28369306
928333,ef93154880bda94536ac120352417bb536107166dab03d5f2f2abf9c701d38f1,18/12/25 00:12,222,888,2,928331,0,0,1,2,951342436,819220,951340206,819218.063,2230,1.9203,10045.045,8.65,2511.2612,2.1623,0.19511329
928333,bfe2654703380d8f7808d87329c90896dd5caa391f54952c5a05e9532102b694,18/12/25 00:12,224,566,1,928332,0,1,1,2,224611056,193417.078,224609636,193415.844,1420,1.2228,6339.2856,5.4586,2508.834,2.1606,0.04606606
928333,a01f39ea2601a39df1eab3eb68c659be1c7cb954549c4b9a04dfb5bf9e593b02,18/12/25 00:12,223,562,1,928332,0,1,1,2,224319636,193166.125,224318226,193164.906,1410,1.2142,6322.87,5.4449,2508.8967,2.1606,0
928333,9bf7f9ff731a5a64fe4dbf3f20dde3974b39ba94619ccce5da9842dd0c111d12,18/12/25 00:12,194,449,2,928332,0,1,1,1,2260000,1946.1312,2258870,1945.1581,1130,0.9731,5824.742,5.016,2516.7039,2.1674,0.00046351
928333,a98242a9f2398122b1f37547eec6fcd71b6926354c30c2ab80307550fb708118,18/12/25 00:12,666,1374,2,928332,0,1,4,2,1431400,1232.6072,1427960,1229.6449,3440,2.9623,5165.165,4.4477,2503.639,2.1562,0.0011998
928333,06c53eb1ac89019e3b8ed7638e763fd6998fbda2e0d81f65118670e174b2b523,18/12/25 00:12,222,561,2,928332,0,1,1,2,152239756,131096.703,152238346,131095.484,1410,1.2142,6351.3516,5.469,2513.369,2.164,0.08366138
928333,f2f4c678603c396054194591b04c0e0a9ee0b18c1998fdcca9e4b2bd54f64466,18/12/25 00:12,192,438,1,0,0,1,1,1,118996,102.4698,117896,101.5226,1100,0.9472,5729.1665,4.9334,2511.4155,2.1623,7.02E-05
928333,39c69b1a6af560de71e687ce9c17490e39ba52ff9cb8a0819fa107fffed8bf7b,18/12/25 00:12,222,561,2,928332,0,1,1,2,235320,202.6388,233910,201.4246,1410,1.2142,6351.3516,5.469,2513.369,2.164,0.00282572
928333,5c2e00f6ef328e99fbb1c82ca4c67a95318041c9b0c2b5a996b47d4ecbd19d82,18/12/25 00:12,223,562,1,0,0,1,1,2,533097,459.0605,531687,457.8463,1410,1.2142,6322.87,5.4449,2508.8967,2.1606,0.00010933
928333,471c46568bb7d398c6fcb6dbe8c48c702c7f33698bf92436c97380b020c6308a,18/12/25 00:12,360,699,2,0,0,1,1,2,9889,8.5156,9889,8.5156,0,0,0,0,0,0,2.03E-06
928333,dad0a491c4295b3a77a5de47331c7083303eb54a9a5b9b9465db7066250a9497,18/12/25 00:12,222,561,2,928332,0,1,1,2,58542310,50411.9531,58540900,50410.7383,1410,1.2142,6351.3516,5.469,2513.369,2.164,0.18332416
928333,b016fdffad5e79aa961b111dc330f3e046b7e1e923e07789e37a29c135661fa3,18/12/25 00:12,224,566,1,0,0,1,1,2,9064458,7805.5859,9063038,7804.3633,1420,1.2228,6339.2856,5.4586,2508.834,2.1606,0.12110913
928333,e78c95d78b9f03ab8b71a2b8476f9236d9d58d8ae8a97ee7659e46bd5e1cb4d8,18/12/25 00:12,191,437,1,0,0,1,1,1,2300000,1980.576,2298900,1979.6288,1100,0.9472,5759.162,4.9592,2517.1624,2.1674,0.00385756
928333,c8bce09d18b0bad20a9a505c8b0c0e287b07de392a6a1f0645f630cb3c0dcaf2,18/12/25 00:12,346,721,1,928332,0,1,1,2,141174618,121568.289,141172808,121566.727,1810,1.5586,5231.214,4.5045,2510.402,2.1614,0.11661612
928333,2b1ef00f59d516547d55cddb7e39dfbef41df60f0dd8fe5c079bf87a6cd9e64b,18/12/25 00:12,254,689,2,0,0,1,1,3,1707324,1470.2108,1705614,1468.7383,1710,1.4725,6732.2837,5.7971,2481.8577,2.1373,0.00116549
928333,31f6755d7c32f64f45efc78b2e1fda1257ad785acb4657dad06c9a23a3439c64,18/12/25 00:12,222,561,1,0,0,1,1,2,32086229,27630.0938,32086060,27629.9473,169,0.1455,761.2613,0.6553,301.24777,0.2592,0.00658065
928333,1dbd887d363ba47ba4f4745bdf0205fb38793790dcf7caa488b72fff269941ce,18/12/25 00:12,371,833,1,0,0,1,2,2,84288,72.5821,80999,69.7499,3289,2.8322,8865.2295,7.6338,3948.3794,3.3997,1.19E-05
928333,668efa8494f469cca674da7d696a41cbadd1ecef584c5e1082940f93306df797,18/12/25 00:12,224,566,2,0,0,1,1,2,1698156,1462.316,1696756,1461.1105,1400,1.2056,6250,5.382,2473.4983,2.1295,0.00048331
928333,66a33e0f3a778e77ca0f6d4d253d35b35b69551a9640f8133d5323406c183678,18/12/25 00:12,204,486,1,0,0,1,1,1,61200,52.7005,60000,51.6672,1200,1.0333,5882.353,5.0651,2469.1357,2.1261,0.2205026
928333,eafd44446f0cffdbd30c1a8df3d5a8395fd0b55ed7f0bf98885b258841550310,18/12/25 00:12,223,562,2,0,0,1,1,2,763081,657.1043,761704,655.9185,1377,1.1858,6174.8877,5.3174,2450.178,2.1097,0.01531549
928333,bf0142b87e35d947b655a3257948bd319890680bfc03d0576d5d57e6acfd5c1b,18/12/25 00:12,222,561,2,0,0,1,1,2,624309,537.605,622932,536.4192,1377,1.1858,6202.7026,5.3415,2454.5454,2.114,0.00044757
928333,04287b0dc669783a5bdcf30a41e1a27228959e5cb6c453d5909a490e3ad4c32a,18/12/25 00:12,222,561,2,0,0,1,1,2,271666,233.937,270289,232.7513,1377,1.1858,6202.7026,5.3415,2454.5454,2.114,0.00140106
928333,5def3d29a78e6d1b62bb24822b0e8f8cfafa812c3d3b995a182e14cefba98aa3,18/12/25 00:12,223,562,2,0,0,1,1,2,9302556,8010.6172,9301179,8009.4312,1377,1.1858,6174.8877,5.3174,2450.178,2.1097,0.00190789
928333,38ec0df85f731d29a82bde77029c9ba32e3d11ce2f3a6e45fb6c2e58f0cd6e25,18/12/25 00:12,205,616,2,0,0,1,1,2,7491884,6451.4111,7490394,6450.1279,1490,1.2831,7268.2925,6.2586,2418.831,2.083,0.1112961
928333,aa9d99b4c266b3fae2b05183219221feb4274b0032f474e47fd9ee2f50addc6d,18/12/25 00:12,205,616,2,0,0,1,1,2,7491832,6451.3662,7490342,6450.0835,1490,1.2831,7268.2925,6.2586,2418.831,2.083,0.08560112
928333,c9709ce7be77dabde3be01b12c9d8614136d0b676374d70888137d9c7e175c64,18/12/25 00:12,253,685,2,0,0,1,1,3,168447,145.0531,166791,143.6271,1656,1.426,6545.4546,5.636,2417.5183,2.0822,4.79E-05
928333,9bb5c4ff4b81af0dc82fe2d96d6e072c410e17c104152f71fbbdef0fa7252371,18/12/25 00:12,373,844,2,0,0,1,2,2,1140230,981.8749,1138216,980.1406,2014,1.7343,5399.464,4.6492,2386.2559,2.0546,0.02189933
928333,730fc625b1c255cadbac8e296ce780fffd4ad9441204951cdf4a2823658feca2,18/12/25 00:12,189,756,1,0,0,0,1,1,150768,129.8293,148972,128.2828,1796,1.5466,9502.6455,8.1832,2375.6614,2.046,3.09E-05
928333,5d3275bb95d35b0cc90ff42ef39c1368f86a34c54bf79eade1c7d8256b255909,18/12/25 00:12,215,530,1,0,0,1,1,1,5919,5.097,4679,4.0292,1240,1.0678,5767.442,4.9661,2339.6226,2.015,1.21E-06
928333,55e197a546b7e8755bda5f3bdf61bdc9d9a63ec408f880b7b5c67f88892f5dd4,18/12/25 00:12,315,570,2,0,0,1,1,1,1866,1.6068,546,0.4702,1320,1.1367,4190.476,3.6081,2315.7896,1.9944,0
928333,c8351141e4283425c0168599d15c5e42e4620b32ecfd2050b906b9a9804e0fc2,18/12/25 00:12,222,561,2,928332,0,1,1,2,87600,75.4341,86300,74.3147,1300,1.1195,5855.856,5.0427,2317.2905,1.9952,2.49E-05
928333,9d832c735cfd9abfaf80bc6758f6176610e3b974b689784a69b9a4bc22ce579f,18/12/25 00:12,760,1747,2,0,0,1,4,2,14276427,12293.7168,14274427,12291.9941,2000,1.7222,2631.5789,2.2665,1144.8197,0.986,0.00480654
928333,63fe5db0f51641fa1159518594c93f463fd3fe540f6aa76aab5d56440b87ad95,18/12/25 00:12,191,437,2,0,0,1,1,1,13907194,11975.7627,13904163,11973.1533,3031,2.6101,15869.11,13.6651,6935.927,5.9727,0
928333,353c86b4cf9a5bec75287e002b5c7dbd9c362615eda0753a2b497c71ed54c0d8,18/12/25 00:12,215,530,2,0,0,1,1,1,60000,51.6672,58780,50.6166,1220,1.0506,5674.4185,4.886,2301.8867,1.9823,1.23E-05
928333,cfeced24e44b8775cf7970823c40f2a5c4f365ed3bb2747b292e28bbf240bfde,18/12/25 00:12,318,573,2,0,0,1,1,1,1866,1.6068,546,0.4702,1320,1.1367,4150.9434,3.5745,2303.665,1.984,0
928333,438753e06c8000b70fcef91b9fe40b220af3fa754daf7cad3259572ee7f2eebb,18/12/25 00:12,191,437,1,0,0,1,1,1,114000,98.1677,113000,97.3066,1000,0.8611,5235.602,4.5088,2288.3296,1.9702,0.00039797
928333,b9af632f1b13dac0dd979ee5dad8d54681a8ad1db8dc5ad2f2054ed1e5f99456,18/12/25 00:12,284,809,2,928332,0,1,1,4,1730616,1490.2681,1728789,1488.6948,1827,1.5733,6433.0986,5.5396,2258.3438,1.9444,0.00142956
928333,4d9ab31ff41b6dac874f35e7f9466efa5fbac96fb666b53b1028732df1381ec0,18/12/25 00:12,234,609,1,0,0,1,1,2,11420000,9833.9902,11418623,9832.8047,1377,1.1858,5884.615,5.0677,2261.0837,1.947,0.04699251
928333,695d298834b2e7d87a78de41cfccdd768a90ca2612d88426a2f41d3a57f45718,18/12/25 00:12,192,438,2,0,0,1,1,1,118950,102.4302,118000,101.6122,950,0.8181,4947.9165,4.2608,2168.9497,1.8678,0.00011505
928333,449759134c38a4b688002f465c1d28f465e48c656b584fca151827e75d0c3eba,18/12/25 00:12,371,833,1,0,0,1,2,2,19380550,16688.9785,19378770,16687.4473,1780,1.5328,4797.8438,4.1317,2136.8547,1.8402,0.0255469
928333,440811eed352805290d18ad91d7b1d6bf83987274e3831d4ad8aaa1579a87ae8,18/12/25 00:12,384,1536,2,0,0,0,1,7,37631196,32404.9746,37628028,32402.248,3168,2.728,8250,7.1042,2062.5,1.7756,0.00771788
928333,2e5a6f386b2568e525b5039cc0ea7b42328b62d351cf52306fa8e0c73aa4aff3,18/12/25 00:12,256,697,1,0,0,1,1,3,18290870,15750.6338,18289430,15749.3936,1440,1.24,5625,4.8438,2065.997,1.7791,0.00375132
928333,0befb886bf62aa2c5e82d5281a3c41251e7db7901d6df18180ef0ddb2435c932,18/12/25 00:12,322,1288,2,0,0,0,1,5,65876634,56727.6875,65874010,56725.4258,2624,2.2596,8149.0684,7.0173,2037.2671,1.7541,0.05441684
928333,931858101cbfeed36e94d6e1b6730072a6dc96e6e06b91d9c56bef7a0d88bdf7,18/12/25 00:12,345,1173,2,0,0,1,2,2,7489074,6448.9912,7486684,6446.9331,2390,2.0581,6927.536,5.9658,2037.5106,1.755,0
928333,d8d559802e5fbe21c0d9302b976566500141a64193ce3ed42773609825948186,18/12/25 00:12,637,1255,2,928332,0,1,4,1,59343514,51101.8867,59340990,51099.7148,2524,2.1735,3962.3235,3.4118,2011.1554,1.7317,0.01217092
928333,c90facfbfea6f12b7dd609f9837821283c52e2110bed5862539191e3401aacc1,18/12/25 00:12,293,1172,2,0,0,0,1,4,236678656,203808.719,236676304,203806.703,2352,2.0254,8027.3037,6.9122,2006.8259,1.7283,0.31190083
928333,89179a49242ab373738686a3af58a77492ffb799f7559110addf5fb4b269bf12,18/12/25 00:12,433,1084,1,0,0,1,2,4,720862,620.7487,718692,618.8801,2170,1.8686,5011.5474,4.3159,2001.845,1.724,0.00105602
928333,e275a44bf83a744e8793401d512b5ec943a9b5dcbabbd9470e12f1076fe7e56d,18/12/25 00:12,598,2065,2,928332,0,1,1,14,7788836,6707.1226,7784700,6703.561,4136,3.5616,6916.388,5.9555,2002.9055,1.7248,0.00347793
928333,d3b5d931244217f303813fcbf71f34c25ab3532fd960f0db1f22cf6454019c76,18/12/25 00:12,192,438,2,0,0,1,1,1,21783,18.7578,20903,18,880,0.7578,4583.3335,3.9465,2009.1324,1.73,0.00021226
928333,53ed735e32885dcd48872e8bdb58634653b453af737d67579f497602df64957c,18/12/25 00:12,223,562,1,0,0,1,1,2,61913,53.3145,60785,52.3432,1128,0.9713,5058.296,4.3555,2007.1174,1.7283,0.00013053
928333,493d76b8b0bfff600e0094623b2111717fb26d4bf2dddbaed3c994baf0006b99,18/12/25 00:12,225,900,2,928332,0,0,1,2,4615363,3974.3813,4613563,3972.8313,1800,1.55,8000,6.889,2000,1.7222,0.00973072
928333,e541cbe4d4274ecb33a066054ddef2f195f8ce3a92897e52413d4b69237a5f70,18/12/25 00:12,223,892,1,0,0,0,1,2,2665373978,2295206.75,2665372203,2295205.25,1775,1.5285,7959.641,6.8545,1989.9103,1.7136,19.6882908
928333,9737d1f53d9aeada66bd7b0a88b6b8c443df23a23b68fe461b26aebbb7b61208,18/12/25 00:12,379,754,1,0,0,1,1,2,937961,807.697,936461,806.4053,1500,1.2917,3957.7837,3.4083,1989.3899,1.7128,0.00865627
928333,a0289b7ece7870c581f2505f25ed5654b4c189ffe82f96ae4e90a5c2f693fd2e,18/12/25 00:12,380,755,1,0,0,1,1,2,1092472,940.7495,1090972,939.4578,1500,1.2917,3947.3684,3.3988,1986.755,1.711,0.00126798
928333,304999d4fbd71b3b722bc0604109b61334881075b8d95e020a3107f726f8407d,18/12/25 00:12,381,756,1,0,0,1,1,2,470256,404.9468,468756,403.6552,1500,1.2917,3937.0078,3.3902,1984.127,1.7085,0.0021708
928333,6233e6b0995567f66e862eda2b3558fd0a5f6dd4848ace6416dc6c93419bd852,18/12/25 00:12,353,1205,2,0,0,1,2,2,7489022,6448.9468,7486632,6446.8887,2390,2.0581,6770.538,5.8306,1983.4025,1.7076,0
928333,64e92dc54f826bac68ef3fc6c3e6e7bbfa7e260d9681ac31b0ff031e336726e4,18/12/25 00:12,1243,2710,2,0,0,1,7,1,1302799,1121.8663,1297499,1117.3024,5300,4.5639,4263.878,3.6718,1955.7196,1.6844,0.00027135
928333,e1be51ce4a5b0a0835bae8759f108fdcffffc63a4b24fec4da5838d5f3533793,18/12/25 00:12,225,573,1,0,0,1,1,2,2115257,1821.4901,2114134,1820.5231,1123,0.967,4991.1113,4.2979,1959.8604,1.6878,0.00043382
928333,9bf721205be30eef2bf369f61b0a40aec2d2a688b7ec04e7d4efbb64c9fbb9f7,18/12/25 00:12,419,1025,2,0,0,1,2,2,3554563,3060.9053,3552563,3059.1831,2000,1.7222,4773.2695,4.1101,1951.2195,1.68,0.00125698
928333,6bdaa660191f3d01aa69df72faa348651ea335149e5b6559fbe2e5c786bc6c97,18/12/25 00:12,1415,3077,2,0,0,1,8,1,90225157,77694.6875,90219177,77689.5391,5980,5.1495,4226.1484,3.6391,1943.4514,1.6732,0.08111484
928333,4e218171c40986b6af2e0648397d3266763775d3c55122e8eced2b66e6706922,18/12/25 00:12,318,945,1,0,0,1,1,5,8744344,7529.9297,8742512,7528.3521,1832,1.5776,5761.0063,4.9609,1938.6244,1.6697,0.01152351
928333,21f87b6b4919c5a1c44fdcbb67f5575e346a19c2804904d6ce2bc9c5e6323ce8,18/12/25 00:12,470,1553,2,928253,0,1,1,10,1313395,1130.9907,1310404,1128.415,2991,2.5756,6363.8296,5.4802,1925.9498,1.6585,0.00026937
928333,f68f876f9d099d5c083cd507aba629fb65f3ebcb057fc59af5aaa5b0d1a6ed25,18/12/25 00:12,223,562,2,0,0,1,1,2,15689239,13510.3174,15688159,13509.3877,1080,0.93,4843.0493,4.1704,1921.7081,1.6551,0.03220834
928333,48bbbf63343fb7faf77b1cad47a23f8d4170e635350d9e121bda5f5e0eea9848,18/12/25 00:12,584,1367,1,0,0,1,3,4,4856848,4182.3291,4854238,4180.0815,2610,2.2475,4469.178,3.8483,1909.2904,1.6439,0.01684783
928333,2429517211e91fef2d1615d628315810ae1615c4ef61e8c0b4d7394b5026d836,18/12/25 00:12,222,888,2,0,0,0,1,2,4366675,3760.2312,4364985,3758.7759,1690,1.4553,7612.613,6.5557,1903.1532,1.6387,0.00124278
928333,1ab70d72884a8cbef63bfaefe230086d741029681cdb023d422036710ebd60b3,18/12/25 00:12,341,713,2,0,0,1,2,1,35060,30.1909,33699,29.0189,1361,1.172,3991.2024,3.4367,1908.8359,1.6439,0.0007873
928333,6c2bf8ca1d0a0958680b3c1c8dfb94961d5a5ac7f425dd0cbee898f561c28cfe,18/12/25 00:12,223,565,1,0,0,1,1,2,10079451,8679.6172,10078372,8678.6875,1079,0.9291,4838.565,4.167,1909.7345,1.6447,0.09488567
928333,86c6f3eaaf9656ff055f64fd2201fbe8923c7eda5ee5d3582149360ad2d49f1c,18/12/25 00:12,222,561,1,0,0,1,1,2,1600129,1377.9031,1599065,1376.9868,1064,0.9162,4792.793,4.1273,1896.6132,1.6335,0.02281758
928333,f1e243194ca3b7b33100aa0ff8d267bc5fd52db4490cad5e1321daff26a452e5,18/12/25 00:12,192,438,2,0,0,1,1,1,57000,49.0838,56172,48.3708,828,0.713,4312.5,3.7131,1890.411,1.6275,0.00013761
928333,e7ddce8f67d731fb19963a78a51dd5bdd19695b51ff0249f5e2e69d3f182debf,18/12/25 00:12,392,803,1,0,0,1,1,2,1242471,1069.9166,1240971,1068.625,1500,1.2917,3826.5305,3.2955,1867.995,1.6086,0.04852108
928333,dba72565dde8f9c3a394dd7f26a27fbb58c5e8990594f9d28667d45d5de2bb38,18/12/25 00:12,314,929,1,0,0,1,1,3,26204618,22565.3203,26203394,22564.2676,1224,1.054,3898.089,3.3566,1317.5458,1.135,0.02953176
928333,319075275d31b2969b6f2c00380bd20b0ea1d02670335ccc55611855c0840d68,18/12/25 00:12,308,905,1,0,0,1,1,3,14666094,12629.2666,14664258,12627.6855,1836,1.581,5961.039,5.1331,2028.7292,1.7472,0
928333,fa78550e085c25911ca25b9cf0ef2f91969f9828c37dba1cc51212978473a8ee,18/12/25 00:12,287,818,1,0,0,1,1,3,10068358,8670.0645,10066522,8668.4834,1836,1.581,6397.2124,5.5086,2244.4988,1.9324,0
928333,25061a92d8a43d75bbd85c8fcc4586801fbdfecaa84af1d1713b388d5d454260,18/12/25 00:12,301,547,2,0,0,1,1,1,929000,799.9805,928000,799.1194,1000,0.8611,3322.259,2.8606,1828.1536,1.5741,0.00034182
928333,fbdb020d94dd8a5c75a2dbbd07a4539ab4d9eb94cd4e03d1a426d6ec6b720d28,18/12/25 00:12,278,782,1,0,0,1,1,3,2000779,1722.9108,1999355,1721.6846,1424,1.2262,5122.3022,4.4107,1820.9719,1.5681,0.00082648
928333,3612cd3b76df2f6175a23ac8582af5a234b5a87718739998aa7a20d5c7cd2fa3,18/12/25 00:12,277,781,1,0,0,1,1,3,14234279,12257.4219,14232855,12256.1963,1424,1.2262,5140.7944,4.427,1823.3035,1.5698,0.00405117
928333,c433b1bc268201205714be1486f88ffa20607621b7c58f40fc8fb55e7d2d669a,18/12/25 00:12,222,561,2,0,0,1,1,2,519705,447.5284,518683,446.6483,1022,0.8801,4603.6035,3.9646,1821.7468,1.569,0.0002856
928333,bbc73e5a979694de2675dd4e35e015fb679bfb8345eb1d5139e972b03f00c60e,18/12/25 00:12,518,1103,2,0,0,1,3,2,2207541,1900.9578,2205541,1899.2355,2000,1.7222,3861.004,3.3248,1813.2366,1.5612,0.00106791
928333,9952dca4f14fd51a2b91aae66c3d01516216d2535ff634daada5121798bafdd7,18/12/25 00:12,518,1103,2,0,0,1,3,2,1105027,951.5609,1103027,949.8386,2000,1.7222,3861.004,3.3248,1813.2366,1.5612,0.00022663
928333,50059619fc6f250b402ae4dd5f60963a37a5480abb9ff4ebeccb79f51c19c895,18/12/25 00:12,521,1115,2,0,0,1,3,2,5797526,4992.3657,5795526,4990.6436,2000,1.7222,3838.7715,3.3058,1793.7219,1.5448,0.01162497
928333,3821d5c1298ded4269b9f918dea7da940ae5da352b9b21ca89b9eae87e8bc2f2,18/12/25 00:12,192,438,2,0,0,1,1,1,38248,32.9361,37464,32.261,784,0.6751,4083.3333,3.516,1789.9543,1.5414,1.58E-05
928333,5cb47639c3622273b7101eebfeb8cc5d7b0aa177cdfa286db42c55f9e6e041eb,18/12/25 00:12,188,752,2,0,0,0,1,1,35535,30.5999,34198,29.4486,1337,1.1513,7111.702,6.1243,1777.9255,1.5311,1.47E-05
928333,cd4b96327a53ea0b955292bcc7310e3147c108709da80fbc0c23f8eed90d31b9,18/12/25 00:12,226,574,2,0,0,1,1,2,1083879,933.3499,1082857,932.4698,1022,0.8801,4522.124,3.894,1780.4878,1.5328,0.00104838
928333,07a47921f7ca8b3064d46293706b657301d8cfabaeb2d5fc1ed235610d34aecd,18/12/25 00:12,225,573,1,0,0,1,1,2,412661,355.3506,411639,354.4706,1022,0.8801,4542.222,3.9112,1783.5951,1.5362,0.19633398
928333,cfee7ca499ad9afc20e04bbdcb14dd50e96058c7ba1c7e091a5791a233c52601,18/12/25 00:12,1665,6660,1,0,0,0,11,1,9922513273,8544475,9922501513,8544465,11760,10.1268,7063.063,6.0821,1765.7657,1.5207,7.20685043
928333,fabc51ab268560d11767eb16fca7d74a32b7f898c18cb8cc30ceaf18cca7c25c,18/12/25 00:12,192,441,2,0,0,1,1,1,1347459,1160.3239,1346675,1159.6488,784,0.6751,4083.3333,3.516,1777.7778,1.5311,0.76142959
928333,383d3edaaf623265d46bdbe248e737577e4cda29b6cd3380d2e87de86375bc7b,18/12/25 00:12,632,2528,1,0,0,0,4,1,1.41E+10,12150390,1.41E+10,12150386,4459,3.8397,7055.38,6.0752,1763.845,1.519,11.5712685
928333,d79ad52be1325eb90189a599755b1a51e67d684c5090bad95cc39fd7ceb0efa5,18/12/25 00:12,341,713,2,0,0,1,2,1,525829,452.8019,524569,451.7169,1260,1.085,3695.0146,3.1818,1767.1809,1.5216,4.5278102
928333,972f36a709716cc94259595e93b34220f52e3ddb133ad960274d3f526d449ee6,18/12/25 00:12,370,832,2,928332,0,1,2,2,1343944,1157.297,1342481,1156.0372,1463,1.2598,3954.054,3.4049,1758.4135,1.5138,0.00119871
928333,0e05c55b36f3b06f7cfb76e1b5d6d6f96dd14ec3462050920cfb8c02ccf941f0,18/12/25 00:12,375,822,2,928311,0,1,1,2,1167710,1005.5385,1166266,1004.295,1444,1.2435,3850.6667,3.3162,1756.691,1.513,0.00042965
928333,e34deeaec3c127f5bdea3082785d7de7ad7407987aa4b813ee656d20df1dfa60,18/12/25 00:12,222,561,2,928332,0,1,1,2,352091,303.1926,351104,302.3427,987,0.8499,4445.946,3.8285,1759.3583,1.5147,0.00402297
928333,01903adfe5c03f70e603dd3f6af046d10ffac8a6ca94f782e19a11155f3b7ab9,18/12/25 00:12,192,438,1,0,0,1,1,1,1743900,1501.7072,1743130,1501.0441,770,0.6631,4010.4167,3.4531,1757.9908,1.5138,0.00035766
928333,78195dd96e6e862a0bf35be85aaf0f12360d01244c648fc3b0ffc5217d80f0db,18/12/25 00:12,223,562,1,0,0,1,1,2,167602,144.3254,166615,143.4755,987,0.8499,4426.009,3.8113,1756.2278,1.5121,0.00013845
928333,35c4bfafc670319e79a832c2cbe380eaf2e387ad3dd963f744beee95ba7523eb,18/12/25 00:12,349,1069,2,928332,0,1,1,6,10712666,9224.8906,10710790,9223.2754,1876,1.6155,5375.3584,4.6285,1754.9111,1.5113,0.00219709
928333,72760dcec840f78365f845099ec4e722f028adb7b29a7ae00ea550f7d2b6aeed,18/12/25 00:12,223,562,1,0,0,1,1,2,239046,205.8473,238059,204.9974,987,0.8499,4426.009,3.8113,1756.2278,1.5121,0.00014772
928333,2eb9cd504e712d5f86cce863eac3142b1698de08e9b1623d8e94b452b160ef16,18/12/25 00:12,369,1476,1,0,0,0,1,2,2904672,2501.2712,2902096,2499.053,2576,2.2182,6981.03,6.0115,1745.2574,1.5027,0.01657647
928333,6256df80b0aee8ae22aba9ff9ff2ce71397427881b06617ed942d6fb9c53608a,18/12/25 00:12,248,665,1,0,0,1,1,2,4899594,4219.1382,4898432,4218.1377,1162,1.0006,4685.484,4.0343,1747.3684,1.5044,0.0064568
928333,822c6ae1d2b3923a64da3d83ceb85b90542bb3cff3d53dc99580a38ddf753123,18/12/25 00:12,192,441,1,0,0,1,1,1,127889,110.1278,127117,109.463,772,0.6648,4020.8333,3.4626,1750.5669,1.5078,2.62E-05
928333,b5cfa8b82a082e0701d4ebecf143b53ae64b5a6c72bfa26e98a9d8e934e89b82,18/12/25 00:12,308,905,1,0,0,1,1,4,10642744,9164.6797,10641184,9163.3359,1560,1.3433,5064.935,4.3616,1723.757,1.4846,0.06073632
928333,d0b041ab8d517a7402a3420a84551230c5744eab4acd9e3f29c212ad85436c57,18/12/25 00:12,340,709,2,0,0,1,2,1,2087549,1797.6302,2086358,1796.6046,1191,1.0256,3502.9412,3.0165,1679.8307,1.4467,0.0059531
928333,135a3f668c56c4411d27e9aa41812c90b7f2d32f83c0cb9f908bd2d41bd68582,18/12/25 00:12,191,437,2,0,0,1,1,1,37139,31.9811,36407,31.3508,732,0.6303,3832.4607,3.2998,1675.0573,1.4424,1.06E-05
928333,deab08bcbd547732f6696f9f9ba0aac2c453807ff172ac314bc7d06cd2cf1e65,18/12/25 00:12,223,562,2,0,0,1,1,2,487366,419.6806,486448,418.8901,918,0.7905,4116.592,3.5452,1633.4519,1.4062,0.02438522
928333,9ad2395697c3af86a663e2fd24839ed89b2ab390fe75310ef6c4bcd5a592c96c,18/12/25 00:12,193,568,2,0,0,1,1,2,300000,258.336,299076,257.5403,924,0.7957,4787.565,4.123,1626.7606,1.401,0.00345236
928333,2b4a211d32981136787948375ed9da09ce25e62fa5aada7231e48d1041522e09,18/12/25 00:12,489,981,2,0,0,1,3,1,233834,201.3591,232234,199.9813,1600,1.3778,3271.9836,2.8176,1630.9888,1.4045,0.01522223
928333,e6cd70d2565a94a5885ea77b127ebd1c0fdad67e105bb2ae485d36ca1c005e19,18/12/25 00:12,345,1053,1,0,0,1,1,5,10630415,9154.0625,10628719,9152.6025,1696,1.4605,4915.942,4.2333,1610.6362,1.3873,0.86118665
928333,9103686cf26e9ff1a57afe68941f5af8655b535ee7be470a98ffcfa3a6e20b97,18/12/25 00:12,226,574,2,0,0,1,1,2,1990034,1713.6581,1989116,1712.8676,918,0.7905,4061.947,3.4979,1599.3031,1.3769,0.00230973
928333,baee4b02737d9cacc9a8a8b6e039c7dcdc51863b80eb6755d31f4de4c90cd4a6,18/12/25 00:12,339,1026,2,0,0,1,2,1,115009263,99036.7734,115007643,99035.3828,1620,1.395,4778.761,4.1153,1578.9474,1.3597,0.02358755
928333,c00ba658b0344421cfce0a2ac7f5315b2a58d1628d8004f5267d21400eefc0c9,18/12/25 00:12,318,945,1,0,0,1,1,5,55510647,47801.3281,55509173,47800.0586,1474,1.2693,4635.22,3.9913,1559.7883,1.3433,0.18507404
928333,df46323131b87e2612134d87a76bfab828ae43c642af9e7360f61506e26d3df7,18/12/25 00:12,318,945,1,0,0,1,1,5,72754031,62649.9531,72752557,62648.6836,1474,1.2693,4635.22,3.9913,1559.7883,1.3433,0.04495761
928333,def4a1c019d826d356b47b716101915acfd9c416618cf8e3c088b13fed5e5229,18/12/25 00:12,223,562,2,0,0,1,1,2,486951,419.3232,486075,418.5689,876,0.7543,3928.2512,3.3825,1558.7189,1.3425,0.00084867
928333,b763e9e588b70825662695615a42640aff509db6d3dd387c5f7fe31fdf088149,18/12/25 00:12,222,561,2,0,0,1,1,2,161318,138.9142,160442,138.1598,876,0.7543,3945.946,3.398,1561.4973,1.3442,4.59E-05
928333,2d4ba05bfeaa83c101da0018baf9a5cd2720e0cd88e2cbd5604f7a249ff9e69d,18/12/25 00:12,223,562,2,0,0,1,1,2,2401396,2067.8901,2400520,2067.1357,876,0.7543,3928.2512,3.3825,1558.7189,1.3425,0.00172156
928333,0101ca7946b2641f94b17ec285eca8fcafef1da7b1689f25e6e9e3b90977cf46,18/12/25 00:12,340,709,1,0,0,1,2,1,3501989,3015.6328,3500895,3014.6907,1094,0.9421,3217.647,2.7711,1543.0183,1.3287,0.05831041
928333,b73dbedee20dbeb23e5a835df08e1418e6f986d1c2526587c1d8ec4711f3d662,18/12/25 00:12,192,438,1,0,0,1,1,1,5322,4.5829,4646,4.0008,676,0.5821,3520.8333,3.032,1543.379,1.3287,9.29E-06
928333,6399b796e5ecd9a7d4d0cb8e60983c3b17b3cd1ede12b0a73a36fd98ba6c540a,18/12/25 00:12,378,1185,1,0,0,1,1,7,32186135,27716.125,32184311,27714.5547,1824,1.5707,4825.397,4.1549,1539.2405,1.3253,0.06607471
928333,9626d15160bc1db75c196568bfcb4dffc3cdfcf9a94c7c7f14ca0b0a23b34311,18/12/25 00:12,191,437,2,0,0,1,1,1,10516709,9056.1484,10516034,9055.5674,675,0.5813,3534.0315,3.0432,1544.6224,1.3304,0.03671354
928333,9f0ab7d2f9e0937aabb977a2f703de6049bb7c2de2fe6f10484d5bf1331437bd,18/12/25 00:12,223,562,2,0,0,1,1,2,3922956,3378.136,3922091,3377.3911,865,0.7449,3878.9238,3.3403,1539.1459,1.3253,2.4363323
928333,a9872eb7030f9f97e60f8f3d8b7d0e4ff2f532428facb182b6aaefa0af91ccd9,18/12/25 00:12,582,1674,1,0,0,1,3,4,1840793,1585.1437,1838223,1582.9305,2570,2.2131,4415.8076,3.8027,1535.2449,1.3218,0.00132649
928333,25f90382412dcef58c389f6321ebb99c84e9f1b8cfbe16508b6c26101769f478,18/12/25 00:12,192,438,1,0,0,1,1,1,252948,217.8186,252276,217.2399,672,0.5787,3500,3.0139,1534.2466,1.321,7.20E-05
928333,1f0eb7a7a7f5d51d60da8ea6cd4dc873aac3753316a003ab6dee93ced0bb5063,18/12/25 00:12,254,689,2,0,0,1,1,3,963553650,829735.313,963552594,829734.438,1056,0.9093,4157.4805,3.5797,1532.656,1.3201,0.79593546
928333,88ce93d81283f8668dfd1d35c73a908be4818dcd7329f7e9422e6ee7a34a90e6,18/12/25 00:12,404,1289,1,0,0,1,1,7,2173891,1871.981,2171923,1870.2864,1968,1.6947,4871.287,4.1945,1526.7649,1.3149,0.00089799
928333,47e929a77b89e32abbe064c417aeac785ca350b0848f96a68536a8ddca8b5e84,18/12/25 00:12,288,822,2,0,0,1,1,4,1232996702,1061758.13,1232995448,1061757,1254,1.0798,4354.1665,3.7493,1525.5475,1.3141,0.25287849
928333,de7768f24c0bc3d504330de21eee8c0c288af37bfa8ffedb3f9ad54f8d57bda4,18/12/25 00:12,319,949,2,0,0,1,1,5,1010052226,869776.188,1010050780,869774.938,1446,1.2452,4532.9155,3.9035,1523.7092,1.3123,0.83434522
928333,3b43dd446ab9e35ad3ff028e263ce4fc836a2e9ee4269befcb2127fa1035e26b,18/12/25 00:12,347,1058,2,0,0,1,1,6,1176489831,1013098.94,1176488223,1013097.56,1608,1.3847,4634.006,3.9904,1519.8488,1.3089,0.97182962
928333,d52f1dd96acb6090fca7797dfabdbe34fc5f98ed9ab9beb0a4aeea70d0cc0951,18/12/25 00:12,191,437,1,0,0,1,1,1,77846,67.0347,77180,66.4612,666,0.5735,3486.911,3.0027,1524.0275,1.3123,8.74E-05
928333,2b3661518459ada5e56f7fafe6fb64d14b2c39c175c5e569a4a85f1a99abd70a,18/12/25 00:12,3065,5834,2,928332,0,1,20,3,1605214,1382.2819,1602099,1379.5995,3115,2.6824,1016.31323,0.8749,533.93896,0.4598,0.00324324
928333,410f8d8c21a6962754640ab40a2ee28b75ddce5cb1fc565c9963a433dc7593d6,18/12/25 00:12,222,561,2,928332,0,1,1,2,2031638,1749.4841,2030933,1748.8771,705,0.6071,3175.6758,2.7349,1256.6844,1.0824,0.00145648
928333,734d653fbc9c4fd54ac579602245f28fcb5b5ff1123138bfb013383781cd89db,18/12/25 00:12,370,832,2,928332,0,1,2,2,1866100,1606.936,1861920,1603.3365,4180,3.5995,11297.297,9.7281,5024.0386,4.3263,0
928333,58371f2dabb6e21daa72f1ab95353b2eba9bf9de8f9b329249227bd593f3f476,18/12/25 00:12,370,832,2,928332,0,1,2,2,648674,558.5862,644490,554.9832,4184,3.6029,11308.108,9.7375,5028.846,4.3306,0
928333,f27ddccbd66de78c9394c9d31040ae3770299e5a3aea65c17af1d8d1e4f31015,18/12/25 00:12,370,832,2,928332,0,1,2,2,627006,539.9274,625752,538.8475,1254,1.0798,3389.1892,2.9183,1507.2115,1.2977,0.02076136
928333,c7bdc1986b74b73563ef93345bb145d3fb802078730450a54796f7437639e5d7,18/12/25 00:12,337,1348,2,0,0,0,2,1,85632,73.7394,83604,71.9931,2028,1.7464,6017.804,5.1822,1504.451,1.2951,2.01E-05
928333,bbdaffef15f53e04ac5769cd8271935b4bb769e99db5f9d7b67974ba499c6ed5,18/12/25 00:12,535,2140,2,0,0,0,1,12,1199737492,1033117.94,1199734662,1033115.5,2830,2.437,5289.7197,4.5553,1322.4299,1.1384,14.6627639
928333,c0b7ae306f8b81d51718974bf267abde3ea5dfb4e7e12d165d3e113e93a38f1a,18/12/25 00:12,222,561,2,928332,0,1,1,2,3500000,3013.9199,3498872,3012.9487,1128,0.9713,5081.081,4.3754,2010.6952,1.7317,0
928333,5129635b612e2f24ccf8e89a585f9d764e4492267cd0b10c1532806553be6e56,18/12/25 00:12,191,437,2,928332,0,1,1,1,2339748,2014.8038,2338978,2014.1407,770,0.6631,4031.4136,3.4712,1762.0137,1.5173,0
928333,67fd96691f56bfb035488f36bbe50b0d780539e9a6d83d86bbfd9a2e2b4001b5,18/12/25 00:12,524,1127,2,928332,0,1,3,2,19357643,16669.2539,19355950,16667.7949,1693,1.4579,3230.916,2.7823,1502.2183,1.2934,0.0040753
928333,b98e9f385675ed73d8e91eecee8be78e2a811bfa79ec0352ca6d8e99be9b2c3b,18/12/25 00:12,192,441,2,928332,0,1,1,1,1275816,1098.6306,1275150,1098.0571,666,0.5735,3468.75,2.9872,1510.2041,1.3003,0.00078838
928333,4a87f2ba2b105c1e355e9b74601f5153bd2598da40d125e29b0b8f74ba86573e,18/12/25 00:12,222,561,2,928332,0,1,1,2,2451013,2110.6162,2450167,2109.8877,846,0.7285,3810.8108,3.2817,1508.0214,1.2986,0.00069757
928333,ce43904e9e137aa38f49bd90430e28d52602c702a5bd33934e15c8169e9de242,18/12/25 00:12,432,1080,2,0,0,1,2,4,172800,148.8015,171180,147.4065,1620,1.395,3750,3.2292,1500,1.2917,9.60E-05
928333,47d65865109989db541d7b6a31c76fe0d48d61e3e709c1269de2e67543329844,18/12/25 00:12,253,685,2,0,0,1,1,3,2443549,2104.189,2442517,2103.3003,1032,0.8887,4079.0513,3.5125,1506.5693,1.2977,0.00050115
928333,61f6e41c939ba95d7c1578d891607948031131a94e96552a6c3500440997f155,18/12/25 00:12,225,573,2,0,0,1,1,2,5716523,4922.6123,5715659,4921.8682,864,0.744,3840,3.3067,1507.8534,1.2986,2.00706593
928333,6ff931181d7ea4e326e4b17c7165df5ffe61fe5a57b8a0f361922d2df4d3f477,18/12/25 00:12,223,562,2,0,0,1,1,2,500414,430.9165,499568,430.188,846,0.7285,3793.722,3.2671,1505.3381,1.296,0.00240205
928333,a8aa49596511de2d9c9e2b8f6ed06907bbf74ea2cd1629e7c5f1d4c1a823eab0,18/12/25 00:12,224,569,2,928332,0,1,1,2,5114321,4404.0439,5113463,4403.3052,858,0.7388,3830.3572,3.2981,1507.9086,1.2986,0.00211262
928333,4560d37ffba69fccf3e12b9594bc62cc7ba31d49605366b392b18c5482b76259,18/12/25 00:12,223,892,2,0,0,0,1,2,186419139,160529.25,186417802,160528.094,1337,1.1513,5995.5156,5.1633,1498.8789,1.2908,1.67552832
928333,89178ea0c8c838c79119faed96d3b89abd0e42b7880d9736a5ac99200a1344c1,18/12/25 00:12,432,1401,1,0,0,1,1,8,10626324,9150.54,10624220,9148.7285,2104,1.8118,4870.3706,4.1937,1501.7844,1.2934,0.07043998
928333,7143c30d016de4e9d6b1267b19e6e8d12a89b04b947045bb3abca1fd41e5cdc4,18/12/25 00:12,279,789,2,0,0,1,1,3,1556967,1340.7355,1555782,1339.715,1185,1.0204,4247.312,3.6572,1501.9011,1.2934,0.00085561
928333,80dfbb337ee4046d1ab059af3ed34444dc987c809dfa09bbf5667f6a45b5d2e9,18/12/25 00:12,279,789,2,0,0,1,1,3,1067042,918.8512,1065857,917.8307,1185,1.0204,4247.312,3.6572,1501.9011,1.2934,0.00209333
928333,f7dfbe970d0545e757b737fe31faac45925ef6469f803fbacc18d5a1ec45cef2,18/12/25 00:12,279,789,2,0,0,1,1,3,1281047,1103.1351,1279862,1102.1147,1185,1.0204,4247.312,3.6572,1501.9011,1.2934,0.00026273
928333,757437960aaa6bd95406a2eafc74b0f7852a907fc4b4922de3775c359adb3455,18/12/25 00:12,246,657,2,0,0,1,1,2,221355,190.6132,220368,189.7633,987,0.8499,4012.195,3.4548,1502.2831,1.2934,0.00237642
928333,34c0399d22e41b4f83671731a5e956c80c3d81ceab5cee9a2e71db5be6066602,18/12/25 00:12,382,766,1,0,0,1,1,2,171591718,147761.063,171590572,147760.078,1146,0.9868,3000,2.5834,1496.0835,1.2882,3.3405571
928333,785eef7cd8f4a631e379fda529cee3d146c31619718ae51f53a316933527c062,18/12/25 00:12,384,768,1,0,0,1,1,2,68629830,59098.5195,68628684,59097.5312,1146,0.9868,2984.375,2.5696,1492.1875,1.2848,1.32158494
928333,fe02d3ebb662a9d1e8ebc98e4fb16b9fc0e065742137a76e7b50e9a58b7657f5,18/12/25 00:12,380,758,1,0,0,1,1,2,67862880,58438.082,67861746,58437.1055,1134,0.9765,2984.2104,2.5696,1496.0422,1.2882,1.30411405
928333,0dd91b67be4918280589e27bf6b10a2da20a0d6eee6d4e18583f7ac154d9a469,18/12/25 00:12,379,754,1,0,0,1,1,2,44911231,38673.9609,44910103,38672.9883,1128,0.9713,2976.2534,2.5627,1496.0212,1.2882,0.85835031
928333,0122459a9a8fd19c0c6651083218f93e1f601c3386d3d6460e71d668ac5d58f6,18/12/25 00:12,380,755,1,0,0,1,1,2,33969738,29252.0215,33968610,29251.0488,1128,0.9713,2968.4211,2.5558,1494.0398,1.2865,0.66132475
928333,62441ae0168e6841f0e07a47c3b2c4d8bf0bfceb656f74b9220c87431e81d118,18/12/25 00:12,223,562,1,0,0,1,1,2,291991,251.4393,291157,250.7211,834,0.7182,3739.9104,3.2206,1483.9857,1.2779,0.0003389
928333,9ce6bd188df9610c77f41fe7fc45f3a25a1f03767bbf85d791eba00f625b4263,18/12/25 00:12,192,438,2,0,0,1,1,1,64472,55.5181,63823,54.9593,649,0.5589,3380.2083,2.9106,1481.7351,1.2762,5.33E-05
928333,9e50670749969c22bb1624aadb35e40648c1a54aac14862d11cb5224ca186425,18/12/25 00:12,488,980,1,0,0,1,3,1,1393394,1199.8794,1391976,1198.6583,1418,1.2211,2905.7378,2.5024,1446.9387,1.246,0.00087805
928333,1270116c1f0e29f86b38eacea7dbea4f14273c4c7ebd03b8c896ddae9ce55bc4,18/12/25 00:12,214,529,2,0,0,1,1,1,408052,351.3817,407283,350.7195,769,0.6622,3593.458,3.094,1453.6862,1.2521,0
928333,15a8c7414ce8fc1baba2a5ef399330568a9b47d3f202d2ba58573c9736e7291f,18/12/25 00:12,225,573,2,928332,0,1,1,2,14851478,12788.9043,14850647,12788.1895,831,0.7156,3693.3333,3.1801,1450.2618,1.2486,5.82109868
928333,2b6e3b88d777f7152e1e2d39431281fd3349ca5acbc0b46c86baf624fd0241f5,18/12/25 00:12,192,438,2,0,0,1,1,1,140632,121.101,140000,120.5568,632,0.5442,3291.6667,2.8348,1442.9224,1.2426,0.00448584
928333,9173ac41bd7e1f6985ca4794fd97d2b11e64655a32dd1d0422603835a0e7e06e,18/12/25 00:12,786,1524,1,0,0,1,5,1,150000,129.168,147840,127.308,2160,1.86,2748.0916,2.3664,1417.3229,1.2202,3.08E-05
928333,5f958ceba578b8508de0ebf1abd1da4618ffb3fb44aec7e91f13c161d5ceeb42,18/12/25 00:12,191,437,1,0,0,1,1,1,28621,24.6461,28000,24.1114,621,0.5348,3251.3088,2.7995,1421.0526,1.2237,5.87E-06
928333,ca13c668712c0b9d0eea5880422bf9468aa7fdc8cb48406bb947ce545bb31f57,18/12/25 00:12,489,981,2,0,0,1,3,1,272383,234.5544,271000,233.3635,1383,1.1909,2828.221,2.4352,1409.7859,1.2142,0.06715865
928333,f47304d333548ebf8a8b95aecc1be097fef921509a069380fa5eebf2037d1f4d,18/12/25 00:12,195,450,1,0,0,1,1,1,245810,211.6719,245178,211.1277,632,0.5442,3241.0256,2.7909,1404.4445,1.209,5.04E-05
928333,77bbfe99e84dc96898cfe8a90c0f1d6b7caf0fa6def3d60f0d58e8f3213a49b7,18/12/25 00:12,371,722,1,0,0,1,1,1,1134400,976.8546,1133400,975.9934,1000,0.8611,2695.4177,2.3207,1385.0415,1.1927,0.00709604
928333,a87dd761d4f8d9ce383db8d7a0ea6736fb3f592b4ce1f3a1817e844b37240be5,18/12/25 00:12,195,450,2,0,0,1,1,1,49000,42.1949,48378,41.6593,622,0.5356,3189.7437,2.747,1382.2222,1.1901,0.00023205
928333,093ca8817ad1824cf3988e42e4ecf6e8d89c3622a6dcf639427924925592a65b,18/12/25 00:12,223,565,2,0,0,1,1,2,8689235,7482.4741,8688470,7481.8154,765,0.6588,3430.4932,2.9536,1353.9823,1.166,0.04092891
928333,4fc498d6fddb7fc89799ceb547a00d74c2dd11a6a181c4e79109fc4df24f805e,18/12/25 00:12,341,710,1,0,0,1,2,1,7401,6.3731,6443,5.5482,958,0.825,2809.3843,2.4189,1349.2958,1.1617,0.00043083
928333,28b5691f3186aa3c5582cd8a87a51bca0f78e0bb3dd15e7ac0155c1c4b6a3f82,18/12/25 00:12,191,437,1,0,0,1,1,1,76587,65.9506,76000,65.4451,587,0.5055,3073.2983,2.6462,1343.2494,1.1565,2.82E-05
928333,e209a2d0cdbb9e87bd5c1c02b756bb7c4c697ab94e912d5885d577146049dd83,18/12/25 00:12,225,573,2,928332,0,1,1,2,4415555,3802.3228,4415123,3801.9507,432,0.372,1920,1.6534,753.9267,0.6493,0.0009056
928333,d0a021e46268982e34345d8e3f4ff5b6e2473eb48315e6702813b620d3fd7d5b,18/12/25 00:12,188,752,2,0,0,0,1,1,2180457,1877.6351,2179120,1876.4838,1337,1.1513,7111.702,6.1243,1777.9255,1.5311,0
928333,ecf89bca8a1aa456fe47f952484a9b51d1ae83e8207309d93d537651e87d79bc,18/12/25 00:12,351,756,2,928332,0,1,2,1,832382,716.7808,831382,715.9197,1000,0.8611,2849.003,2.4533,1322.7513,1.1393,0.00160098
928333,10b950363b837f70abd4c36955f4ea12a179414e31b6fb4bb86ffa014c93b7ab,18/12/25 00:12,341,710,2,0,0,1,2,1,104767,90.217,103827,89.4075,940,0.8095,2756.5981,2.3741,1323.9436,1.1401,0.0001316
928333,e9e9367859facfe362790a6ef1ff95bfbdb0cab33a236a7f08587cf5229dc775,18/12/25 00:12,227,578,1,0,0,1,1,1,116860,100.6305,116097,99.9734,763,0.657,3361.2334,2.8942,1320.0692,1.1367,0.00044891
928333,566f315153b2f1df901b9818d0c2a318bca680025d0824bd4bbf75bf758f4e5c,18/12/25 00:12,387,897,2,0,0,1,2,1,3391629,2920.5996,3390449,2919.5835,1180,1.0161,3049.0957,2.6256,1315.4961,1.1324,0.02111525
928333,7a57b67164fcc7e1300408611980dc7cb810bbb814907b1de81d888d025181a5,18/12/25 00:12,410,1640,2,0,0,0,1,8,1194027180,1028200.69,1194025030,1028198.81,2150,1.8514,5243.9023,4.5157,1310.9756,1.1289,6.03978749
928333,3fa0cb5da85157b8edb5080cb34b010778de7951e17970b72aaea6e61450900c,18/12/25 00:12,583,1357,2,0,0,1,3,3,11384616,9803.5205,11383403,9802.4756,1213,1.0445,2080.6174,1.792,893.88354,0.7698,0.03198035
928333,5c27d67e251f87b01c1765dce77a861a875127dde3c170e12edc0d54eb5bc533,18/12/25 00:12,435,1086,1,0,0,1,2,3,45112,38.8468,44080,37.9582,1032,0.8887,2372.4138,2.0426,950.27625,0.8181,0.00590422
928333,10e1aff92a8de71beb23c1378e6e9833ace925e0df7fd2cd6ddff32750f71275,18/12/25 00:12,433,1084,2,0,0,1,2,3,221449,190.6942,220546,189.9166,903,0.7776,2085.4504,1.7954,833.0258,0.7173,0.00026811
928333,b6fa4ef9b3c186d4c6f53fba3f5ceb50f9c9fa024045cb6e0e2d77a3bb3d9380,18/12/25 00:12,1145,2318,1,0,0,1,7,2,11689266,10065.8604,11686978,10063.8906,2288,1.9702,1998.2533,1.7205,987.0578,0.8499,0.00734636
928333,1e18e134d3e11f43ca295f636c84b723481875d6a66aa4ffe3d8f281de0e1c81,18/12/25 00:12,433,1084,2,0,0,1,2,3,236263,203.4508,235362,202.6749,901,0.7759,2080.8313,1.792,831.1808,0.7156,0.01165355
928333,8c6ed8049ba0d96a8bf3694ee13e37f0ad667e304b6651e3c31d2684dd10fa82,18/12/25 00:12,435,1086,2,0,0,1,2,3,230834,198.7758,229931,197.9982,903,0.7776,2075.862,1.7877,831.4917,0.7156,4.81E-05
928333,b6a848d956be88abd86e18a9e3ea4fa3edb5c5d0541df21174ba3c7ed292ca90,18/12/25 00:12,285,813,2,0,0,1,1,3,63715,54.8663,63126,54.3591,589,0.5072,2066.6667,1.7799,724.47723,0.6235,0.00015382
928333,4f7afe4b0bfacaeecaac881da8c181cf3341c557d2e3eb2a4e45418bc24ceda1,18/12/25 00:12,286,814,2,0,0,1,1,3,55026,47.384,54437,46.8768,589,0.5072,2059.4407,1.773,723.5872,0.6235,0.0013141
928333,9fec4d0e61dc1c2c2a3a41b1e87cc34444443d8486bda64cfd7d1d11dfd347b1,18/12/25 00:12,444,1122,2,0,0,1,2,3,137065,118.0294,136149,117.2406,916,0.7888,2063.063,1.7765,816.3993,0.7027,0.0004964
928333,50bac79db8aa3f1952d691d06418860df34b3d00cf285973c7418b52f98a13bb,18/12/25 00:12,247,661,1,0,0,1,1,2,25502,21.9603,24870,21.4161,632,0.5442,2558.7043,2.2036,956.1271,0.8232,0.02330668
928333,480892409781dfdca97e8373ba90c4ab0d548f83282e262683517f2b4963e8c8,18/12/25 00:12,285,813,2,0,0,1,1,3,470346,405.0244,469757,404.5172,589,0.5072,2066.6667,1.7799,724.47723,0.6235,9.65E-05
928333,08de0e1f59a4538bd09bf194879c1b049a6e49fb853b31d4f5ae23952a6b8ed2,18/12/25 00:12,223,562,1,0,0,1,1,2,54273,46.7356,54132,46.6141,141,0.1214,632.287,0.5442,250.88968,0.2161,4.37E-05
928333,a77a67e9032d196df7990ced8e7db4c4cc7d192128cb93776b11bcfc2316f0d3,18/12/25 00:12,434,1085,2,0,0,1,2,3,80103,68.9783,79200,68.2007,903,0.7776,2080.6453,1.792,832.25806,0.7165,0.0001736
928333,a2eb2287af06e0a5bf087d9d789078b6b60899786bbb3ff822188d24df718ae3,18/12/25 00:12,549,2196,1,0,0,0,3,2,999815,860.9607,997623,859.0731,2192,1.8876,3992.714,3.4385,998.1785,0.8594,0.75359937
928333,768e894944cf16c1db0b6a25581c9b3e50cc7cf798b850ba21d49b4a9e6380ed,18/12/25 00:12,286,814,1,0,0,1,1,3,55714358,47976.7461,55713602,47976.0977,756,0.651,2643.3567,2.2759,928.74695,0.8,0.02049953
928333,9dae56afabe6b5311f6f9eb6028dd376fc45ab989773ba296d0381c955b83af6,18/12/25 00:12,286,814,2,0,0,1,1,3,132731,114.2973,132142,113.7901,589,0.5072,2059.4407,1.773,723.5872,0.6235,5.48E-05
928333,ca2a568517f08789b997002ab7807d1669cf60208f9bedad610629d34bbe6df6,18/12/25 00:12,477,1260,2,928332,0,1,2,4,113000,97.3066,112369,96.7632,631,0.5434,1322.8512,1.1393,500.79364,0.4314,2.32E-05
928333,21ba49429ccb85e81fe087af6dfc5d79aad533ce5707ea05c00900926b46acfc,18/12/25 00:12,286,814,2,0,0,1,1,3,1083015,932.6059,1082426,932.0987,589,0.5072,2059.4407,1.773,723.5872,0.6235,0.0004836
928333,956ad8ba84d6e506c7a6ec127cc1d7a5113298a206d15482f3421cf1d1c7c408,18/12/25 00:12,285,813,2,0,0,1,1,3,40393,34.7832,39804,34.276,589,0.5072,2066.6667,1.7799,724.47723,0.6235,0
928333,6512a2ab81c9e399135458352714a07bdd2e49457d03d92fd4109b202ca19489,18/12/25 00:12,1858,3550,1,0,0,1,12,2,562657923,484516,562650507,484509.594,7416,6.3861,3991.3887,3.4367,2089.0142,1.7989,0.10805428
928333,fd1e12b1cd76213906e1e620f157c9987b2d0e2be3f14e661734931bc018d985,18/12/25 00:12,519,1104,1,0,0,1,3,2,565560407,487015.375,565558319,487013.594,2088,1.798,4023.1213,3.4643,1891.3043,1.6284,0
928333,0c45d59401802b762e4de37e7e58d3d17d4092a0d455c097e99bb1808f47258b,18/12/25 00:12,1260,2460,1,0,0,1,8,2,578471470,498133.344,578463898,498126.844,7572,6.5204,6009.524,5.1753,3078.0488,2.6505,0
928333,647969f8bb7038dae76f7f5cc2f0f2009ed8fe49cb1346304e1e64e367f8616c,18/12/25 00:12,370,832,1,0,0,1,2,2,578322834,498005.344,578320590,498003.438,2244,1.9324,6064.8647,5.2227,2697.1155,2.3224,0
928333,68c9409b7c135af4ad15a2141eda59e6c83e3de13a608bc11a7eb09a3c03fcd2,18/12/25 00:12,370,832,1,0,0,1,2,2,577107090,496958.469,577104846,496956.531,2244,1.9324,6064.8647,5.2227,2697.1155,2.3224,0
928333,1e337e3ce90e6478cf62a09aeaf34969d0717305782aa9c1af3fcf7313e2255e,18/12/25 00:12,412,1648,2,0,0,0,1,8,1200000000,1033344,1199997850,1033342.13,2150,1.8514,5218.447,4.4933,1304.6117,1.1238,7.74416667
928333,0de7aa93743c3a7415df1cbfd7acb45bf5c6d1901d023f095d57c720383158fa,18/12/25 00:12,738,1980,2,0,0,1,4,2,3043566628,2620876,3043564052,2620874,2576,2.2182,3490.515,3.0062,1301.0101,1.1203,0.90723198
928333,15ff457207eaffb7d706fcf678ccd467be8219b49fc3f7fc366c9becd9230f7e,18/12/25 00:12,437,812,1,0,0,1,1,2,2846,2.4507,1793,1.544,1053,0.9068,2409.611,2.0753,1296.798,1.1169,8.10E-07
928333,684df3475c55fb0267ae7c6bed651ec273d3cc8419e017dc57156b2addd9935e,18/12/25 00:12,439,1429,2,928332,0,1,1,9,42920647,36959.8281,42918797,36958.2344,1850,1.5931,4214.123,3.6288,1294.6116,1.1152,0.00880271
928333,9f2854a395e43fbf8a6c2ad07d4bf7a4638b660d63e87f960053f1a3b4a74519,18/12/25 00:12,189,756,1,0,0,0,1,1,37000,31.8614,36028,31.0244,972,0.837,5142.857,4.4287,1285.7142,1.1074,1.05E-05
928333,5075be4074317779cbde38222db3453a3d8a7c931e09f7a3f6a45b2b57915319,18/12/25 00:12,223,892,2,0,0,0,1,2,29849,25.7036,28703,24.7167,1146,0.9868,5139.0137,4.4253,1284.7534,1.1065,1.33E-05
928333,e995734eba766b5cd18e4724ab45aab587b03211d599723066c1420394590311,18/12/25 00:12,150,396,2,0,0,1,1,1,174336,150.1242,173828,149.6868,508,0.4374,3386.6667,2.9166,1282.8282,1.1048,3.58E-05
928333,8853206389092867ca5851c915f063179d34aaa5082c6617e63a003dad36f8a1,18/12/25 00:12,1526,2888,2,928332,0,1,10,1,595663,512.9373,591968,509.7555,3695,3.1818,2421.363,2.0848,1279.4321,1.1014,0.00089595
928333,be04bad6dcdec3d2caa2aaa31569af14fc81b05a04c815f62a6b3e79eb938e9d,18/12/25 00:12,819,1650,2,0,0,1,5,2,100880973,86870.625,100878862,86868.8047,2111,1.8178,2577.5337,2.22,1279.3939,1.1014,19.4600062
928333,9d1d5966f3740132dbf4d9c1b84e1606f26bc5253f8e406d30ce824623d57205,18/12/25 00:12,222,561,2,0,0,1,1,2,1297268959,1117104.25,1297268239,1117103.63,720,0.62,3243.2432,2.7926,1283.4225,1.1048,0.53587418
928333,de0d1b25f5229717414a78f31efffd9737b5a69c620f7a74f7e44742886ef30e,18/12/25 00:12,223,562,2,0,0,1,1,2,1251139296,1077381.13,1251138576,1077380.5,720,0.62,3228.6995,2.7806,1281.1388,1.1031,0.85407634
928333,cd084723bfaf6a715d78526fb2f94a36c5d9ba41841a54c4880763bcf6fa9126,18/12/25 00:12,222,561,2,0,0,1,1,2,1527173729,1315079.88,1527173009,1315079.25,720,0.62,3243.2432,2.7926,1283.4225,1.1048,0.43464354
928333,4ccc37ff2e073a0538be25348426666e756de84ca8a98a1d6322ec727ee91529,18/12/25 00:12,222,561,2,0,0,1,1,2,1314426093,1131878.63,1314425373,1131878,720,0.62,3243.2432,2.7926,1283.4225,1.1048,0.26957906
928333,86e38e274f06ad9b5c5db846c5b2a2bd868bd4e2ac9be3b60ce9c3a8f51d574b,18/12/25 00:12,223,562,2,0,0,1,1,2,1318968782,1135790.38,1318968062,1135789.75,720,0.62,3228.6995,2.7806,1281.1388,1.1031,0.5889562
928333,22645ea8783adac3cc51b2e6bdf5efde9854e19415dbd746c5aa0ed008ca879b,18/12/25 00:12,222,561,2,0,0,1,1,2,1543543259,1329176,1543542539,1329175.38,720,0.62,3243.2432,2.7926,1283.4225,1.1048,0.31656929
928333,6a97203c800b0ab783ca36dd51b182efdb472381a26554adcfd2b304a22327a5,18/12/25 00:12,223,562,2,0,0,1,1,2,1549544501,1334343.75,1549543781,1334343.13,720,0.62,3228.6995,2.7806,1281.1388,1.1031,0.3178001
928333,db5463945730f77ef12b8db870db1983fa929af4c10c65f881d0186657a81abb,18/12/25 00:12,222,561,2,0,0,1,1,2,1542113554,1327944.88,1542112834,1327944.25,720,0.62,3243.2432,2.7926,1283.4225,1.1048,0.31627607
928333,9ce681e095d40dada9fc6b3b98507e2ee2a434a17307b5bd5f6ec0871604a3f2,18/12/25 00:12,222,561,2,0,0,1,1,2,1267093231,1091119.38,1267092511,1091118.75,720,0.62,3243.2432,2.7926,1283.4225,1.1048,0.86496712
928333,f927f833b3968c5c614a744b56609d7d2038ddc05db2194779fabd8dabd05f62,18/12/25 00:12,223,565,2,0,0,1,1,2,1543503321,1329141.63,1543502596,1329141,725,0.6243,3251.121,2.7995,1283.1858,1.1048,0.3165611
928333,c26c737da6f4b0e34fce49c3f9a655d80a7259fd325bcf71d6b27840d6823d34,18/12/25 00:12,225,573,2,0,0,1,1,2,1522903653,1311402.75,1522902918,1311402.13,735,0.6329,3266.6667,2.8133,1282.7225,1.1048,0.31233626
928333,b40c814210bf20006c731c9615088072eb90f3732d36bc9aed1074c86ca84fe3,18/12/25 00:12,191,437,2,928332,0,1,1,1,11002,9.474,10441,8.991,561,0.4831,2937.1729,2.5291,1283.7528,1.1057,1.06E-05
928333,a0f2587dcf5ee3582676ec037ee8df0f309fc9803d868479015bd835c72e9280,18/12/25 00:12,234,609,2,0,0,1,1,2,1315452138,1132762.13,1315451358,1132761.5,780,0.6717,3333.3333,2.8701,1280.7882,1.1031,0.54338526
928333,53fa99866dee7de65df988e42d5894eefd7b9e77a8fd268a1f031ad6324d1096,18/12/25 00:12,235,610,2,0,0,1,1,2,1278955666,1101334.25,1278954886,1101333.63,780,0.6717,3319.149,2.8581,1278.6885,1.1014,0.87306487
928333,d3c41a399bc8cabd9f7521123fc458f80e350fad7fc04c788b376d1529eca0cc,18/12/25 00:12,235,610,2,0,0,1,1,2,1251455576,1077653.38,1251454796,1077652.75,780,0.6717,3319.149,2.8581,1278.6885,1.1014,0.85429224
928333,ae5021a853b489fb8defb58c90dcb41b9a5ef54e201cff6d7d8699efa300f954,18/12/25 00:12,377,1181,2,928332,0,1,1,7,42489984,36588.9766,42488504,36587.6992,1480,1.2745,3925.7295,3.3808,1253.1753,1.079,0
928333,29e1d661fe0fa1e5fa21468f6264e1c4290be007d15d332c20391d9b2c04810d,18/12/25 00:12,439,1429,2,928332,0,1,1,9,42154750,36300.2969,42152900,36298.707,1850,1.5931,4214.123,3.6288,1294.6116,1.1152,0
928333,47d1b36c7e3c42b7e0bb1a6073e95e930ffce635de167797a9c3b878395fb259,18/12/25 00:12,253,685,2,0,0,1,1,3,1316776810,1133902.88,1316775935,1133902.13,875,0.7535,3458.498,2.9778,1277.3723,1.0997,0.58797742
928333,cfd11e084ac5fcda2e6a822e0add99bbe7e9af74be643da904bc1c35c00a6607,18/12/25 00:12,256,697,2,0,0,1,1,3,1541476717,1327396.38,1541475827,1327395.63,890,0.7664,3476.5625,2.9941,1276.901,1.0997,0.31614546
928333,655ffadde255d7b22095543b7b29fd6c36da41b17cc010e052cd15ed0dbb8e5a,18/12/25 00:12,257,698,2,0,0,1,1,3,1490421388,1283431.63,1490420498,1283430.88,890,0.7664,3463.035,2.9821,1275.0717,1.0979,0.30567439
928333,e0e25b6713c5a75b2ac0579429274b1c083e57e5b71ed7010fc23655e501c7a3,18/12/25 00:12,257,698,2,0,0,1,1,3,1300179369,1119610.5,1300178479,1119609.75,890,0.7664,3463.035,2.9821,1275.0717,1.0979,0.53707641
928333,50996cfa2efe08cc2b6a5eddb8dc14f460c22e920a4051ed723df4e1b5d479ab,18/12/25 00:12,256,697,2,0,0,1,1,3,1240852916,1068523.25,1240852026,1068522.5,890,0.7664,3476.5625,2.9941,1276.901,1.0997,0.88956516
928333,fb24920d17c5fb515d85bd5e129eb23fe8616ce4ffcbc17e2cb9789ce5cece82,18/12/25 00:12,188,752,2,0,0,0,1,1,5596,4.8188,4641,3.9965,955,0.8224,5079.787,4.3745,1269.9468,1.0936,2.06E-06
928333,4317fd7b78ba90f3563fd310855738fc55b499f655120806c5b20aaf1884e41c,18/12/25 00:12,284,809,2,0,0,1,1,4,1285222965,1106731.25,1285221935,1106730.38,1030,0.887,3626.7605,3.1233,1273.1768,1.0962,0.87734318
928333,f7395a06fe38bbc26b9fb34729b6903cf3f573118db8da2d42f4949d7be80d80,18/12/25 00:12,284,809,2,0,0,1,1,4,1236087761,1064419.88,1236086731,1064419,1030,0.887,3626.7605,3.1233,1273.1768,1.0962,1.02105999
928333,551308bdab1ced2381ad009cda54146085e1e60843cc4e446a6b48cdda40738d,18/12/25 00:12,285,813,2,0,0,1,1,4,1538869842,1325151.63,1538868807,1325150.75,1035,0.8913,3631.5789,3.1276,1273.0627,1.0962,0.31561081
928333,305daf4f67817ef9b92b65813ebf163b7fcd9be11108077fd9ef16cf5b3f27a1,18/12/25 00:12,286,814,2,0,0,1,1,4,1521649461,1310322.75,1521648426,1310321.88,1035,0.8913,3618.881,3.1164,1271.4988,1.0945,0.4330713
928333,a64d6a16f71948b8840c000ef32b6a87d551cb279b9684b9c7a28e375fef0570,18/12/25 00:12,288,822,2,0,0,1,1,4,1300759824,1120110.25,1300758779,1120109.38,1045,0.8999,3628.4722,3.1241,1271.2896,1.0945,0.53731618
928333,581d7b64550152f32206685d947300dfa29da0830d1b0e636914864f253d55cb,18/12/25 00:12,287,821,2,0,0,1,1,4,1532262961,1319462.25,1532261916,1319461.38,1045,0.8999,3641.115,3.1353,1272.838,1.0962,0.31425578
928333,fcce5cfdfd2fc3f434ccf593e13c3216c3ff49b1ea1f1c9f5e49f19221bfd6d9,18/12/25 00:12,289,826,2,0,0,1,1,4,1316387571,1133567.63,1316386521,1133566.75,1050,0.9042,3633.218,3.1284,1271.1864,1.0945,0.26998134
928333,f310d7e058ca7f5814ee72a5dd482b7f5b4c5c0547c1dd1d7ee13bab0e127875,18/12/25 00:12,289,829,2,0,0,1,1,4,1290708663,1111455,1290707608,1111454.13,1055,0.9085,3650.519,3.1439,1272.6176,1.0962,0.88108793
928333,97888fbdbf50e6ef31285dc8434136ac6bc720f209f70e3a43ae9033c90174b6,18/12/25 00:12,297,858,2,0,0,1,1,4,1506763470,1297504.13,1506762380,1297503.25,1090,0.9386,3670.0337,3.1603,1270.3962,1.0936,0.30902603
928333,49d13bc1a5abc80d57445fb79367385e5929fba11c79ebd70c0c4c4dd5db40d4,18/12/25 00:12,296,857,2,0,0,1,1,4,1460008266,1257242.38,1460007176,1257241.38,1090,0.9386,3682.4324,3.1706,1271.8787,1.0953,0.29943688
928333,684b5e26ff180c9b881acbe1eab9ea668ced5e4d3643c4ae8abd58214cd634cb,18/12/25 00:12,297,861,2,0,0,1,1,4,1243119777,1070475.25,1243118682,1070474.38,1095,0.9429,3686.8687,3.1749,1271.777,1.0953,1.02686873
928333,52731339ddf0f922960f507f7ebb06743e614db7d5c7df38308e8b1b464ac4cc,18/12/25 00:12,223,892,1,0,0,0,1,2,229368,197.5134,228238,196.5403,1130,0.9731,5067.2646,4.3633,1266.8162,1.091,0.00012605
928333,b163e21006f6db64024e602ad90cb589173b48175f5a1939e83f53c2e56e51d3,18/12/25 00:12,319,949,2,0,0,1,1,5,1547328475,1332435.5,1547327270,1332434.5,1205,1.0376,3777.4294,3.2525,1269.7577,1.0936,0.31734561
928333,3eb1a5903671296140715d6bfcf7e11b6d82c31da2d818a8563bd53bd113723c,18/12/25 00:12,521,1106,2,0,0,1,3,2,81972,70.5877,80570,69.3804,1402,1.2073,2690.979,2.3173,1267.6311,1.0919,0.12291408
928333,fca69f6ea30012c46d99912773e38bf1ad2f3778afd92c33aafcfa7c280ec9a6,18/12/25 00:12,1823,3422,1,0,0,1,12,1,300349,258.6365,296019,254.9079,4330,3.7286,2375.2058,2.0452,1265.3419,1.0893,0.00051621
928333,9ebc641d65f9feea97e95f69baae0aef7a161115b30beeb3ec34f45c11b1d27d,18/12/25 00:12,189,756,2,0,0,0,1,1,361050,310.9074,360095,310.085,955,0.8224,5052.91,4.3512,1263.2275,1.0876,0
928333,1669050533ea6fd86d5b41d52b7f311b2f97496d5abc09ea97a8a858568b8ef9,18/12/25 00:12,189,756,2,0,0,0,1,1,183173,157.7339,182218,156.9116,955,0.8224,5052.91,4.3512,1263.2275,1.0876,3.76E-05
928333,bb03f5175083bef8f7d8de676256e1e4aedf7230d712afdf626b32dd189d1edb,18/12/25 00:12,442,1564,1,0,0,1,1,10,43354671,37333.5742,43352697,37331.875,1974,1.6999,4466.0635,3.8458,1262.1483,1.0867,0.10466841
928333,c184c2ecd60054efb7c6f4936c17ce7b4948852dbc80c006655d8df1a911079f,18/12/25 00:12,371,833,2,0,0,1,2,2,10646387,9167.8164,10645333,9166.9092,1054,0.9076,2840.9705,2.4464,1265.3062,1.0893,1.04522341
928333,3c16adbf86afdf2392d6ca66254e05d0beaa76722dd2fb77dba3d642ec0b7e11,18/12/25 00:12,222,561,2,928332,0,1,1,2,32041,27.5911,31330,26.9789,711,0.6123,3202.7026,2.7582,1267.3796,1.091,0.00414424
928333,3632c7c19f287e26ab657e1fe6eaa34c1a390d9ef4fa4aad942a70c0f06831e6,18/12/25 00:12,14889,27312,2,0,0,1,100,1,6579924,5666.104,6545532,5636.4883,34392,29.6156,2309.8933,1.9892,1259.2267,1.0842,0.00447296
928333,7fc5fffa566fdf845d03424affa8374f1df14f9138882a5233e9edf03c2ed32f,18/12/25 00:12,193,568,2,928332,0,1,1,2,893775,769.6475,893060,769.0318,715,0.6157,3704.6633,3.1904,1258.8029,1.0842,0.00071968
928333,a91a40f03d7f874c45cc542e27897a87c0b5fa6487e904f2e54777741e078656,18/12/25 00:12,193,568,2,928332,0,1,1,2,445224,383.3913,444509,382.7756,715,0.6157,3704.6633,3.1904,1258.8029,1.0842,0.00016382
928333,367693ff2928c7bddfb1871e55f75d385961d1e46de2ed82f37b21c2deba4c87,18/12/25 00:12,512,1718,2,0,0,1,1,11,1534967178,1321790.88,1534965013,1321789.13,2165,1.8643,4228.5156,3.6417,1260.1863,1.085,0.43686161
928333,73b22c8c82f8533ac36d5a1fb5780698cebe69bede0269b72bb20be13094dd3a,18/12/25 00:12,4651,8587,1,0,0,1,31,1,1594667,1373.1997,1583876,1363.9073,10791,9.2923,2320.1462,1.9978,1256.6671,1.0824,0.00505335
928333,e6ec6169995995f006a9cc75ac5abc4f7dbec29f61260873ac6154ccb061f61c,18/12/25 00:12,395,932,2,928332,0,1,2,2,55652,47.923,54481,46.9147,1171,1.0084,2964.557,2.5532,1256.4377,1.0816,0.36241603
928333,bcf87820f2345fad7798681c16b214bffceb516e06a212202974669f5e94d41f,18/12/25 00:12,225,900,2,0,0,0,1,2,474295287,408425.156,474294157,408424.188,1130,0.9731,5022.222,4.3245,1255.5555,1.0816,0.45875992
928333,0ede6ae4c28901b6e6eb5e431c8eecbaf8463d01e171c97a24e32e14d548fc1d,18/12/25 00:12,402,960,2,0,0,1,2,3,209911344,180758.859,209910139,180757.813,1205,1.0376,2997.5125,2.5816,1255.2084,1.0807,0.35167277
928333,adbe16b68cf55eda2b01abec8514dfa3f604a8e9cac23df539ee290c6a632a9c,18/12/25 00:12,375,822,2,928249,0,1,1,2,2907528,2503.7305,2906496,2502.8418,1032,0.8887,2752,2.3698,1255.4745,1.0807,0.00059631
928333,3f406505e47452d1533b6e4591e6da2f1a4b68bb0076995271d18662744247e5,18/12/25 00:12,9101,16820,2,928332,0,1,61,2,11115314,9571.6191,11094284,9553.5098,21030,18.1094,2310.735,1.99,1250.2972,1.0764,0.00543543
928333,5d23cb97edbcd45d424e8a4371ebb97ba16106ea077dd43e33d8ec1d65c2bc03,18/12/25 00:12,353,1085,1,0,0,1,1,6,39546203,34054.0273,39544843,34052.8555,1360,1.1711,3852.6912,3.3179,1253.4562,1.079,0.36496477
928333,1782154e75962139dd538c09c619ecdac52280eaacf8dfbf343cf8df3ab51e0e,18/12/25 00:12,222,561,2,928332,0,1,1,2,195921,168.7115,195216,168.1044,705,0.6071,3175.6758,2.7349,1256.6844,1.0824,0.00025819
928333,c1c3ae5c13f86834e6e309b598a1a62b7e6c9f994907bf1ac28b8b12f61b3210,18/12/25 00:12,691,2437,1,0,0,1,1,17,2531040032,2179529.25,2531036982,2179526.5,3050,2.6264,4413.893,3.801,1251.5388,1.0781,23.8266367
928333,7c35ac467c9ba551ce6e4ab5b1e3f7dff4ce259eb1c9a5d09fc6d80ccb9d7e10,18/12/25 00:12,226,574,1,0,0,1,1,2,90305437,77763.8203,90304717,77763.1953,720,0.62,3185.8408,2.7435,1254.3553,1.0798,0.01852098
928333,41dc1a242669cacd912bb313862db189399e9fa6495f28a5a2a2f779df7cf01b,18/12/25 00:12,228,585,2,928243,0,1,1,2,35805535,30832.8613,35804800,30832.2285,735,0.6329,3223.6843,2.7763,1256.4103,1.0816,0.01239932
928333,c4e03bdcdadb50f8b334e6b96dd38ff230982e67e027c621b0653351907f892f,18/12/25 00:12,860,3113,1,0,0,1,1,22,774762861,667163.813,774758966,667160.438,3895,3.3541,4529.07,3.9,1251.2046,1.0773,7.29344182
928333,ccce73c857e25e0a1d48b230b07a7a05ae64f6564598e9e9e546ac1ebc0d2d3b,18/12/25 00:12,529,1789,1,0,0,1,1,11,4421424804,3807377.25,4421422564,3807375.5,2240,1.9289,4234.4043,3.646,1252.0962,1.0781,41.6222901
928333,03893a78a6357dba08bf395dc34f6e4c86756334ee7ab8fa32314cb1decd553f,18/12/25 00:12,222,561,2,928332,0,1,1,2,42000000,36167.0391,41999295,36166.4336,705,0.6071,3175.6758,2.7349,1256.6844,1.0824,0.03469375
928333,61c79766a138a9d9d081f6d57285c4c22ba7f87316c1a32c45c88c46c7e29c4a,18/12/25 00:12,855,3090,1,0,0,1,1,21,657573163,566249.375,657569298,566246.063,3865,3.3282,4520.468,3.8923,1250.8091,1.0773,6.19024458
928333,4cf82ac482f91b9e17ab6a5cc661cdb3f1ea79f51e983ce5939d0f7ca8216e55,18/12/25 00:12,700,2470,1,0,0,1,1,17,2352351166,2025656.63,2352348076,2025654,3090,2.6609,4414.2856,3.801,1251.0121,1.0773,22.1445002
928333,ff8fc4238a49f2717504cf905e6a556d89705a102a01b440072bdd7d45fc335c,18/12/25 00:12,222,561,2,928332,0,1,1,2,4221977,3635.6289,4221272,3635.0217,705,0.6071,3175.6758,2.7349,1256.6844,1.0824,0.0008659
928333,a05e588a7e25e8549e104957c46e0c9dff8faba17696bcb7dbe40955d559915e,18/12/25 00:12,548,1865,1,0,0,1,1,12,1770979900,1525026.25,1770977565,1525024.25,2335,2.0107,4260.9487,3.6692,1252.0107,1.0781,16.671603
928333,e63aa4c833a61149dbb85c68af579370c91ff4d428af631bc060f20eca971a5f,18/12/25 00:12,223,562,1,0,0,1,1,2,2549737,2195.6296,2549032,2195.0225,705,0.6071,3161.435,2.722,1254.4484,1.0798,0.00113853
928333,ce23d8f0633418cf0faaa8037c1cbc02c8176d66bd1c6ec32dafff633fba2cbe,18/12/25 00:12,222,561,2,928332,0,1,1,2,372958,321.1616,372253,320.5545,705,0.6071,3175.6758,2.7349,1256.6844,1.0824,0.00016654
928333,cabfb74d55bc7a7b6147aa0abbe2bfda169303529ff81c904c4c7dc5bc3706ec,18/12/25 00:12,222,561,2,928332,0,1,1,2,333835,287.472,333130,286.8649,705,0.6071,3175.6758,2.7349,1256.6844,1.0824,0
928333,b5b4077ee757cd8ffbf08cd250cbc40faddb97c1b82f4368ba4e27234b8c3268,18/12/25 00:12,222,561,2,928332,0,1,1,2,286711,246.8926,286006,246.2855,705,0.6071,3175.6758,2.7349,1256.6844,1.0824,0
928333,f7b9ba824a216ab9563c365b9dfcf49aa89edd1d2ed62e0c1f1b2053635ff27e,18/12/25 00:12,222,561,2,928332,0,1,1,2,122092570,105136.352,122091865,105135.75,705,0.6071,3175.6758,2.7349,1256.6844,1.0824,0.05451772
928333,154ce510f7e2ae19d489f6b8773a1cb9caad9141ce8fee08a4c4985b46239b89,18/12/25 00:12,222,561,2,928332,0,1,1,2,14116359,12155.8789,14115654,12155.2715,705,0.6071,3175.6758,2.7349,1256.6844,1.0824,0.00289516
928333,249b3fc41a3a073d7710f0cf3de78bd4e001e6c1dcca06a553658b9fe560c796,18/12/25 00:12,222,561,2,928332,0,1,1,2,1345304,1158.4681,1344599,1157.8611,705,0.6071,3175.6758,2.7349,1256.6844,1.0824,0.00027591
928333,f0d534d6e8e286a34e095b468a1c4f4e9f1baa957fcb97cc168a4a4790721798,18/12/25 00:12,728,2582,1,0,0,1,1,17,6472874777,5573922,6472871547,5573919,3230,2.7814,4436.813,3.8208,1250.9683,1.0773,60.9341748
928333,886f8b39f1140fac8202fbe66640a42a503cfbe15c253786dd7de050ee0a4099,18/12/25 00:12,402,960,2,928332,0,1,2,3,143725,123.7645,142525,122.7311,1200,1.0333,2985.0747,2.5704,1250,1.0764,4.66E-05
928333,4f04895f9db4b7dca87945e259a6f0f89680bf42f5aaa69b3eff7ceb889410a8,18/12/25 00:12,225,573,2,928332,0,1,1,2,69488984,59838.3555,69488264,59837.7344,720,0.62,3200,2.7556,1256.5446,1.0824,10.1973315
928333,b7b1461c84df892b25f40731b64e8a6a7f61a6a74cf0f3d0e33b4749122dc8aa,18/12/25 00:12,792,2841,1,0,0,1,1,19,3889521207,3349344.5,3889517652,3349341.5,3555,3.0613,4488.636,3.8656,1251.32,1.0773,36.6150703
928333,4c4f0f8de4bde2058be45873ea634b8def3ca0caa7f92f88afada79402c73bab,18/12/25 00:12,222,561,2,928332,0,1,1,2,4435173,3819.2161,4434468,3818.6091,705,0.6071,3175.6758,2.7349,1256.6844,1.0824,0.00198043
928333,36dc2258dfadb9a221c7f9655c053d669d1eb3154ff9bceb37cd73b1bb6dd8ad,18/12/25 00:12,222,561,1,0,0,1,1,2,103789,89.3748,103084,88.7677,705,0.6071,3175.6758,2.7349,1256.6844,1.0824,7.09E-05
928333,06aebefc1bb54e21194e29ae30fe35f20c026ddaac160c1e2814a44e258e7aaf,18/12/25 00:12,475,1573,1,0,0,1,1,10,973504859,838304.5,973502889,838302.813,1970,1.6964,4147.3687,3.5711,1252.384,1.0781,9.1643539
928333,dbbe72823ab2f85e15941a210c85684711ed3cfdd90717322fbeb20f810287b1,18/12/25 00:12,579,1989,1,0,0,1,1,13,51610883,44443.1641,51608393,44441.0195,2490,2.1442,4300.518,3.7037,1251.8854,1.0781,0.47630752
928333,01adb84824a24c9f21ba19e5d8201e969ea30f7c8e7e51301e9ea57cb7dc8db1,18/12/25 00:12,222,561,1,0,0,1,1,2,178430,153.6496,177725,153.0426,705,0.6071,3175.6758,2.7349,1256.6844,1.0824,0.00262032
928333,44e85406002ace5491c03dbdbe9e8a67a745e01775e7d4e6ee96cb233575b3b1,18/12/25 00:12,225,900,2,928332,0,0,1,2,16377427,14102.9297,16376302,14101.9609,1125,0.9688,5000,4.3056,1250,1.0764,0.01584099
928333,d575d0c5b6a59a0123d0ab60ef1d31034382de671e2b53a4a980a7c4eadad5bc,18/12/25 00:12,253,685,2,928332,0,1,1,3,155161,133.6122,154301,132.8717,860,0.7406,3399.2095,2.9269,1255.4745,1.0807,3.18E-05
928333,b522731c1ebc0003596876d0792953f2a75c6770f41e7dd8e277ebef3e80efbc,18/12/25 00:12,346,1057,1,0,0,1,1,6,2637001794,2270775,2637000469,2270773.75,1325,1.141,3829.4797,3.2972,1253.5477,1.0798,24.8241367
928333,9619739a9fa768b9e4c1035b1a40912f4b7e3f9e729ac8921751fab10d1e16c8,18/12/25 00:12,192,768,2,0,0,0,1,1,572801,493.2504,571841,492.4237,960,0.8267,5000,4.3056,1250,1.0764,0.02386982
928333,f16b7faa0396d75b2ad07d08162401adcda092651e0082417ce6d2384d4a46e0,18/12/25 00:12,453,1482,1,0,0,1,1,9,925479888,796949.25,925478033,796947.625,1855,1.5974,4094.9229,3.5263,1251.6869,1.0781,8.71225772
928333,4e17d9b95864adb1347207fc581987ce1d32e59f7e3a61ca996a542eeaaf2df1,18/12/25 00:12,471,1557,1,0,0,1,1,10,4419386281,3805622,4419384331,3805620.25,1950,1.6792,4140.1274,3.565,1252.4084,1.0781,41.6030999
928333,8a56c58e84b7b8bdf37bf934269ec7bde969b21086f5f83a3063414364d927f8,18/12/25 00:12,222,561,2,928332,0,1,1,2,4153502,3576.6636,4152797,3576.0566,705,0.6071,3175.6758,2.7349,1256.6844,1.0824,0
928333,3a605e2654f7e63c3422d61cec53ca07ac0fd9263f5527bdfeb17b90e00c9bf8,18/12/25 00:12,222,561,2,928332,0,1,1,2,21000000,18083.5195,20999295,18082.9121,705,0.6071,3175.6758,2.7349,1256.6844,1.0824,0.00937708
928333,71f63d28c06791946590f204b2d7982d04ada01a78a4395253d0d41502137efa,18/12/25 00:12,465,1530,1,0,0,1,1,9,2086868646,1797044.38,2086866731,1797042.63,1915,1.649,4118.28,3.5461,1251.634,1.0781,19.2593339
928333,07b1b73032d65cde1c4ccbe88dd9aedeefca4c7fe55f88287c50bb39024dcafd,18/12/25 00:12,681,2394,1,0,0,1,1,16,2857865201,2460965,2857862206,2460962.25,2995,2.5791,4397.9443,3.7872,1251.0443,1.0773,26.9032947
928333,1fb432abf845cd51feadef16ee4b620fe40d5d5ab41b6231a51d98d8debfd67e,18/12/25 00:12,343,721,2,0,0,1,2,1,259902,223.8068,259000,223.0301,902,0.7767,2629.7375,2.2647,1251.0402,1.0773,0.42273331
928333,589b6f419b5d7ce5d8575f5fae57374d93f8f11b47d8bd7431e15b2705a010bf,18/12/25 00:12,153,408,2,0,0,1,1,1,14159450,12192.9854,14158942,12192.5479,508,0.4374,3320.2615,2.8589,1245.098,1.0721,0.0116963
928333,dd8810ff91adeac3b7497eba20c55eb7534c3d33f3e84aa3ce10f8460307c583,18/12/25 00:12,192,438,1,0,0,1,1,1,11977,10.3136,11431,9.8435,546,0.4702,2843.75,2.449,1246.5753,1.0738,8.59E-06
928333,8acfb52a20f461373070abdf92a0e90ea653ec419c6ccad2ccea001fc90c36a9,18/12/25 00:12,192,438,1,0,0,1,1,1,85000,73.1952,84454,72.725,546,0.4702,2843.75,2.449,1246.5753,1.0738,3.80E-05
928333,7f8e4fbf11d96954dca203f8b1e2160697c06e345220fa6d0f8468b6288b75f5,18/12/25 00:12,192,438,1,0,0,1,1,1,121236,104.3987,120690,103.9286,546,0.4702,2843.75,2.449,1246.5753,1.0738,6.66E-05
928333,2e1c52c38a0285aa946a8921674163ee084c7aa5ca7cd5b6dbac5c405a64d75d,18/12/25 00:12,193,442,1,0,0,1,1,1,92827,79.9352,92281,79.465,546,0.4702,2829.0156,2.4361,1235.2941,1.0635,5.10E-05
928333,acb0bbcaba1fa344c7a1eeb3ab0e61f076d7f138a512257d2015be65f94a89e6,18/12/25 00:12,192,441,1,0,0,1,1,1,299507,257.9115,298961,257.4413,546,0.4702,2843.75,2.449,1238.0952,1.0661,8.52E-05
928333,4cbcd0af3b1cf624c7ea2c63b4d8a0f601698cc741829855abb150445d550536,18/12/25 00:12,189,756,1,0,0,0,1,1,23000,19.8058,22071,19.0058,929,0.8,4915.3438,4.2324,1228.8359,1.0583,1.26E-05
928333,d7e398b345b4d10d3a193b279e3d69094143f6e9be5f2a560400dade8fd132b5,18/12/25 00:12,191,437,1,0,0,1,1,1,103323,88.9735,103213,88.8788,110,0.0947,575.91626,0.496,251.71625,0.217,2.12E-05
928333,5a4283fc340d94b8e4d25eecc0a99447d2ae68416dcc4200dafa8a155c7433bd,18/12/25 00:12,492,993,2,0,0,1,3,1,164146,141.3494,162518,139.9475,1628,1.4019,3308.943,2.8494,1639.4763,1.4114,0.00027132
928333,de408dea24f7ed078a21a94ecf514dfe2d328eb6933b514dc5d6374147d2251c,18/12/25 00:12,195,450,1,0,0,1,1,1,544870,469.1985,544324,468.7283,546,0.4702,2800,2.4111,1213.3334,1.0445,0.00020048
928333,91c08c6918ac122b5bc18ee62cf5c25315d1fd2e23dfa428af0df842469cfa1d,18/12/25 00:12,234,936,1,0,0,0,1,2,21076056,18149.0137,21074926,18148.041,1130,0.9731,4829.06,4.1583,1207.265,1.0394,0.15428941
928333,af9c567475ee5aaaa6a6ee4074ea95f6adea21a93e8d821a54c29656b146348f,18/12/25 00:12,642,1599,2,928272,0,1,3,6,1160075,998.9638,1158150,997.3062,1925,1.6577,2998.4424,2.5816,1203.8774,1.0368,0.10591358
928333,a309746be67b4c8346e9cb7179fe5130f307357450c5bf6bccd42e9709e5d43b,18/12/25 00:12,226,904,1,0,0,0,1,2,22504340,19378.9375,22503256,19378.0039,1084,0.9335,4796.46,4.1299,1199.115,1.0325,0.01613332
928333,c03f17406c14e05c9385f7cd82edd971c70902dfcc48c9e6cae88b27a7b4b037,18/12/25 00:12,192,438,2,0,0,1,1,1,551000,474.4771,550473,474.0233,527,0.4538,2744.7917,2.3638,1203.1963,1.0359,0.00015682
928333,f2c1f4563395cd3e888380885538d27d0b662c58ac2229262b2838d8f9383d01,18/12/25 00:12,189,756,2,0,0,0,1,1,21811,18.7819,20907,18.0034,904,0.7785,4783.069,4.1187,1195.7672,1.0299,0.00033032
928333,0a883ba3157391601721dbd22618d1cb784219805a5135ada003cfbb118035b5,18/12/25 00:12,254,686,2,0,0,1,1,3,17298487,14896.0732,17297707,14895.4014,780,0.6717,3070.8662,2.6445,1137.0262,0.9791,0.00354779
928333,3e50f074dba5d438b86723b35c8ed59a9a1982811285b4e0f0fb68609a717f8e,18/12/25 00:12,224,566,2,0,0,1,1,2,16534348,14238.0576,16533958,14237.7217,390,0.3358,1741.0714,1.4992,689.04596,0.5933,0
928333,258fdb6b90f1fcc103d1c8873c08df0435e3824b0645f91eaa1fc88d0b9b0cfa,18/12/25 00:12,222,561,2,0,0,1,1,2,15371334,13236.5635,15370944,13236.2275,390,0.3358,1756.7567,1.513,695.1872,0.5985,0
928333,0401907067943c1bd20a828a412ec9945b421dba939bdf3fbd35e26183d56c3a,18/12/25 00:12,224,566,2,0,0,1,1,2,15359577,13226.4385,15359187,13226.1035,390,0.3358,1741.0714,1.4992,689.04596,0.5933,0
928333,3fede1296748ac60ae52ade08a60d630ab68fbd31a8cab268656784eb6b044be,18/12/25 00:12,223,562,2,0,0,1,1,2,15188614,13079.2197,15188224,13078.8838,390,0.3358,1748.8789,1.5061,693.9502,0.5976,0
928333,2dbff022f069e526ab8692ecf30e5b77ccfff8180ce94076244e8796baab2645,18/12/25 00:12,257,698,2,0,0,1,1,3,15137225,13034.9668,15136449,13034.2988,776,0.6682,3019.4553,2.5997,1111.7478,0.9576,0
928333,4ad2762797cb6229f7532a76cb3abeb865349023b505d593e991fa72a343d624,18/12/25 00:12,224,566,2,0,0,1,1,2,14683382,12644.1543,14682810,12643.6611,572,0.4926,2553.5715,2.1993,1010.6007,0.8706,0
928333,4fd2465cea238c7a1c1379c4f8b0dda62012e9f680db4c2f3b5a9fa9d7a00ddd,18/12/25 00:12,224,566,2,0,0,1,1,2,11199786,9644.3594,11199032,9643.71,754,0.6493,3366.0715,2.8985,1332.1555,1.147,0
928333,5c97fb8a06f7d908704daf1536ab5e830ffdd695a3e40b6a2a2b4776a97fc746,18/12/25 00:12,287,818,2,0,0,1,1,4,10468177,9014.3564,10466887,9013.2461,1290,1.1108,4494.7734,3.8707,1577.0171,1.358,0
928333,bf522840b8749b1f6add7740ceb8225427764fd59c571687e96473fc33358fbf,18/12/25 00:12,285,810,2,0,0,1,1,4,10090729,8689.3281,10089439,8688.2178,1290,1.1108,4526.316,3.8974,1592.5927,1.3718,0
928333,32aa0f1ac390c963e28a047412557b830e0621a43e6b76ced2a56da411c9e857,18/12/25 00:12,508,1381,2,0,0,1,2,6,95022262,81825.5703,95020014,81823.6328,2248,1.9358,4425.197,3.8105,1627.8059,1.4019,0.0242608
928333,b1124f09ed3380c659b8843a35ee80e1a9e46fd41481a93ead24461068c2fc83,18/12/25 00:12,860,2147,2,0,0,1,5,2,98035007,84419.9062,98032471,84417.7188,2536,2.1838,2948.8372,2.5394,1181.1831,1.017,0.04447172
928333,be25770a8ffd76f4f4d95b4c40ff93f5831c3f9bb7cf216c903c6f0b7f1afc0c,18/12/25 00:12,247,658,1,0,0,1,1,2,19330639,16646,19329878,16645.3438,761,0.6553,3080.9717,2.6531,1156.5349,0.9963,0.02547438
928333,bab485a44bccdb7e32509acd50e4aec8e7873e48cd853216bfbbf09ff2cd10de,18/12/25 00:12,819,1656,1,0,0,1,5,2,17273061,14874.1787,17271093,14872.4834,1968,1.6947,2402.9304,2.0693,1188.4058,1.023,11.5617781
928333,efc3af2de04930e9a4d280179a21b1502ab6e08780100703e55a1b4a33bdbb2f,18/12/25 00:12,254,689,2,0,0,1,1,3,802621,691.153,801808,690.4529,813,0.7001,3200.7874,2.7564,1179.971,1.0161,0.00033155
928333,4a138aa65717bc9f57b974b0876c9239a412c96a0ba18ada8e322849c1d760a4,18/12/25 00:12,1375,2605,2,0,0,1,9,1,1795719,1546.3296,1792688,1543.7195,3031,2.6101,2204.3635,1.8979,1163.5316,1.0023,0.00242319
928333,4a6358e732fb597a67335fb5d3c8e73ddbc1bc9de384979daf95d2d10f42858e,18/12/25 00:12,402,957,2,0,0,1,2,3,14227357,12251.4619,14226243,12250.502,1114,0.9593,2771.1443,2.3862,1164.0543,1.0023,0.01048579
928333,ad7567c9d20fb59f806ff31f22d9aa3b8e10329093dc2e62dfd00727a6268e19,18/12/25 00:12,189,756,1,0,0,0,1,1,81000,69.7507,80126,68.9981,874,0.7526,4624.339,3.9818,1156.0847,0.9955,0.00013585
928333,d00fa0856dbacdb5400be2bf0e7e209daae5b72861e270353e72fd9f66dbf789,18/12/25 00:12,417,1020,1,0,0,1,2,2,19329340,16644.8809,19328170,16643.873,1170,1.0075,2805.7554,2.4163,1147.0588,0.9877,0.02243456
928333,4017ee20ac770580f83f1d712a69cd459992a51ab70aa09785c90e1b23c5dda9,18/12/25 00:12,194,449,2,0,0,1,1,1,112636,96.9931,112118,96.5471,518,0.4461,2670.103,2.2992,1153.6748,0.9937,9.30E-05
928333,47bb2fca7b88a15a05c9b3e9ba90328326fcb317e5da20d809833eef9af19d06,18/12/25 00:12,189,756,1,0,0,0,1,1,57863,49.827,57000,49.0838,863,0.7431,4566.1377,3.9319,1141.5344,0.9834,6.45E-05
928333,5c349e327401194df77cd87e136b28fb87f06561add260529b446477e3fe1a8c,18/12/25 00:12,317,938,2,0,0,1,1,5,85473557,73602.9922,85472486,73602.0703,1071,0.9223,3378.5488,2.9097,1141.791,0.9834,0.01752999
928333,9ee3b700a0e06cc18eb1a79b658a7c06b086d148ec366ee325287aba234459f2,18/12/25 00:12,301,877,1,0,0,1,1,3,3447297812,2968537,3447296812,2968536.25,1000,0.8611,3322.259,2.8606,1140.2509,0.9817,0.70701525
928333,5e83ca9e807951fbcde63d288d2a63d6078272ed1b7774c86edc0bab8451bb42,18/12/25 00:12,302,878,1,0,0,1,1,3,3447265778,2968509.5,3447264778,2968508.75,1000,0.8611,3311.2583,2.8512,1138.9521,0.9808,0
928333,3c37a35b674f1587911e75d9620153df2625539ec9db03386d06d4582ba6108a,18/12/25 00:12,191,437,1,0,0,1,1,1,737337,634.9356,736837,634.5051,500,0.4306,2617.801,2.2544,1144.1648,0.9851,0.43237399
928333,49667aaf0e4ef25be851a0b2f24e829ec6eee8b89b2e769f961701b7380412a0,18/12/25 00:12,192,438,2,0,0,1,1,1,75000,64.584,74500,64.1534,500,0.4306,2604.1667,2.2424,1141.5525,0.9834,2.76E-05
928333,a3824afff1b9d87194ec21552ba1a479a1c8df060e0d39d0f685a843d7af26ca,18/12/25 00:12,191,437,1,0,0,1,1,1,112842338,97170.7969,112841838,97170.3672,500,0.4306,2617.801,2.2544,1144.1648,0.9851,0.05038724
928333,854314a5c471299bd224d547b3c4299221fd20747b8419f066cae57b4d7d79f0,18/12/25 00:12,191,437,1,0,0,1,1,1,3800000,3272.2561,3799500,3271.8254,500,0.4306,2617.801,2.2544,1144.1648,0.9851,0.00313896
928333,4de33e8e8eac8dac83fc8222cae8c48b62843209466adeb1511aa9c90ab33efa,18/12/25 00:12,358,769,2,550740235,0,1,1,2,70000,60.2784,69123,59.5232,877,0.7552,2449.7207,2.1097,1140.4421,0.9817,0.00144057
928333,de564cd38bc1afcc68abd37a788f2dc9624154af17282339af99e611fda1e924,18/12/25 00:12,250,670,1,0,0,1,1,2,19360779,16671.9531,19360018,16671.2988,761,0.6553,3044,2.6212,1135.8209,0.9782,0.0835942
928333,99b01ab6058aa51ddf77861d7ec78004be32ffa002c13aadb7481257b4c1a11e,18/12/25 00:12,222,888,1,0,0,0,1,2,103000,88.6954,101996,87.8308,1004,0.8646,4522.5225,3.8948,1130.6306,0.9739,4.60E-05
928333,b2301ed33a429b7f257c8afe81103f29110cdf8297667ec94fc129fe32269a61,18/12/25 00:12,162,444,2,0,0,1,1,1,1200,1.0333,698,0.6011,502,0.4323,3098.7654,2.6686,1130.6306,0.9739,0.00027494
928333,5a2220c858dd7150931afefeb01d6aa1fb63f0185712a72a168cb32d39cfc075,18/12/25 00:12,162,444,2,0,0,1,1,1,1200,1.0333,698,0.6011,502,0.4323,3098.7654,2.6686,1130.6306,0.9739,0.00025008
928333,0ba0191f8444e29e70a20e3c1237edaab645b6f811c8b9de0ee16dcaa53e747c,18/12/25 00:12,162,444,2,0,0,1,1,1,1200,1.0333,698,0.6011,502,0.4323,3098.7654,2.6686,1130.6306,0.9739,0.00022192
928333,d93bc64e840f53be5f403b6d56cce6412266029e517e947412619f375db63248,18/12/25 00:12,266,1064,1,0,0,0,1,2,314461,270.7887,313261,269.7553,1200,1.0333,4511.2783,3.8845,1127.8196,0.9713,0.00314585
928333,d76f288dc2ff1b8e314124046ec0423bdb156e6531b52685f456a68cb2b30d42,18/12/25 00:12,162,444,2,0,0,1,1,1,1200,1.0333,700,0.6028,500,0.4306,3086.4197,2.6574,1126.1261,0.9696,0.00347791
928333,f0b08cf98652e716b1e879d9a451d3c6560b1a78e1d2b7a7a17f54b3c7c42274,18/12/25 00:12,162,444,2,0,0,1,1,1,1200,1.0333,700,0.6028,500,0.4306,3086.4197,2.6574,1126.1261,0.9696,0.00034563
928333,2b7acc38f80a0cda449b9b40b486a63a80c5659a2741516e19c6495b89a54c7a,18/12/25 00:12,162,444,2,0,0,1,1,1,1200,1.0333,700,0.6028,500,0.4306,3086.4197,2.6574,1126.1261,0.9696,0.00057291
928333,c6e92f101d304cb632bf9964c8b5d72b7c8eae45f30eab1342fd3e9394cc6630,18/12/25 00:12,222,561,2,928332,0,1,1,2,10798694,9298.9717,10798059,9298.4248,635,0.5468,2860.3604,2.4628,1131.9073,0.9748,0.02966891
928333,f834fd662ea5f0c2cf7b6b5c79f50ea27500bbe698adc3a74d930a698e99b641,18/12/25 00:12,223,562,1,0,0,1,1,2,217720,187.483,217085,186.9362,635,0.5468,2847.5337,2.4525,1129.8932,0.9731,0.00221737
928333,52e342e4446ae18962c92d9a8e90aa4437fa0f6139f4f6680388aecd07cc2ecb,18/12/25 00:12,222,561,1,0,0,1,1,2,103334,88.983,102699,88.4362,635,0.5468,2860.3604,2.4628,1131.9073,0.9748,2.12E-05
928333,ab78a7d7418ad69133dff23b2e4a505828498a8932bf0846afa3d974d3933b9f,18/12/25 00:12,222,561,2,928332,0,1,1,2,51480823,44331.168,51480400,44330.8008,423,0.3643,1905.4054,1.6404,754.0107,0.6493,0.01055834
928333,a24fc4d6c6fcbe0bfbcf6bc3e7e029d99604a28973a92a22b4b012a0db973d22,18/12/25 00:12,501,1677,2,928252,0,1,1,11,51432300,44289.3828,51430200,44287.5742,2100,1.8084,4191.6167,3.6098,1252.2361,1.0781,0
928333,d20750a57477b52ea377f15208d178f7582ab0b5e3ea09d833eb60e737d57edd,18/12/25 00:12,150,396,2,0,0,1,1,1,24340,20.9597,23896,20.5773,444,0.3823,2960,2.5489,1121.2122,0.9653,1.09E-05
928333,e2352d9b3a72ba1697144328095b92bfb3086c835a4e4018decc0ac0fcc1b9bd,18/12/25 00:12,222,561,2,0,0,1,1,2,4051305,3488.6597,4050678,3488.1199,627,0.5399,2824.3242,2.4318,1117.6471,0.9627,0.00149064
928333,b2055ec27a1bec19555165d4a0024089d6595c44741de239b97fa091aea86da4,18/12/25 00:12,225,900,1,0,0,0,1,2,1860000,1601.6832,1859000,1600.822,1000,0.8611,4444.4443,3.8268,1111.1111,0.9567,0.00038147
928333,fb14cd75c0a9edcc9251f3f006a42ff6498106be1243d3e001bd3b1eea441b0d,18/12/25 00:12,343,721,2,0,0,1,2,1,27569,23.7402,26765,23.0479,804,0.6923,2344.0234,2.0185,1115.1179,0.9601,0.00020497
928333,77bfac5b9701591bb2e431c1199c0d4df42582f889835754d7ae40b447c99a7d,18/12/25 00:12,193,442,1,0,0,1,1,1,57844,49.8106,57351,49.3861,493,0.4245,2554.404,2.1993,1115.3846,0.9601,1.19E-05
928333,bfafd678edb40807ab645596c99d9dba744f1a3bbf9b7480146797cf4a500008,18/12/25 00:12,372,1158,1,0,0,1,1,6,37092425,31941.0293,37091137,31939.9199,1288,1.1091,3462.3655,2.9812,1112.2626,0.9576,0.04888129
928333,bcac5d7ce7bbdd18e9332aa367fdfe7ee2dfb7543134a5f8f378643b1525e47c,18/12/25 00:12,191,437,2,0,0,1,1,1,72219,62.1892,71732,61.7699,487,0.4194,2549.7383,2.1959,1114.4165,0.9593,1.48E-05
928333,fef9bfc47e34d4d1dd128603b9f8f991dbea0691c465c913fd1b4e235c00c060,18/12/25 00:12,226,904,1,0,0,0,1,2,1453819,1251.9126,1452819,1251.0515,1000,0.8611,4424.779,3.8105,1106.1947,0.9524,0.00029817
928333,f65b2c6f70e66be855d06d30d90865707d2d59c12f8013e12d330a933e8b60c5,18/12/25 00:12,226,904,1,0,0,0,1,2,3577020,3080.2434,3576020,3079.3823,1000,0.8611,4424.779,3.8105,1106.1947,0.9524,0.00073362
928333,56f2230b088f74c0e21fcef5c31a05760919fab67c991d0bc50e85592c90b05e,18/12/25 00:12,223,565,2,928331,0,1,1,2,887377,764.1381,886752,763.5999,625,0.5382,2802.6907,2.4137,1106.1947,0.9524,0.00018199
928333,2909a4a42cb3ab9d68b869f338c5ba3ea4a3a921e67cdf91035143bc7c63cd4e,18/12/25 00:12,603,1764,1,0,0,1,2,8,12948679,11150.3662,12946745,11148.7012,1934,1.6654,3207.2969,2.7616,1096.3718,0.9438,0.00711885
928333,4124faca137c403ca8968853ac907f7b2cbaba14945e58e3152db30de122d6a4,18/12/25 00:12,193,568,2,0,0,1,1,2,69790,60.0976,69170,59.5637,620,0.5339,3212.4353,2.7659,1091.5493,0.9403,9.20E-05
928333,be427dc9a35c4c18ef128773b0a8bd11b7f87f8e2e99b2da5a5e5776f4b7e7de,18/12/25 00:12,735,2736,1,0,0,1,1,19,58634479,50491.3242,58631501,50488.7578,2978,2.5644,4051.7007,3.4893,1088.4503,0.9369,0.1480317
928333,6359bb285970ee942d1c533efd2b2c85d482897c2a7f9556da99559f055e32ae,18/12/25 00:12,850,3400,1,0,0,0,3,2,124840377,107502.547,124836683,107499.367,3694,3.181,4345.8823,3.7424,1086.4706,0.9352,0.64386786
928333,1f4c4b6e9508f14c5d2a63c75dc89a38bde53e349365d2db22e149fb743e0f84,18/12/25 00:12,191,437,2,0,0,1,1,1,20067,17.2801,19810,17.0588,257,0.2213,1345.5497,1.1591,588.1007,0.5063,5.07E-05
928333,c064200b4bff5d031be964b56c91597db3bbeb4ffe4b2ba0b1fd43e652265f79,18/12/25 00:12,636,1251,2,0,0,1,4,1,1035125,891.3668,1033544,890.0054,1581,1.3614,2485.849,2.1407,1263.789,1.0885,0.00030103
928333,1eb69650dedefcbcefbaea3f0a5b57862931e0b5a6e05127c1ae0a32d1610834,18/12/25 00:12,300,1200,1,0,0,0,1,1,24618101,21199.1387,24616798,21198.0176,1303,1.122,4343.3335,3.7398,1085.8334,0.9352,0.00504899
928333,7f751e4742cbace66387bb2920da81dd798bce4230bd8a721f79fa184fcf6abd,18/12/25 00:12,363,1452,1,0,0,0,1,3,213000000,183418.563,212998426,183417.203,1574,1.3554,4336.0884,3.7338,1084.0221,0.9335,0.23757882
928333,3a0d242d403eb42ef1b515f171c4370d9e3c7dae922ca7c25c8521c5834f5271,18/12/25 00:12,301,1204,1,0,0,0,1,1,33543659,28885.1152,33542356,28883.9941,1303,1.122,4328.904,3.7278,1082.226,0.9317,0.00687956
928333,1d12ca789ecc951c72810e3c0e362b9b92d09024061fea2d2443b75dca4c60ae,18/12/25 00:12,301,1204,1,0,0,0,1,1,78377288,67492.25,78375985,67491.125,1303,1.122,4328.904,3.7278,1082.226,0.9317,0.0160746
928333,96efbd68f7ed3eee2e7027cd50a7d2fe5c55f2466384033ac4674b912e287f8e,18/12/25 00:12,2901,10815,1,0,0,1,9,6,907872830,781787.438,907861130,781777.375,11700,10.0751,4033.092,3.4729,1081.8308,0.9317,3.54979971
928333,42e06e7ed007fab092b7efb8fd53000e79a627eb2103b5fb595042f04fc8e8e0,18/12/25 00:12,333,1332,1,0,0,0,1,2,12464354,10733.3047,12462914,10732.0645,1440,1.24,4324.324,3.7235,1081.081,0.9309,0.15112452
928333,454d00f6a2d41f7861f381b51c474e3af4c0568ab001e392ed32d3e8f27bf8a1,18/12/25 00:12,416,1016,2,0,0,1,2,2,4979064,4287.5718,4977968,4286.6279,1096,0.9438,2634.6155,2.2691,1078.7401,0.9291,0.04914561
928333,6c58c6b5c4109fa11ae701e5f5de2406073cbe7bf53630c816284ea81cdcd747,18/12/25 00:12,523,1114,1,0,0,1,3,2,14549306,12528.6982,14548103,12527.6621,1203,1.0359,2300.1912,1.9806,1079.8923,0.93,13.1447162
928333,fb1373dfa2387bd15dc92aba7fbfe46153c53091da79dcb03181cc938458636f,18/12/25 00:12,192,441,2,928332,0,1,1,1,280000,241.1136,279522,240.702,478,0.4116,2489.5833,2.1442,1083.9003,0.9335,0.00012503
928333,89527ab8d7c9fde953e26c5426363fdeba959fc167c5d12392a90fe15d9d66d9,18/12/25 00:12,223,892,2,0,0,0,1,2,2987157,2572.3005,2986202,2571.4783,955,0.8224,4282.511,3.6882,1070.6278,0.9223,0.39190497
928333,b05187c9162965708c555485615eaf6a74626367c0cd1a27a9801bee68640192,18/12/25 00:12,194,449,1,0,0,1,1,1,11583,9.9744,11100,9.5584,483,0.4159,2489.6907,2.1442,1075.7239,0.9266,2.02E-05
928333,c85171bcac76e18691e674f0c7a749ba4455fb60bbdb1764ab7babf243bda252,18/12/25 00:12,224,896,2,0,0,0,1,2,17110,14.7338,16155,13.9114,955,0.8224,4263.393,3.671,1065.8483,0.918,7.64E-06
928333,db48aed50dea528c9806f8fb378af15fc3855222fcc8af3c59614914c5d07a4c,18/12/25 00:12,222,561,2,928332,0,1,1,2,2157100,1857.522,2156500,1857.0052,600,0.5167,2702.7026,2.3276,1069.5187,0.9214,0.00178185
928333,9e27d1aa65db092b084bf6200f02586fe3dc88df6e34bef6b8e23710ad4dbf35,18/12/25 00:12,340,712,2,0,0,1,2,1,92512117,79664.0312,92511361,79663.3828,756,0.651,2223.5293,1.9151,1061.7977,0.9145,0.1509597
928333,8dd033abc8597ba22ff17733e0f0734432dee86d89593caa78547ec03f7e867d,18/12/25 00:12,340,712,2,0,0,1,2,1,63969883,55085.7461,63969127,55085.0938,756,0.651,2223.5293,1.9151,1061.7977,0.9145,0.09646456
928333,89596653273a08eaf3359508d9681d8bf78f26816496289e97c50aabfec00994,18/12/25 00:12,1033,4132,1,0,0,0,1,27,189988750,163603.109,189984407,163599.375,4343,3.7398,4204.2593,3.6201,1051.0648,0.905,0.12969371
928333,a54d62ccc09e5f14cde3b440827f93223032382fcaa0f6f283f39a11175fa3a8,18/12/25 00:12,1042,3841,1,0,0,1,1,27,172268621,148343.953,172264584,148340.484,4037,3.4763,3874.2803,3.336,1051.0283,0.905,0.22701974
928333,751961833747914e245e34400497a9b6d46414896512f33d76f56f09d4054f50,18/12/25 00:12,1148,4262,1,0,0,1,1,31,169605827,146050.969,169601349,146047.109,4478,3.8561,3900.6968,3.3592,1050.6804,0.905,0.19685269
928333,8caabc32c3c9234a46259035c0499f51e81bde15efe0a1fd727d17f01ed5f5f9,18/12/25 00:12,1239,4626,1,0,0,1,1,34,346395775,298288.344,346390915,298284.156,4860,4.185,3922.518,3.3782,1050.5836,0.905,0.40204361
928333,c0aa565c9aa7b8917e7c957c0d50218a0c718e1c08b91b91523deaf0c08de16e,18/12/25 00:12,1293,4845,1,0,0,1,1,35,158041570,136092.75,158036479,136088.375,5091,4.384,3937.355,3.3902,1050.774,0.905,0.10788532
928333,8e22433ba0cb0c77f85f2f23933196a6ee28c9f47f717e63819891feea415ca5,18/12/25 00:12,1110,4110,1,0,0,1,1,29,173651500,149534.781,173647182,149531.063,4318,3.7183,3890.09,3.3498,1050.6083,0.905,0.16796361
928333,f516ce3faaaf7c17453b7c2fe6f53bc973f8492396833c52554741d81a46393c,18/12/25 00:12,1114,4129,1,0,0,1,1,29,146598633,126239.016,146594294,126235.281,4339,3.7364,3894.9731,3.3541,1050.8597,0.905,0.19319121
928333,c5ca776f02e3beb94e6ee79ca3612eed72244b78838e8e69add7920c7cfffde0,18/12/25 00:12,1487,5300,1,0,0,1,2,37,2000000000,1722240,1999994435,1722235.25,5565,4.7921,3742.4343,3.2223,1050,0.9042,0.41018519
928333,70626680f2a5e447f9d0d8b7abad2e0e7054290ba5be2245b30c0acc69247ae8,18/12/25 00:12,188,752,1,0,0,0,1,1,824688,710.1553,823905,709.4811,783,0.6743,4164.8936,3.5866,1041.2234,0.8964,0.00079099
928333,4012ddc1eb2dce92927847b20d15831721082958461817bc89b9a666c35cad49,18/12/25 00:12,192,768,1,0,0,0,1,1,536494,461.9857,535698,461.3003,796,0.6855,4145.8335,3.5702,1036.4584,0.8921,0.00023956
928333,736c0c5df29260723c6d1cea1e14af2bca69c136bc27d361d6c142d9a915970a,18/12/25 00:12,222,561,2,928332,0,1,1,2,23836209,20525.8359,23835625,20525.334,584,0.5029,2630.6306,2.2656,1040.9982,0.8964,0.02766545
928333,5cebd97515cc33d37dc457acb36bb8b3e7ef96527f78023cf7dffa7291f1386f,18/12/25 00:12,352,1081,1,0,0,1,1,6,69287540,59664.8867,69286564,59664.0469,976,0.8405,2772.7273,2.3879,902.86774,0.7776,0.01971968
928333,02fa132155e9d6d14c2451792723227d2ad307b3108aaad0d533e4548efea3e3,18/12/25 00:12,373,1492,2,0,0,0,2,2,625700,538.8028,624010,537.3475,1690,1.4553,4530.831,3.9017,1132.7078,0.9756,0.00080504
928333,b037477a715d07d8f0ff3de168a291b8e07053997f85a7e26c49a9f087860110,18/12/25 00:12,465,1206,1,0,0,1,2,5,12363727,10646.6523,12362477,10645.5762,1250,1.0764,2688.172,2.3147,1036.4843,0.8921,0.00253571
928333,8805020762feaeb8473889d5c2564df8958b2c69a8a09432f1672b2091175497,18/12/25 00:12,191,437,2,0,0,1,1,1,27402,23.5964,26947,23.2046,455,0.3918,2382.199,2.0512,1041.19,0.8964,0.00082968
928333,3223aa98343337af99eda9618fd99ba61ecdab32edb759981a82d67f81d4ec3f,18/12/25 00:12,222,561,2,0,0,1,1,2,218688,188.3166,218105,187.8146,583,0.502,2626.1262,2.2613,1039.2157,0.8947,0.02901572
928333,5945fb353761c88ebd962a4cdf7eed5c82de39b0c0b96362c4588b641b092870,18/12/25 00:12,222,561,2,0,0,1,1,2,669930,576.8901,669347,576.3881,583,0.502,2626.1262,2.2613,1039.2157,0.8947,0.00895085
928333,3b812564992ddd666eb714f1abce0bb4b37e1b76e6fd7cfc9636e5864acac5dd,18/12/25 00:12,784,1522,2,0,0,1,5,1,2324453,2001.6329,2322880,2000.2784,1573,1.3545,2006.3776,1.7274,1033.5085,0.8904,0.21461196
928333,82c0117dfa2d773a4f1729bfde78a65b80dc400bf48386d77391d129d30ecee9,18/12/25 00:12,558,1257,1,0,0,1,3,1,77599123,66822.1562,77597823,66821.0391,1300,1.1195,2329.749,2.0064,1034.2084,0.8904,0.01778455
928333,aa965daffcb052b19a2531b39b5f120c8e639ddf406e1bbe22200490370d395c,18/12/25 00:12,340,709,2,0,0,1,2,1,47195,40.6406,46461,40.0085,734,0.6321,2158.8235,1.8592,1035.261,0.8913,4.72E-05
928333,679bc81154347414158922caa63fe74a2b8b37e5da0dd07e3dabe15cd8609fa8,18/12/25 00:12,285,810,2,0,0,1,1,4,3798500,3270.9644,3797864,3270.4167,636,0.5477,2231.5789,1.922,785.1852,0.676,0
928333,997722620a2910d6d7c40b287e60ed806ae5e9fc78c0d0ff65c2bb23b558afcf,18/12/25 00:12,499,1348,2,0,0,1,2,5,1609625,1386.0803,1608037,1384.7128,1588,1.3675,3182.3647,2.7401,1178.0415,1.0144,0.00087511
928333,ae16cd76c28f179605e3ba472fec52c99cdfcdf433756daba1a4cc3b98aadb37,18/12/25 00:12,472,1357,2,0,0,1,2,5,1072083,923.1921,1070492,921.8221,1591,1.37,3370.7627,2.9028,1172.4392,1.0092,2.63E-06
928333,54382fd83f85b74f8acc09dd05ba5a8805ff07faf1ec8e126757bd97730d6d55,18/12/25 00:12,472,1357,2,0,0,1,2,5,965192,831.1461,963601,829.7761,1591,1.37,3370.7627,2.9028,1172.4392,1.0092,2.63E-06
928333,f97863b93e49b7e7e108ae17ca97b1e3ddbc1910134f5e8687a74edbe6f309f3,18/12/25 00:12,222,561,2,928332,0,1,1,2,104469,89.9603,103890,89.4618,579,0.4986,2608.1082,2.2458,1032.0856,0.8887,3.84E-05
928333,3a02bc31cfe28ea27d3de30886a08b209e6d3109a65bd4cffd43a2a5cbe8a745,18/12/25 00:12,188,752,1,0,0,0,1,1,43417,37.3872,42647,36.7242,770,0.6631,4095.7446,3.5271,1023.93616,0.8818,0.00038387
928333,3573ebe31f48c1535e7df6d8b1601a79ebff6565c8e27edeec2f35227d8fa055,18/12/25 00:12,371,833,2,0,0,1,2,2,893871,769.7302,893017,768.9948,854,0.7354,2301.8867,1.9823,1025.2101,0.8826,0.04769318
928333,a4768acb6902ce440ef39774b4a3a689fbd068b4f98896b272f0999d4a9aa0fc,18/12/25 00:12,188,752,1,0,0,0,1,1,41160,35.4437,40392,34.7824,768,0.6613,4085.1064,3.5177,1021.2766,0.8792,1.70E-05
928333,332e81aeb2f6ecd65d96f7ed72e11e4b7d709609b5c4924db527afa51ca9f41c,18/12/25 00:12,248,662,2,0,0,1,1,2,6651305,5727.5718,6650627,5726.9878,678,0.5838,2733.8708,2.3543,1024.1692,0.8818,0.00296999
928333,53580309bd29c7cf7ce5d4efdf1b7a71d4983acee4fdaaaf9b5dd3cac535658f,18/12/25 00:12,373,844,2,0,0,1,2,2,941292,810.5654,940438,809.83,854,0.7354,2289.5442,1.972,1011.8483,0.8715,0.10753386
928333,9d55619078f317ff2af73685cb4c82151ae28e5bd9c87e92cd12dc744064b3b5,18/12/25 00:12,222,561,2,0,0,1,1,2,435848,375.3174,435265,374.8154,583,0.502,2626.1262,2.2613,1039.2157,0.8947,0
928333,167949f43cf2d0353d3935df278c762149f4679757ac678e0ba340c445aa8258,18/12/25 00:12,1490,3044,2,0,0,1,9,3,436537,375.9107,433433,373.2378,3104,2.6729,2083.2214,1.7937,1019.7109,0.8783,8.95E-05
928333,7af89f117e6e31cde5413742fe4acf567619348646c01a5ee7a66f64b9f33a59,18/12/25 00:12,312,846,2,928332,0,1,2,2,16767904,14439.1777,16767268,14438.6299,636,0.5477,2038.4615,1.755,751.7731,0.6476,0.00343897
928333,92ce0ad07d03caed70caa7ffbff4870bf89c61ff0c4f6798a721823565ce57f9,18/12/25 00:12,205,616,2,928332,0,1,1,2,9793218,8433.1357,9792598,8432.6016,620,0.5339,3024.3901,2.604,1006.4935,0.8663,0.00200852
928333,4753773ea090247ba153d7c009b88bb76509126a9b542e23f66a9a4c91ba4686,18/12/25 00:12,312,846,2,928299,0,1,2,2,3089149,2660.1279,3088089,2659.2151,1060,0.9128,3397.4358,2.9252,1252.9551,1.079,0
928333,65b1efe634e05f7320ce4ef56c243f0b9abf3cd6c940556de288a7c9240e0a7b,18/12/25 00:12,150,396,1,0,0,1,1,1,1780461,1533.1906,1780017,1532.8082,444,0.3823,2960,2.5489,1121.2122,0.9653,0
928333,32668a43c104cf54ecfb4ad8842a4c47a7eb59fb94d0a0201c62bc746d0fdabe,18/12/25 00:12,2964,10311,1,0,0,1,9,8,66881384,57592.8984,66870884,57583.8555,10500,9.0418,3542.51,3.0509,1018.32996,0.8766,3.13016302
928333,3df8d304291e2b38577f03660cbdb2de0e8fde45316b4a9ecc342f57ba264efe,18/12/25 00:12,191,437,2,928332,0,1,1,1,19447,16.7462,19000,16.3613,447,0.3849,2340.3142,2.015,1022.8833,0.8809,0.00013677
928333,bc742026d08365384d7a948683a11781233a21649c1a42d4677a096c5cd1bd1c,18/12/25 00:12,189,756,1,0,0,0,1,1,1075427,926.0717,1074659,925.4103,768,0.6613,4063.492,3.4987,1015.873,0.8749,3.97844759
928333,6c5cc9ab7428b83cc3dc30e5d1e52ee94cd36933215c63f84e76f1d79652636a,18/12/25 00:12,1707,3276,1,0,0,1,11,2,513925,442.5511,510601,439.6887,3324,2.8624,1947.2759,1.6766,1014.65204,0.874,0.00951217
928333,7db84647963864e0e8e3a96a828a9632336cab61d60cffc42646e919af59bc5f,18/12/25 00:12,636,1251,1,0,0,1,4,1,3601073,3100.9561,3599805,3099.864,1268,1.0919,1993.7107,1.7171,1013.5891,0.8732,2.6516077
928333,b13e1a5ed7a705904f560b3e4d7984a3b2ebe567ec99103066db48e8afb8eafe,18/12/25 00:12,966,1920,1,0,0,1,6,2,20332,17.5083,18388,15.8343,1944,1.674,2012.4224,1.7326,1012.5,0.8715,0.00107554
928333,d5f25e2441e10a21079bc4fe47ad0d01b553d01589741f07a529c8430c16ca89,18/12/25 00:12,918,3672,1,0,0,0,1,24,99999875,86111.8906,99996980,86109.3984,2895,2.4929,3153.5947,2.716,788.3987,0.6786,0.02050923
928333,e5a6b6cc5b1990249b623f42e431d44d13fcc3f41416b91e48de3f507ffcfe20,18/12/25 00:12,192,438,2,0,0,1,1,1,203446,175.1914,202180,174.1012,1266,1.0902,6593.75,5.6782,2890.411,2.4886,0
928333,6f7abbe72fa8e43733e016fe07a822ca01acbbd9d0aca8cfe437de6b3c624d99,18/12/25 00:12,339,708,1,0,0,1,2,1,3125673,2691.5796,3124957,2690.9629,716,0.6166,2112.0945,1.8187,1011.29944,0.8706,0.00302329
928333,7f863bb37eb9ee6d8fa8bcde93eb3dec35202c5b4e17e691f6dc5b2f5a0f16b2,18/12/25 00:12,339,708,1,0,0,1,2,1,9661936,8320.0859,9661220,8319.4697,716,0.6166,2112.0945,1.8187,1011.29944,0.8706,0.00198159
928333,c93f93cf993d58fc91296696d0b0934fe84711ac101b10ee515ae92b0cb26f7f,18/12/25 00:12,222,561,2,928286,0,1,1,2,503900,433.9184,503330,433.4275,570,0.4908,2567.5676,2.2114,1016.0428,0.8749,0.00022501
928333,944ef7183384898ac2da65c4efa5ccb53ef36572b95160faca9bd24b5ea6fbc7,18/12/25 00:12,150,396,2,0,0,1,1,1,60000,51.6672,59600,51.3228,400,0.3444,2666.6667,2.2966,1010.101,0.8697,0.40320689
928333,b79151a69212c45522d160723886d4657599770060e3ab6a1035f9993aa2e0dd,18/12/25 00:12,150,396,1,0,0,1,1,1,8194681,7056.6035,8194281,7056.2593,400,0.3444,2666.6667,2.2966,1010.101,0.8697,0
928333,ac004ea3511612c473a9c23ec91d60b918085b059182a85d5f5639baba65e5d5,18/12/25 00:12,583,988,1,0,0,1,2,1,11066205,9529.3301,11065209,9528.4727,996,0.8577,1708.4048,1.4708,1008.09717,0.868,0.00895399
928333,419d986211fd0dda64dd0dc1113fad13186e66966450d1ca7cd74ac716b46664,18/12/25 00:12,205,616,2,928332,0,1,1,2,24895098,21437.666,24894478,21437.1328,620,0.5339,3024.3901,2.604,1006.4935,0.8663,0.00708531
928333,2120aa99d7f020c7b6277fb610879040c6360aefe79c4853134a7fcc825b0139,18/12/25 00:12,150,396,1,0,0,1,1,1,8372556,7209.7754,8372156,7209.4312,400,0.3444,2666.6667,2.2966,1010.101,0.8697,0
928333,09f82fd78c9ff0f52b2c99d2080c8121ef8f422f3f40d5735ca6523685d1a1e6,18/12/25 00:12,205,616,2,928332,0,1,1,2,24882648,21426.9453,24882028,21426.4121,620,0.5339,3024.3901,2.604,1006.4935,0.8663,0.00510325
928333,161151c5ed865147a06b5000c52d3b122199ec0483ee393b8e66578ef3f19ec3,18/12/25 00:12,150,396,1,0,0,1,1,1,10696934,9211.3438,10696534,9210.999,400,0.3444,2666.6667,2.2966,1010.101,0.8697,0
928333,010e34d166d876564df1214b5c5dd0f137b50be3639daba31589dcdd6e50db99,18/12/25 00:12,205,616,2,928332,0,1,1,2,24890006,21433.2812,24889386,21432.748,620,0.5339,3024.3901,2.604,1006.4935,0.8663,0.00510476
928333,8cbdf6d48a72de4362afb33cd2d7c1231d7cd04b19aa73d0c3f0ed61476d4ffb,18/12/25 00:12,150,396,1,0,0,1,1,1,9046427,7790.0591,9046027,7789.7148,400,0.3444,2666.6667,2.2966,1010.101,0.8697,0
928333,efa65539915ddce75666435f07710bf9b88d9e544c3885bf6729e8434daca976,18/12/25 00:12,205,616,2,928332,0,1,1,2,15842959,13642.6885,15842339,13642.1553,620,0.5339,3024.3901,2.604,1006.4935,0.8663,0
928333,f35d0b752ee9ab37fa5e00a3127e0165a8a7397255901bf06c64f250a4a3f8c1,18/12/25 00:12,150,396,1,0,0,1,1,1,11345050,9769.4492,11344650,9769.1055,400,0.3444,2666.6667,2.2966,1010.101,0.8697,0
928333,692492d2ec25d0665620422c9492a756705828c3a50a3ecf776f51c95bbed16f,18/12/25 00:12,205,616,2,928286,0,1,1,2,24882648,21426.9453,24882028,21426.4121,620,0.5339,3024.3901,2.604,1006.4935,0.8663,0.00510325
928333,430e92095b93ef5712453a590faf1af28c9e773b1f4af10fc14706bf759298fd,18/12/25 00:12,150,396,1,0,0,1,1,1,11465137,9872.8584,11464737,9872.5146,400,0.3444,2666.6667,2.2966,1010.101,0.8697,0
928333,480b41bfe105f789f09f5c65bae592cef2c3e381a3c04dc856c61c5c5c115b5e,18/12/25 00:12,193,568,1,0,0,1,1,2,7441436,6407.9692,7440864,6407.4771,572,0.4926,2963.7305,2.5524,1007.04224,0.8671,0.00332281
928333,452ccc12c18c03bf802f596008cafea06efe26cc3936d685c964045cdda47ea0,18/12/25 00:12,193,568,1,0,0,1,1,2,7474747,6436.6543,7474175,6436.1616,572,0.4926,2963.7305,2.5524,1007.04224,0.8671,0.00410765
928333,881421bcfe94a60e262f08be0a5d4e29bc5f5b32c6765ce873876b8f403c0ba6,18/12/25 00:12,193,568,1,0,0,1,1,2,7483180,6443.916,7482608,6443.4233,572,0.4926,2963.7305,2.5524,1007.04224,0.8671,0.00153474
928333,e368566190214a9fdb3d0acd5db5a352c714a1efd0986159e1386cecfa49cbdb,18/12/25 00:12,193,568,1,0,0,1,1,2,7464456,6427.7925,7463884,6427.2998,572,0.4926,2963.7305,2.5524,1007.04224,0.8671,0.00983684
928333,10c440124aa5d5e10ba2c7a88ffc240cc54cab9b50b23fb104518850967883e2,18/12/25 00:12,193,568,1,0,0,1,1,2,61996,53.386,61424,52.8934,572,0.4926,2963.7305,2.5524,1007.04224,0.8671,1.27E-05
928333,6bd25146d07880eda9951a49349351959c4a64c931231317140792aae15ae6e4,18/12/25 00:12,194,572,1,0,0,1,1,2,7405867,6377.3403,7405291,6376.8442,576,0.496,2969.0723,2.5567,1006.993,0.8671,0.00151889
928333,adaa843d960644b7e2d1d8bd630c22b50d14bde7a172d860f399127f5a172762,18/12/25 00:12,196,580,1,0,0,1,1,2,32749,28.2008,32165,27.6979,584,0.5029,2979.5918,2.5661,1006.89655,0.8671,3.17E-05
928333,478e38aa969073f3ecb55860328f51b5f91e8b802db92917a9aa893e2edec469,18/12/25 00:12,196,580,1,0,0,1,1,2,47184,40.6311,46600,40.1282,584,0.5029,2979.5918,2.5661,1006.89655,0.8671,2.59E-05
928333,9f8e397393ed34d5a090b30b6e26cb632b032c223caec721f0a3805bae61b573,18/12/25 00:12,196,580,1,0,0,1,1,2,7314625,6298.77,7314041,6298.2671,584,0.5029,2979.5918,2.5661,1006.89655,0.8671,0.00326618
928333,bbcd2cef5afdf73c3ce92a3da58b27d90b76d5be2776359e27549228bbbc2198,18/12/25 00:12,196,580,1,0,0,1,1,2,7110245,6122.7744,7109661,6122.2715,584,0.5029,2979.5918,2.5661,1006.89655,0.8671,0.0041929
928333,71502135cb9f6a32777528bfe0c877d69d5baf5fe39f6c62dfceca37c5e7b4cc,18/12/25 00:12,196,580,1,0,0,1,1,2,7583092,6529.9521,7582508,6529.4492,584,0.5029,2979.5918,2.5661,1006.89655,0.8671,0.00416719
928333,b6045c6800a44a7135a4c082b7ae0eeae006b3930ab6c13bd1a796348a8bce1f,18/12/25 00:12,417,1020,1,0,0,1,2,2,321875,277.173,320848,276.2886,1027,0.8844,2462.8298,2.1209,1006.86273,0.8671,0.00033602
928333,15b10810504b342273bcd89ba734b5edffb387069f5774f4ba242c22916a4f5f,18/12/25 00:12,689,2426,1,0,0,1,1,17,720192327,620172,720191599,620171.375,728,0.6269,1056.6038,0.9102,300.08243,0.2583,0.14770611
928333,bb6839cd8b64f0fcebccea4b1d2eecfc65a63098f0ce7d6f5854e31ddef89dbf,18/12/25 00:12,532,1801,1,0,0,1,1,12,713133308,614093.375,713132767,614092.875,541,0.4659,1016.9173,0.8758,300.38867,0.2583,0
928333,9c38388d4b5b5fe21d89ebd80245bafecf9937ccf50435ceedd73475e22bbb5f,18/12/25 00:12,667,1375,2,0,0,1,4,2,2246188,1934.2374,2241812,1930.4691,4376,3.7683,6560.7197,5.6498,3182.5454,2.7409,0.00050348
928333,2768b1f47fd5b2439e801dbd7259342aaaf0fbda0c3f45c3d10e724c832a3f53,18/12/25 00:12,192,438,2,0,0,1,1,1,336844,290.0631,334395,287.9542,2449,2.1089,12755.208,10.9836,5591.324,4.8145,0
928333,a7314b988e649bd045400fba813b728bf7564349cebda09ab0f815f26fc7551d,18/12/25 00:12,192,438,2,0,0,1,1,1,61654,53.0915,60444,52.0495,1210,1.042,6302.0835,5.4268,2762.5571,2.3793,0
928333,2975a33bda41398ab963c9778d8389b296445076b3d4d25dabc115f3d73b1d38,18/12/25 00:12,191,437,2,0,0,1,1,1,112244,96.6556,111034,95.6136,1210,1.042,6335.0786,5.4552,2768.8787,2.3844,0
928333,6b8cdae94e64d471ae579f45cd14fb252b5517bc1bc40dda803ce9ef16942657,18/12/25 00:12,191,437,2,0,0,1,1,1,179464,154.54,178254,153.4981,1210,1.042,6335.0786,5.4552,2768.8787,2.3844,0
928333,ba6fac098c5d7ba759b0d6a2dd6c3b8650649d541eb691fa53102b158d1051ca,18/12/25 00:12,235,610,2,0,0,1,1,2,112344,96.7417,110677,95.3062,1667,1.4355,7093.617,6.1088,2732.7869,2.3534,0
928333,a1e1e96b54954e4e829acc5f72967fd490c692e0f5a6aaeb0ab44af0d2cd71a7,18/12/25 00:12,195,450,2,0,0,1,1,1,241174,207.6797,239964,206.6378,1210,1.042,6205.1284,5.3432,2688.889,2.3156,0
928333,c64f87867747de570155b7a9611015f89007cff235271e5dcda13161ecd97f0f,18/12/25 00:12,520,1105,2,0,0,1,3,2,1336490,1150.8783,1334391,1149.0708,2099,1.8075,4036.5386,3.4763,1899.5475,1.6361,0.00793657
928333,c85b14eaae66374f1be54f4e393968886008ebb354cb3b6e056010ca619d6284,18/12/25 00:12,192,438,2,0,0,1,1,1,101216,87.1591,100412,86.4668,804,0.6923,4187.5,3.6064,1835.6165,1.581,0
928333,fd3dbd58f6b8a19145022cffeb0f9b9873ac7fa59fc4b1112e9fa3a098337c96,18/12/25 00:12,192,438,2,0,0,1,1,1,179784,154.8156,178980,154.1233,804,0.6923,4187.5,3.6064,1835.6165,1.581,0
928333,c159acbf52f438051a886305c148b1d6698384f2dceadaf7aa9c0ba8d50a3db2,18/12/25 00:12,191,437,2,0,0,1,1,1,224733,193.5221,223929,192.8297,804,0.6923,4209.4243,3.6245,1839.8169,1.5845,0
928333,c71075d4cd2f6d2a329c0af04cdb825765aa40dc6a5acff731bd28e3670ae9da,18/12/25 00:12,191,437,2,0,0,1,1,1,112244,96.6556,111440,95.9632,804,0.6923,4209.4243,3.6245,1839.8169,1.5845,0
928333,f7485e96ba54576dcc391f267cebda1f81e6ca3dd05d4e453a470b6aaa134af6,18/12/25 00:12,191,437,2,0,0,1,1,1,95314,82.0768,94510,81.3845,804,0.6923,4209.4243,3.6245,1839.8169,1.5845,0
928333,2f4ab578dce7541d328d4edeb3e791785bae123e4a5bad3ad3b2292685b13bef,18/12/25 00:12,471,1554,1,0,0,1,1,10,710699104,611997.188,710697704,611996,1400,1.2056,2972.3992,2.5592,900.9009,0.7759,0
928333,477ebb9fa8ff117f2ebaed14b7d27c1aba3c9706a380f02cc7368d989e270c53,18/12/25 00:12,203,485,2,0,0,1,1,1,56105,48.3131,53830,46.3541,2275,1.959,11206.896,9.6506,4690.7217,4.0395,0
928333,a892ca29bee815c85ff37f4f2a18ef0469d541fe005e076c8e988eb6726bf47d,18/12/25 00:12,195,450,2,0,0,1,1,1,336844,290.0631,336040,289.3708,804,0.6923,4123.077,3.5504,1786.6666,1.5388,0
928333,f416fb89238807a842642b012add568dae289e2d67268161679856d429385e0d,18/12/25 00:12,340,709,2,0,0,1,2,1,673988,580.3845,673042,579.5699,946,0.8146,2782.353,2.3956,1334.2737,1.1487,0
928333,88d77e476ecb09c9b7430e89894f43832f450625722a6e5742848971f963349c,18/12/25 00:12,205,616,1,0,0,1,1,2,134463,115.7888,133843,115.2549,620,0.5339,3024.3901,2.604,1006.4935,0.8663,0.00023836
928333,ddcf393729afeb639dc29f27a48d021bf160f7bf31fedab05487daf0629f3cb2,18/12/25 00:12,556,1300,1,0,0,1,4,2,136186,117.2725,134878,116.1461,1308,1.1263,2352.518,2.0262,1006.1539,0.8663,0.00075139
928333,c00ef9ef60e88e12fa60f01d84230018dbe31751060236889cfffff3cfb870af,18/12/25 00:12,339,708,2,0,0,1,2,1,2972884,2560.0098,2972172,2559.3967,712,0.6131,2100.295,1.8084,1005.6497,0.8663,0.00438367
928333,7f4cd3ecaf4459916850178b0e3592863cef9224638ab11682c1350f44f1e835,18/12/25 00:12,340,709,1,0,0,1,2,1,513119,441.857,512403,441.2405,716,0.6166,2105.8823,1.8135,1009.87305,0.8697,0.00142397
928333,da1d2f804b3568395a3a969289951896540347362ccae84dcb880e365de4de5b,18/12/25 00:12,189,756,1,0,0,0,1,1,26000,22.3891,25240,21.7347,760,0.6545,4021.164,3.4626,1005.291,0.8654,4.54E-05
928333,5022369bd0d6dda64a9af3dc8d646251b5026b13e74e007024d92a3d5d75abf2,18/12/25 00:12,191,764,1,0,0,0,1,1,410013,353.0704,409245,352.4091,768,0.6613,4020.9424,3.4626,1005.2356,0.8654,8.41E-05
928333,5dfc53ca6ba06063bd67d978be6e1b39579f8895ff52175a0ebf5126b9bc86e7,18/12/25 00:12,300,798,1,0,0,1,2,2,250295,215.534,249491,214.8417,804,0.6923,2680,2.3078,1007.5188,0.868,0.00043869
928333,f0213373a7eb4cbdc777aece461bd04c39f7112d8eba8a5c95618ae6034ffd31,18/12/25 00:12,370,832,2,0,0,1,2,2,2975060,2561.8838,2974224,2561.1638,836,0.7199,2259.4595,1.9453,1004.8077,0.8654,0.00124974
928333,83b4e493a35c66504f825c3600cc64bfb722fad31713f03c4df401370755acfa,18/12/25 00:12,370,832,2,0,0,1,2,2,659192,567.6434,658356,566.9235,836,0.7199,2259.4595,1.9453,1004.8077,0.8654,0.00971113
928333,83a6dd74c5bcf9c936c73e5a9440384f5c698cd3bac2a6ff21763ce64da16f04,18/12/25 00:12,371,836,2,0,0,1,2,2,2117722,1823.6128,2116882,1822.8894,840,0.7233,2264.151,1.9496,1004.78467,0.8654,0.04942707
928333,f8a42838d49081819ed31df6d56fa68296c8023e471925c3bae274c96092ed11,18/12/25 00:12,341,839,1,0,0,1,2,2,111680,96.1699,110836,95.4431,844,0.7268,2475.0732,2.1313,1005.9595,0.8663,0.0018094
928333,19aed0794da7c55a5ad56aab52f18d44fbe4d1347ac0bbc1529968f2c0a7ff49,18/12/25 00:12,340,838,1,0,0,1,2,2,91521,78.8106,90677,78.0838,844,0.7268,2482.353,2.1373,1007.1599,0.8671,0.00029933
928333,cf9618f2d96e64ede4aeaf78573de5c543bfb34f756182d001954e969dcf34b5,18/12/25 00:12,373,844,2,0,0,1,2,2,340275,293.0176,339427,292.2874,848,0.7302,2273.4585,1.9573,1004.7393,0.8654,8.29E-05
928333,395665e25c5bf9c639a8bc383db30afa761572620ab2db37361fa831735f81c5,18/12/25 00:12,373,844,2,0,0,1,2,2,125048,107.6813,124200,106.9511,848,0.7302,2273.4585,1.9573,1004.7393,0.8654,0.00448696
928333,3bd768cc6fc3f7fa5dc6d38a58a07a1bf13f7c0eef76cf31c891e99ebf68a02e,18/12/25 00:12,312,846,1,0,0,1,2,2,63476,54.6605,62624,53.9268,852,0.7337,2730.7693,2.3517,1007.0922,0.8671,0.00037245
928333,306a8a3e7e522a0db503bafa57f6a988d3747140c334b3f1a53045153d3bd401,18/12/25 00:12,222,888,1,0,0,0,1,2,57000,49.0838,56108,48.3157,892,0.7681,4018.018,3.46,1004.5045,0.8654,2.55E-05
928333,e9a5322bc99a8261b82cc4736dee8316eb7d6aaf14298c2b8337648d7b212ce0,18/12/25 00:12,386,893,1,0,0,1,2,2,43395,37.3683,42495,36.5933,900,0.775,2331.6062,2.0081,1007.83875,0.868,0.0003227
928333,a66b1862a1da8ffd44f5f0af78f077a1c2f6f41720171aa9f603bfc8bd2976a7,18/12/25 00:12,340,709,2,0,0,1,2,1,581503,500.7439,580788,500.1282,715,0.6157,2102.9412,1.8109,1008.46265,0.868,0.00037951
928333,3ec47caaa075119259dcdb449d1f65cee67291d64511cc015478df86c1243e79,18/12/25 00:12,448,1069,1,0,0,1,3,2,197567,170.1289,196491,169.2023,1076,0.9266,2401.7856,2.0684,1006.54816,0.8671,0.00073947
928333,427360754117742a03f6a5f6d444be6a0133150874221780f06344f965544d68,18/12/25 00:12,490,1111,1,0,0,1,3,2,175228,150.8923,174112,149.9313,1116,0.961,2277.551,1.9616,1004.5004,0.8654,0.00045056
928333,ed3c75c7cc3d3cd3a306f75c0d64037e7338015df57f892391218ce3332c0c30,18/12/25 00:12,223,562,2,0,0,1,1,2,3487903,3003.5029,3487337,3003.0156,566,0.4874,2538.1167,2.1855,1007.11743,0.8671,0.00684259
928333,9c7dc288fb3689fc6baeb9f91b756cf3722957e3563efcb020ab66cb76c98aeb,18/12/25 00:12,223,562,2,0,0,1,1,2,3286388,2829.9744,3285822,2829.4871,566,0.4874,2538.1167,2.1855,1007.11743,0.8671,0.00644725
928333,904577e3a85bea5c9522f4c4cc25bd4bf3b2bb97985e0251ff298aba0d2c1832,18/12/25 00:12,929,3716,1,0,0,0,6,1,11838182,10194.0957,11834454,10190.8848,3728,3.2103,4012.9172,3.4557,1003.2293,0.8637,53.1761362
928333,ea11eff5f13abb85dd4ec539cc454b23a878405357fa63e633b81516830055c1,18/12/25 00:12,312,846,2,928332,0,1,2,2,19586436,16866.2715,19585588,16865.541,848,0.7302,2717.9487,2.3405,1002.3641,0.8628,0.00401703
928333,101797570fda943b78fefbd7113c0cad5ba83f20a6074527da05f04c39e8a935,18/12/25 00:12,150,396,1,0,0,1,1,1,15179561,13071.4238,15179161,13071.0791,400,0.3444,2666.6667,2.2966,1010.101,0.8697,0
928333,4039bb695d90ddb9d4f3bf4456c36523f360e73a3754e2bd685264d168942535,18/12/25 00:12,312,846,2,928332,0,1,2,2,17822918,15347.6709,17822070,15346.9414,848,0.7302,2717.9487,2.3405,1002.3641,0.8628,0
928333,528e8eab8ec8352b8abfdedfa7c12028b146db1e59199fcadfaf02b1dec81900,18/12/25 00:12,150,396,1,0,0,1,1,1,11077276,9538.8643,11076876,9538.5195,400,0.3444,2666.6667,2.2966,1010.101,0.8697,0
928333,a8d2c1d1220fd1702076713274f4e70a2d069f373001a7cd3aba0767826e2c82,18/12/25 00:12,312,846,2,928332,0,1,2,2,19586436,16866.2715,19585588,16865.541,848,0.7302,2717.9487,2.3405,1002.3641,0.8628,0.00401703
928333,a425fdc9fef8a997420bc5189bebcf0576368531df0b4e534d624fe6304ebda6,18/12/25 00:12,150,396,1,0,0,1,1,1,15313409,13186.6826,15313009,13186.3379,400,0.3444,2666.6667,2.2966,1010.101,0.8697,0
928333,b06d27ec460fccbdb5cdcc821561b11b4c822e3b8f97416ce31d31659e848db6,18/12/25 00:12,666,1374,2,0,0,1,4,2,6889420,5932.6172,6888040,5931.4292,1380,1.1883,2072.072,1.7842,1004.3668,0.8646,34.8695018
928333,ca710ecdd262d099677f664cb4b2afe6ea9d8f3755c26c4a8e2a9414bae6121c,18/12/25 00:12,269,749,2,0,0,1,1,2,11354,9.7772,10600,9.1279,754,0.6493,2802.9739,2.4137,1006.67554,0.8671,2.33E-06
928333,dce65f0d60976cd69e9ed625854ea165bf742777b01e419618a876d636a81876,18/12/25 00:12,1559,3008,2,0,0,1,10,2,4888242,4209.3628,4885226,4206.7656,3016,2.5971,1934.5735,1.6663,1002.65955,0.8637,0.06205107
928333,6fcf903a0e58352352b713744a440b3e029be7f29dff05cd4dbcc792812b07c0,18/12/25 00:12,205,616,2,928331,0,1,1,2,21191399,18248.3379,21190934,18247.9375,465,0.4004,2268.2927,1.953,754.8701,0.6501,0.00603121
928333,59363580ac266f235fb51ddb53fdf398c02acd1d7c030e73c9a7fee53fd0af92,18/12/25 00:12,312,846,2,928244,0,1,2,2,15409687,13269.5898,15408688,13268.7295,999,0.8603,3201.923,2.7573,1180.8511,1.017,0
928333,b6fe97803796c4dc1e44fc039f5fe03619e3c9bf23b56a6ee2dd736ca5cac1e2,18/12/25 00:12,150,396,1,0,0,1,1,1,10039413,8645.1396,10039013,8644.7949,400,0.3444,2666.6667,2.2966,1010.101,0.8697,0
928333,cae780601c0f8cc7815129dc676a75c61451f77041b955680d17979656c3efff,18/12/25 00:12,966,1920,2,0,0,1,6,2,5034331,4335.1631,5032407,4333.5063,1924,1.6568,1991.7184,1.7154,1002.0833,0.8628,28.1028084
928333,b28ed44b74b87edc235315a95e6748fd75cc64deacc8798f83150c437386cfe7,18/12/25 00:12,517,2068,2,0,0,0,3,2,530350,456.695,528278,454.9108,2072,1.7842,4007.737,3.4514,1001.93427,0.8628,2.56614417
928333,470be96559bdb41827782b4f441d4fc031a28dc09c6d6b6ecec2ca5aaa6e95bf,18/12/25 00:12,1930,4168,1,0,0,1,11,1,7066534,6085.1338,7062358,6081.5376,4176,3.596,2163.7305,1.8635,1001.9194,0.8628,0.00199956
928333,9f4507edda7267a0bee50c119683288e9a623b7aa898dcf9dcfcd9c114d5f9fe,18/12/25 00:12,312,846,2,928332,0,1,2,2,13330336,11479.0186,13329912,11478.6543,424,0.3651,1358.9744,1.1703,501.18204,0.4314,0.00273395
928333,fddd0559f68af270f589b3e1dbcdd74c7e3bfd62a0c7dbd99a46ceb62ad5c5ba,18/12/25 00:12,312,846,2,928332,0,1,2,2,18359945,15810.1162,18358673,15809.0205,1272,1.0953,4076.923,3.5108,1503.5461,1.2951,0
928333,c9e270a4771b85717f15b12b8f484772a30bffef4c2905cf01322bfebe9c2661,18/12/25 00:12,150,396,1,0,0,1,1,1,14205430,12232.5801,14205030,12232.2354,400,0.3444,2666.6667,2.2966,1010.101,0.8697,0
928333,fddb9106408864f862494f6e80947cef7d790e9dcaa090e4f965704909dddbfe,18/12/25 00:12,1245,2715,1,0,0,1,7,1,8521298,7337.8604,8518578,7335.5181,2720,2.3422,2184.739,1.8815,1001.8416,0.8628,0.00242522
928333,6a13593e8bbe0fd2727d085e63b1f11627f06008cb663d49af3d09143931cab9,18/12/25 00:12,1559,3005,2,0,0,1,10,2,40671509,35023.0508,40668497,35020.457,3012,2.5937,1932.0077,1.6637,1002.32947,0.8628,0.35755134
928333,1f621629f8d2e9c61be5b6493a789641ada54025ae66d0dc653166cf90535961,18/12/25 00:12,1759,3805,1,0,0,1,10,1,7457558,6421.8525,7453746,6418.5698,3812,3.2826,2167.1404,1.866,1001.83966,0.8628,0.00187592
928333,61db5cd4ab4218c4b891ea28131dea9fd5e76f343f2ff26de553769455d6f538,18/12/25 00:12,387,897,1,0,0,1,2,1,81192,69.9161,80292,69.141,900,0.775,2325.5813,2.003,1003.3445,0.8637,2.67E-05
928333,5073ba18db48846567d5c084a388a84a82866bc7e584ea72c3dba8ad0f928439,18/12/25 00:12,636,1893,1,0,0,1,2,9,3143089,2706.5769,3141193,2704.9441,1896,1.6327,2981.132,2.567,1001.5848,0.8628,0.00062816
928333,7715644db0d0dbd5c4a381f86d1f80ba1509bd3c9bf6a8e9dd7799e08dff6b05,18/12/25 00:12,669,2025,1,0,0,1,2,10,7825667,6738.8384,7823639,6737.0918,2028,1.7464,3031.3901,2.6101,1001.4815,0.862,0
928333,0f58987ceab3793621d3efca977abb0a26e0bb0e9f3edd89fb8ca7808d27b708,18/12/25 00:12,222,561,1,0,0,1,1,2,773433,666.0186,772869,665.533,564,0.4857,2540.5405,2.1881,1005.3476,0.8654,0.00910699
928333,1802e4ff14a19aeb6391420aab270a2336339e9f591fc58935d96c642bc1d008,18/12/25 00:12,222,561,2,0,0,1,1,2,5533109,4764.6709,5532545,4764.1851,564,0.4857,2540.5405,2.1881,1005.3476,0.8654,0.26994912
928333,2cb33a0764e444f64aed1a485be02aa8720f9d7bd870445959e29cacf1d3130a,18/12/25 00:12,456,1170,2,0,0,1,2,3,293210,252.489,292038,251.4798,1172,1.0092,2570.1755,2.2131,1001.7094,0.8628,0.00952164
928333,e23bd26150d8b5932af0530d24e71e5a22889a162e76e4478eda92743379630a,18/12/25 00:12,372,834,2,0,0,1,2,2,21067821,18141.9219,21066985,18141.2012,836,0.7199,2247.3118,1.9349,1002.3981,0.8628,61.712926
928333,f8bfc993c51193d5229f140c1b0ebf7d1a5f54187eb10f8334f88e780d72080b,18/12/25 00:12,223,562,1,0,0,1,1,2,238744,205.5872,238180,205.1016,564,0.4857,2529.148,2.1778,1003.5587,0.8646,4.90E-05
928333,59b5edaa57dd08191d97be3f2871dd54f4a7efe58ccdcc7b754806e96739c023,18/12/25 00:12,512,1397,1,0,0,1,2,5,9904071,8528.5938,9902671,8527.3877,1400,1.2056,2734.375,2.3543,1002.14746,0.8628,0
928333,775bf04418412473aa104b62df68a28ce4495da82234c8b5b659c5740bb7121d,18/12/25 00:12,312,918,1,0,0,1,1,4,4263908,3671.7366,4262988,3670.9443,920,0.7922,2948.718,2.5394,1002.17865,0.8628,0
928333,64a30259a47a8098b985099650f86f8f1d6f067c6031d67e4defa34b95ac67d2,18/12/25 00:12,340,1033,1,0,0,1,1,5,3104599,2673.4324,3103563,2672.5403,1036,0.8921,3047.0588,2.6238,1002.9042,0.8637,0
928333,41c66018927550b64fa40a03a56e0b96fa8435e0c4d4ced5b4219192762e9d0d,18/12/25 00:12,514,1405,1,0,0,1,2,5,10062910,8665.373,10061502,8664.1602,1408,1.2125,2739.2996,2.3586,1002.13525,0.8628,0
928333,20e80dbcb20bde5919c51220e37c6f133869baa48600e3a7fb18d8baa399c70f,18/12/25 00:12,222,561,2,0,0,1,1,2,1285319,1106.8138,1284755,1106.3282,564,0.4857,2540.5405,2.1881,1005.3476,0.8654,0.00829477
928333,1d9fdec84049b95a21fbe8555b4394c4d0800d3edf2694f6a5a52346c0415b10,18/12/25 00:12,223,562,2,0,0,1,1,2,25099799,21613.9395,25099235,21613.4531,564,0.4857,2529.148,2.1778,1003.5587,0.8646,1.51411342
928333,e6aa626a0210c69724be6a1f7039288ee8215b6ceeaea25f8bf3a45fa8703813,18/12/25 00:12,491,992,1,0,0,1,3,1,1673913,1441.4399,1672921,1440.5857,992,0.8542,2020.3666,1.7395,1000,0.8611,0.00185831
928333,5ac85737bdb1112c847bf16f903ca7e0f25bfc7d6c7d44c25979eed900282b15,18/12/25 00:12,222,561,2,0,0,1,1,2,61607,53.051,61043,52.5653,564,0.4857,2540.5405,2.1881,1005.3476,0.8654,8.12E-05
928333,309d98becc9552a480f609cc4f036f4b47bb3ba49c14c18ea3d87d05a497d615,18/12/25 00:12,222,561,1,0,0,1,1,2,3022163,2602.4451,3021599,2601.9592,564,0.4857,2540.5405,2.1881,1005.3476,0.8654,0.06318664
928333,4bf9cd663008efd4f6576341ec2bb5321df16559345f68df9ad1b30327537820,18/12/25 00:12,222,561,2,928332,0,1,1,2,33328,28.6994,32764,28.2137,564,0.4857,2540.5405,2.1881,1005.3476,0.8654,7.03E-05
928333,7540af294956759e854ed9952fa4994c30464d4406a7f6010ee4c8e1f3bebe20,18/12/25 00:12,226,574,2,0,0,1,1,2,405817,349.4571,405241,348.9611,576,0.496,2548.6726,2.195,1003.4843,0.8637,0.00033522
928333,458ca2f3c6a09609cd630ba19ded569263e3367bb7fa01352642a2d1e06af122,18/12/25 00:12,191,437,1,0,0,1,1,1,120962,104.1628,120522,103.7839,440,0.3789,2303.665,1.984,1006.865,0.8671,6.65E-05
928333,dba0717630e4983e8eb280404329554fd31554fc719d6d14a8ebccd96ada7928,18/12/25 00:12,223,562,1,0,0,1,1,2,688165,592.5927,687601,592.107,564,0.4857,2529.148,2.1778,1003.5587,0.8646,0.00066562
928333,1d017f180a93f2b568b6a94b2c74a0622b117c83c7ee5e65c2fe2b70ccd69f28,18/12/25 00:12,191,437,1,0,0,1,1,1,954,0.8215,514,0.4426,440,0.3789,2303.665,1.984,1006.865,0.8671,0.00047739
928333,f91f69b40a9fee82d0596a49a3884b1096edab1bcd103fcfe21aa8e0201af02a,18/12/25 00:12,225,573,2,0,0,1,1,2,6591248,5675.8555,6590672,5675.3594,576,0.496,2560,2.2045,1005.2356,0.8654,54.2755195
928333,d7f9c9e3bb98cbf38f93893dabc52a8fa8fb837e1ac263dfd85584908a406c2c,18/12/25 00:12,222,561,1,0,0,1,1,2,611477507,526555.5,611476943,526555,564,0.4857,2540.5405,2.1881,1005.3476,0.8654,0.43836709
928333,c4a6d01ea13a084d43634e97f020723f239e47f0bae232336c46b2e4b349d42e,18/12/25 00:12,372,834,2,0,0,1,2,2,523877,451.121,523041,450.4011,836,0.7199,2247.3118,1.9349,1002.3981,0.8628,0.00015654
928333,48bebaba918c03b8b8e4bdaabb35220049d3038ba32e887b8bed440fbba0d330,18/12/25 00:12,222,561,2,0,0,1,1,2,413687,356.2342,413123,355.7485,564,0.4857,2540.5405,2.1881,1005.3476,0.8654,0.12030813
928333,786a4518cfb86e891b1eed96125b637b7f7c4fde6f0fd27090872b89713bf630,18/12/25 00:12,253,685,1,0,0,1,1,3,412463,355.1801,411775,354.5877,688,0.5925,2719.3677,2.3414,1004.3796,0.8646,0.00022666
928333,c9aed436f1164d164bf4d8e7e87a7594e06432f0ae030bc5762c7432fa0d7f31,18/12/25 00:12,21836,40475,2,0,0,1,146,7,118987133,102462.203,118946657,102427.344,40476,34.8547,1853.6362,1.5965,1000.0247,0.8611,7.87786426
928333,1efb32b9861992f22d0dac2c22aa1c32d395bb3d48a1f087dbb41ffdd2dbd931,18/12/25 00:12,226,574,2,0,0,1,1,2,34477,29.6888,33901,29.1928,576,0.496,2548.6726,2.195,1003.4843,0.8637,0.00019675
928333,b757f16e8aa75efbc566402ccfa4d73f7de503a159cc6ac8c83ef263275d5936,18/12/25 00:12,223,562,1,0,0,1,1,2,354885,305.5986,354321,305.1129,564,0.4857,2529.148,2.1778,1003.5587,0.8646,0.00116693
928333,79dcd441a5e3661aa80111abd2f3fafaae88128d643cf0121bccb8722a8c6939,18/12/25 00:12,374,845,2,0,0,1,2,2,24710684,21278.8633,24709836,21278.1348,848,0.7302,2267.3796,1.9522,1003.5503,0.8646,0.01675006
928333,ee1f1aac0efd460b10996cb87aef5ed7233465f794f5dfb5d5862119927bb439,18/12/25 00:12,374,845,2,0,0,1,2,2,60879415,52424.4805,60878567,52423.75,848,0.7302,2267.3796,1.9522,1003.5503,0.8646,436.111907
928333,e12c05596d4635c5f9dbf8e12ac9e3f46250456824e11907ee8bef7b16b4e839,18/12/25 00:12,222,561,2,0,0,1,1,2,264200,227.5079,263636,227.0222,564,0.4857,2540.5405,2.1881,1005.3476,0.8654,0.00358621
928333,b7a6be7811c3adb19e3eb9ef15cd68c9d3c1561ed1c7968a75e4493b3325993b,18/12/25 00:12,223,562,1,0,0,1,1,2,570220,491.0278,569656,490.5422,564,0.4857,2529.148,2.1778,1003.5587,0.8646,0.00120221
928333,9693eca96576c5454d713450ae150c1cca73fc80d26cca247faad3a74da6f640,18/12/25 00:12,192,438,2,0,0,1,1,1,148208,127.6249,147768,127.246,440,0.3789,2291.6667,1.9737,1004.5662,0.8654,5.45E-05
928333,53aa6bf878718101a19301cee4e8761c1185527dac1bb75ccf59411134841042,18/12/25 00:12,222,561,1,0,0,1,1,2,57604,49.604,57040,49.1183,564,0.4857,2540.5405,2.1881,1005.3476,0.8654,6.47E-05
928333,58b5d2e8612246df9d1966fbc2463fd550d6bc6f31c349473e1b538cb7095d42,18/12/25 00:12,191,437,2,0,0,1,1,1,169364,145.8427,168924,145.4638,440,0.3789,2303.665,1.984,1006.865,0.8671,0.00016382
928333,0ec2ec8831bd1dfa06321e7a61d4b7fd606217770708fd89a6d8d99b8b244144,18/12/25 00:12,226,574,2,0,0,1,1,2,82208,70.791,81632,70.2949,576,0.496,2548.6726,2.195,1003.4843,0.8637,0.00045302
928333,d68c55898950903a5be78787864468c90664dd8ff408dab573a7fc5f920be747,18/12/25 00:12,223,562,1,0,0,1,1,2,282266,243.0649,281702,242.5792,564,0.4857,2529.148,2.1778,1003.5587,0.8646,0.00050037
928333,80f21e9db7d2bf93cf47263c427b683d1a3f401535b2eba87a59ff06f70fca48,18/12/25 00:12,223,562,1,0,0,1,1,2,452418,389.5862,451854,389.1005,564,0.4857,2529.148,2.1778,1003.5587,0.8646,0.0005251
928333,92b3bf149ed72236f9c046ce24cd0828ba956a75578b1e1d3e84d5d4a16f7249,18/12/25 00:12,234,609,1,0,0,1,1,2,28904,24.8898,28292,24.3628,612,0.527,2615.3845,2.2518,1004.9261,0.8654,0.0002309
928333,3b1876aac2070bf8364a416514f32fb2cba71d0326cc0ddd30a09ba43749a049,18/12/25 00:12,340,709,2,0,0,1,2,1,2524545,2173.9363,2523833,2173.323,712,0.6131,2094.1177,1.8032,1004.2313,0.8646,0.00082696
928333,f8353dd97d089f1e1ec9fab6378724c2aaf561623bd4ab5a24ba367f4ff07a4c,18/12/25 00:12,223,562,1,0,0,1,1,2,55378,47.6871,54814,47.2014,564,0.4857,2529.148,2.1778,1003.5587,0.8646,0.0021771
928333,0936065e2aa659b833e52b9fa451f8c673554867eccdcbaaf29e443959c3c74d,18/12/25 00:12,223,562,1,0,0,1,1,2,553000,476.1994,552436,475.7137,564,0.4857,2529.148,2.1778,1003.5587,0.8646,0.00044528
928333,701a36319a0190a69fa572d628a5c376217dfbf3af23d5e5d09a6b217edecb4f,18/12/25 00:12,223,562,1,0,0,1,1,2,28156901,24246.4707,28156337,24245.9844,564,0.4857,2529.148,2.1778,1003.5587,0.8646,0.03268026
928333,2554a98799c53aab04a8dab51f1516e4f886f85d8b6db52b8dbeade774706251,18/12/25 00:12,195,450,2,0,0,1,1,1,124063,106.8331,123611,106.4439,452,0.3892,2317.9487,1.9961,1004.44446,0.8646,0.00883415
928333,0a92d2b9f3a0dbeed2c302d2fded4a50f6fa9f627118913fbc98223db0ba0c52,18/12/25 00:12,234,609,1,0,0,1,1,2,44833,38.6066,44221,38.0796,612,0.527,2615.3845,2.2518,1004.9261,0.8654,0.00076839
928333,5b511246ea0ac5db71230b61a22d289f8321e58dbda8df95f094b54e7cf0c052,18/12/25 00:12,223,562,2,0,0,1,1,2,82287,70.859,81723,70.3733,564,0.4857,2529.148,2.1778,1003.5587,0.8646,0.00219973
928333,151414188dba460b15bb48c60dad9821afb7929bae2c6db755c046053f78d852,18/12/25 00:12,222,561,2,0,0,1,1,2,190021,163.6309,189457,163.1452,564,0.4857,2540.5405,2.1881,1005.3476,0.8654,0.00217117
928333,282b257305466e4c7a2380bf386cb86caa9e05470c953bd467166e4346fc1453,18/12/25 00:12,374,845,2,0,0,1,2,2,127359,109.6714,126511,108.9412,848,0.7302,2267.3796,1.9522,1003.5503,0.8646,0.03005808
928333,60cfc523e33ee033d86a74e8cf6968c750438d870b875509aa740bddd4768554,18/12/25 00:12,516,1734,2,0,0,1,1,11,9067792817,7808458,9067791081,7808456.5,1736,1.4949,3364.341,2.8968,1001.1534,0.862,11.9497557
928333,9d7075f446ec727b0d14a09117f6feabe7e7b8f3592ed4a41c49177d244e3656,18/12/25 00:12,266,737,2,0,0,1,1,3,562606,484.4713,561866,483.834,740,0.6372,2781.9548,2.3956,1004.07056,0.8646,0.00074142
928333,d798df0237a52314854c3af5ebd5aaa353625f03fc662e57885de86ef2bcca59,18/12/25 00:12,192,438,1,0,0,1,1,1,120270,103.5669,119830,103.188,440,0.3789,2291.6667,1.9737,1004.5662,0.8654,0.00108098
928333,dc124fb335241d79d85392a57772cf5dd3893cdc338faca1097143e7bf06565b,18/12/25 00:12,374,845,2,0,0,1,2,2,4826842,4156.4902,4825994,4155.7598,848,0.7302,2267.3796,1.9522,1003.5503,0.8646,0.33769379
928333,5d7fe9a13d81ff07bd55ac1f30580c79d6a7ab98d1c2ae6a99e2b5c09a24c95b,18/12/25 00:12,223,562,1,0,0,1,1,2,580309,499.7157,579745,499.23,564,0.4857,2529.148,2.1778,1003.5587,0.8646,0.0003189
928333,7b630414bf34b547d5903fdcb0bf77f900e2f552053a1079df985fe033857b5c,18/12/25 00:12,267,738,2,0,0,1,1,3,547233,471.2333,546493,470.596,740,0.6372,2771.5356,2.387,1002.71,0.8637,0.00072116
928333,a7d9416c5cdaa05a4988fe9ca94753dc4ca70dbc07e7b3d6539bcdee69c4375d,18/12/25 00:12,214,529,1,0,0,1,1,1,1801900,1551.6521,1801368,1551.194,532,0.4581,2485.9812,2.1407,1005.6711,0.8663,0.01662941
928333,56079f039bf78ca2dd5c09f1a51a8be6034f2b92448cd1b67c2c0e218444975e,18/12/25 00:12,223,892,2,0,0,0,1,2,194700,167.6601,193808,166.892,892,0.7681,4000,3.4445,1000,0.8611,0.00011481
928333,5013412e690e4155430e36ba9830939b1d7e2c9ce3e340d26371b1a7f3a6215f,18/12/25 00:12,223,562,1,0,0,1,1,2,5642248,4858.6528,5641684,4858.167,564,0.4857,2529.148,2.1778,1003.5587,0.8646,0.1611012
928333,ace31400691bae21d62b4e3c68cbe386b07783445ff5dbd05359acf17e721860,18/12/25 00:12,222,561,1,0,0,1,1,2,236726183,203849.656,236725619,203849.172,564,0.4857,2540.5405,2.1881,1005.3476,0.8654,0.04855079
928333,95199e30d44f4c0c1bff7fbda159afd2982bac75887a853b2c4b95c0327b4060,18/12/25 00:12,192,438,2,0,0,1,1,1,2450055,2109.7913,2449615,2109.4124,440,0.3789,2291.6667,1.9737,1004.5662,0.8654,0.00410923
928333,c4086f94456022c85201d5c5052c846a9fab087b34fb65d3c9cd6f89e865cf60,18/12/25 00:12,224,566,2,0,0,1,1,2,117280,100.9922,116712,100.503,568,0.4891,2535.7144,2.1838,1003.53357,0.8646,0.03780963
928333,6a2b51dce33949fc734c7eb947925ce1ec820a57df4c2a01c905affca8f9786a,18/12/25 00:12,222,561,1,0,0,1,1,2,27480540,23664.043,27479976,23663.5566,564,0.4857,2540.5405,2.1881,1005.3476,0.8654,17.35544
928333,d966c0054884b10154360f43abc0d6a755d580ba0f234a09919769b159753e6b,18/12/25 00:12,223,562,2,0,0,1,1,2,887472,764.2199,886908,763.7342,564,0.4857,2529.148,2.1778,1003.5587,0.8646,0.00303928
928333,979ef645501eddc1fbbcd12875eafa8563fd61caa8c9978853d796ba10caee6b,18/12/25 00:12,222,561,1,0,0,1,1,2,296031,254.9182,295467,254.4325,564,0.4857,2540.5405,2.1881,1005.3476,0.8654,0.00024453
928333,b7877da74842eba13c64c6570fa69f5bcef7eba97e25f7d63af69b562182396c,18/12/25 00:12,214,529,1,0,0,1,1,1,330790,284.8499,330258,284.3918,532,0.4581,2485.9812,2.1407,1005.6711,0.8663,0.0030528
928333,e128eedb1100614d9fbf3fb8ba700287fd3e3b0f262b9175f79a6925cd73106e,18/12/25 00:12,223,562,2,0,0,1,1,2,495554,426.7314,494990,426.2458,564,0.4857,2529.148,2.1778,1003.5587,0.8646,0.00083114
928333,1f2af11331fe34ed158c5e66833634d9531945257e62b94f3964a8ca7422906e,18/12/25 00:12,192,438,2,0,0,1,1,1,2363930,2035.6274,2363490,2035.2485,440,0.3789,2291.6667,1.9737,1004.5662,0.8654,0.00924012
928333,de1829dcd283b5a4238346edb249f945feb9aae58efd1b66197f3a207d7f6641,18/12/25 00:12,222,561,2,928332,0,1,1,2,283909,244.4797,283627,244.2369,282,0.2428,1270.2703,1.0936,502.6738,0.4331,8.08E-05
928333,ab9e7061702e472778ba63d907159574ee59ddb3b48135abf4f932bb35273670,18/12/25 00:12,222,561,2,928332,0,1,1,2,221905,191.0868,221059,190.3583,846,0.7285,3810.8108,3.2817,1508.0214,1.2986,0
928333,8c91ff3949cc4bc453fd493fd512d2003a9d3fee0c1048de1191dafdc01f7870,18/12/25 00:12,254,686,1,0,0,1,1,3,437990,377.162,437302,376.5695,688,0.5925,2708.6614,2.3328,1002.91547,0.8637,0.00012465
928333,7e67847b7395c6db23336d256d08ddae90d26c306d5859dd0412d527bd8dd970,18/12/25 00:12,374,845,2,0,0,1,2,2,625983,539.0465,625135,538.3162,848,0.7302,2267.3796,1.9522,1003.5503,0.8646,0.00110061
928333,b5d030e580a1311d62c006dfd8b17de963b349492b97d85b557c784f3b0f2772,18/12/25 00:12,191,437,1,0,0,1,1,1,118185582,101771.969,118185142,101771.586,440,0.3789,2303.665,1.984,1006.865,0.8671,120.213874
928333,2c5c8b5ffebd2ad58ac15b047fe03c72d5304d215803d16b752e52dc37342c75,18/12/25 00:12,191,437,2,0,0,1,1,1,1610561,1386.8862,1610121,1386.5074,440,0.3789,2303.665,1.984,1006.865,0.8671,0.00609198
928333,632137f8bf199d6415ad85a154b895fef3e6e3d557d6b49a52334e41d3ab4475,18/12/25 00:12,222,561,1,0,0,1,1,2,69999164,60277.6797,69998600,60277.1953,564,0.4857,2540.5405,2.1881,1005.3476,0.8654,0.01435631
928333,65d2397a6c4009085ddd87cedc751461672f69fc943c4951267e362593e36776,18/12/25 00:12,222,561,1,0,0,1,1,2,1660500,1429.8898,1659936,1429.4041,564,0.4857,2540.5405,2.1881,1005.3476,0.8654,0.00034056
928333,4cbcdb82d94e4f75be339a48603a5270fbb787578615e306aae039d546a54377,18/12/25 00:12,192,438,1,0,0,1,1,1,1060313,913.0567,1059873,912.6779,440,0.3789,2291.6667,1.9737,1004.5662,0.8654,0.01049673
928333,6b3112361f79db826332bed9f01b192ef65e081140ddf4a5fc2ca36b027e3079,18/12/25 00:12,191,437,1,0,0,1,1,1,128052,110.2681,127612,109.8892,440,0.3789,2303.665,1.984,1006.865,0.8671,0.00244735
928333,7655c9f1d9d37cccf5bccf52fa67a43355cb32eb004e33d02741349b9100627a,18/12/25 00:12,381,1194,2,0,0,1,1,7,7070952657,6088939,7070951461,6088937.5,1196,1.0299,3139.1077,2.7031,1001.67505,0.8628,1.45020001
928333,54a9336e64333b37f0156c9674fea1c13e253a8b3062fede1340df00f78f7b7a,18/12/25 00:12,226,904,2,0,0,0,1,2,1324605,1140.6438,1323701,1139.8654,904,0.7785,4000,3.4445,1000,0.8611,2.7826868
928333,a13cd4a52498fca5e3db42f13cde63d1e893def6f5cdd0272691c3f18fbbf97a,18/12/25 00:12,316,937,2,0,0,1,1,5,1400000,1205.568,1399060,1204.7585,940,0.8095,2974.6836,2.5618,1003.2017,0.8637,0.07416338
928333,6d87f8a1fe8480b4d14a413d98fc355ba597bea972760a0926e91ceff612197d,18/12/25 00:12,192,438,2,0,0,1,1,1,109497,94.2901,109057,93.9112,440,0.3789,2291.6667,1.9737,1004.5662,0.8654,0.00101053
928333,bb28a66a9fa04016388371c627b18f65d83c1de44a57c497cca705977fb4997f,18/12/25 00:12,222,561,2,0,0,1,1,2,244685,210.7031,244121,210.2175,564,0.4857,2540.5405,2.1881,1005.3476,0.8654,0.00013446
928333,47f0eac07d60ca2e0e4998e7c220c902eb3613c7abd45fca25952ced43aebb80,18/12/25 00:12,454,1165,2,0,0,1,2,3,144524,124.4525,143356,123.4467,1168,1.0058,2572.6873,2.2157,1002.57513,0.8637,0.01734151
928333,2cad99972de6c06dfdc6e0ac6ae358fadb125e235601340c57b490802768ac83,18/12/25 00:12,223,562,1,0,0,1,1,2,464584,400.0626,464020,399.5769,564,0.4857,2529.148,2.1778,1003.5587,0.8646,0.00020745
928333,f9ff1ee08dcc9b9368f3f28e9a00800b72c2844039d535df1fb80fb527516588,18/12/25 00:12,226,574,2,0,0,1,1,2,30312328,26102.5527,30311752,26102.0566,576,0.496,2548.6726,2.195,1003.4843,0.8637,22.5453307
928333,c06566f946c8c20ab2116036d35895490fbd475a5ac4f6058de1c8a88e10cb8e,18/12/25 00:12,223,562,1,0,0,1,1,2,890338,766.6879,889774,766.2022,564,0.4857,2529.148,2.1778,1003.5587,0.8646,0.00117331
928333,09857278d4994f7cba2b177bb7ccecc580288c35f21664f0370c1b0cbefccb8e,18/12/25 00:12,223,565,2,0,0,1,1,2,59044,50.844,58476,50.3549,568,0.4891,2547.0852,2.1933,1005.30975,0.8654,0.01161199
928333,f79d2ab0c6fd0d9b600906dbdbec1ae6a34d8fcfae65f36cfa7546dce9ea3e8f,18/12/25 00:12,222,561,2,0,0,1,1,2,1178959,1015.2252,1178395,1014.7395,564,0.4857,2540.5405,2.1881,1005.3476,0.8654,4.35327145
928333,e2474170f3a7488ef620f787418cc64e3b86dc45a87e9d29c58ee756a56d4b8f,18/12/25 00:12,340,709,2,0,0,1,2,1,3066040,2640.2283,3065328,2639.6152,712,0.6131,2094.1177,1.8032,1004.2313,0.8646,0.00345409
928333,afdae301b1b357131a85fe8b3d00953ed043ec8dcae2e0e4d9edb6610721f98f,18/12/25 00:12,222,561,1,0,0,1,1,2,531412,457.6095,530848,457.1238,564,0.4857,2540.5405,2.1881,1005.3476,0.8654,0.00015124
928333,303a25de6e4d2a8aaf241458b5aea8e9dc1a439e6fc5483432d687d6e8652e90,18/12/25 00:12,372,834,2,0,0,1,2,2,5440754,4685.1421,5439918,4684.4224,836,0.7199,2247.3118,1.9349,1002.3981,0.8628,1.48E-05
928333,34bdf6ac4368205e4dfc79cf9d0f7e258e83d74e453324ee8160279e08518c99,18/12/25 00:12,191,437,1,0,0,1,1,1,1115846,960.8773,1115406,960.4984,440,0.3789,2303.665,1.984,1006.865,0.8671,0.01002918
928333,855a88a6d486abf09d78c2c9864bd9e1dd525dd5e722840e47987aac7217fa9b,18/12/25 00:12,222,561,2,0,0,1,1,2,1062173,914.6584,1061609,914.1727,564,0.4857,2540.5405,2.1881,1005.3476,0.8654,0.0018829
928333,c7d456633a0bbfdc7191067015a983b1736c8697e514d5d08756a64b9107059c,18/12/25 00:12,223,562,1,0,0,1,1,2,43372,37.3485,42808,36.8628,564,0.4857,2529.148,2.1778,1003.5587,0.8646,0.0009367
928333,a358bc214021aeb4c1f270d11d6d5f99d081344e783c6adbba3637dd6cd1849d,18/12/25 00:12,371,833,2,0,0,1,2,2,130511,112.3856,129675,111.6657,836,0.7199,2253.3694,1.9401,1003.60144,0.8646,0.00017619
928333,474eebd8946bb3681e76d8cad69c31d8538e7f03fe7416bf9f6a7ec42aac1ed8,18/12/25 00:12,339,1029,1,0,0,1,1,5,7946480,6842.873,7945448,6841.9844,1032,0.8887,3044.2478,2.6212,1002.91547,0.8637,0
928333,f44379ecfcece6d1cf19fed23087930749176c6ed2327a61d8e54f29aac870a0,18/12/25 00:12,308,905,1,0,0,1,1,4,437121,376.4136,436213,375.6317,908,0.7819,2948.052,2.5386,1003.31494,0.8637,0
928333,a651c872a3b092a1969a545f76d49918ac7cfb6b880bdb4ca157dc523f0224a2,18/12/25 00:12,226,574,2,0,0,1,1,2,667337,574.6572,666761,574.1613,576,0.496,2548.6726,2.195,1003.4843,0.8637,0.00785774
928333,0316b053705442b5122a696a9cbb910fc7d952c3e0260d1b4193f3732737c7a3,18/12/25 00:12,222,561,1,0,0,1,1,2,29385,25.304,28821,24.8183,564,0.4857,2540.5405,2.1881,1005.3476,0.8654,5.21E-05
928333,ff1f56c561a4b18c4d5e876a2750256067352f88563b0e579546cfccbbf22ea4,18/12/25 00:12,222,561,1,0,0,1,1,2,48510,41.7729,47946,41.2873,564,0.4857,2540.5405,2.1881,1005.3476,0.8654,9.95E-06
928333,2ba75392a90000c76d04fdfc5e9a097a60603c1db124c6a74abc8bcfe3de37a5,18/12/25 00:12,192,438,2,0,0,1,1,1,2420488,2084.3306,2420048,2083.9517,440,0.3789,2291.6667,1.9737,1004.5662,0.8654,0.00234121
928333,e8eaaf494debc69f5b1994fa044a8c72b537b370429f213516fb68aa906164a8,18/12/25 00:12,222,561,2,0,0,1,1,2,1319156,1135.9517,1318592,1135.4659,564,0.4857,2540.5405,2.1881,1005.3476,0.8654,0.39696229
928333,8b9a594dd377daedbd82edd53fc3c5b7924e6d417eaa6f3547afa3b02bc080a9,18/12/25 00:12,191,437,1,0,0,1,1,1,29018,24.988,28578,24.6091,440,0.3789,2303.665,1.984,1006.865,0.8671,1.79E-05
928333,e11591821f0d8bf76c1947ac7263631ef82259a819f50196f65c6faa5bd97baa,18/12/25 00:12,222,561,1,0,0,1,1,2,293502,252.7404,292938,252.2548,564,0.4857,2540.5405,2.1881,1005.3476,0.8654,0.00020036
928333,7692b348cf6e6847573c911c6c23a9472847c93f304c0c0e924c735c3b6c81ac,18/12/25 00:12,225,573,2,0,0,1,1,2,297432,256.1246,296856,255.6286,576,0.496,2560,2.2045,1005.2356,0.8654,0.00024569
928333,2abbbcbe9e99d2286f06baa53e3dbdd7f8df3f62a90f044b214e47187ab063b2,18/12/25 00:12,371,833,2,0,0,1,2,2,281930,242.7756,281094,242.0557,836,0.7199,2253.3694,1.9401,1003.60144,0.8646,0.00017194
928333,3a453b2093a8edb7ac9244b03742dd210b7c034510f7f4060a76deb18f200ab3,18/12/25 00:12,222,561,2,0,0,1,1,2,1135828,978.0842,1135264,977.5985,564,0.4857,2540.5405,2.1881,1005.3476,0.8654,0.00093824
928333,7439bede48958abd23a1f9fe6cd9107897e5947e418d8df9a8672f1a9ae0ceb3,18/12/25 00:12,374,845,2,0,0,1,2,2,542945,467.5408,542097,466.8106,848,0.7302,2267.3796,1.9522,1003.5503,0.8646,0.00026419
928333,06dbb542b8edd8e19ef637df907e26371ff8bf6630a61522b0641cbed39c21b4,18/12/25 00:12,223,562,1,0,0,1,1,2,571657,492.2653,571093,491.7796,564,0.4857,2529.148,2.1778,1003.5587,0.8646,0.00117355
928333,94d11f4a355c763eb245eef9e8e56669e3955ba53dbb325b34e0aabff14568b5,18/12/25 00:12,356,1094,2,0,0,1,1,6,307671827,264942.375,307670731,264941.406,1096,0.9438,3078.6516,2.6514,1001.8281,0.8628,0.06310121
928333,06ae3e9041c3e357dc99a4809a4b0b4703ab4f0d255aee125d86f087aedad6b9,18/12/25 00:12,371,833,2,0,0,1,2,2,117299,101.0085,116463,100.2886,836,0.7199,2253.3694,1.9401,1003.60144,0.8646,0.00064483
928333,1d8e00239e3247c0c8c7f43337d909181ac393c5dd316b697adc854c1973d8ba,18/12/25 00:12,225,573,2,0,0,1,1,2,8179299,7043.3579,8178723,7042.8618,576,0.496,2560,2.2045,1005.2356,0.8654,4.11548908
928333,bdab7878579bbb18883b07b4adff229ab33562481bdd3251e208cb50f13e57be,18/12/25 00:12,1104,4416,2,928332,0,0,7,2,127940982,110172.539,127936566,110168.734,4416,3.8027,4000,3.4445,1000,0.8611,2.74235417
928333,45b86a901d25b6d6ba9daef4404b351ec7ba3a1c8ef16f1b9a270e52a7a8acc0,18/12/25 00:12,223,562,1,0,0,1,1,2,28440435,24490.627,28439871,24490.1426,564,0.4857,2529.148,2.1778,1003.5587,0.8646,0.00809433
928333,297e05928016cd824328d80a86a52e0a25dfcd5037f2c134d75a2fb6656489c1,18/12/25 00:12,224,566,2,0,0,1,1,2,1958644,1686.6276,1958076,1686.1384,568,0.4891,2535.7144,2.1838,1003.53357,0.8646,0.00258115
928333,51c4b8be18ae6ba2674738959cfe70d3352dfd999e3d2d98abde632432707ac4,18/12/25 00:12,192,438,1,0,0,1,1,1,99999890,86111.9062,99999450,86111.5234,440,0.3789,2291.6667,1.9737,1004.5662,0.8654,28.695061
928333,4bf5d84944f09200cdb289939d6ce9be4e9b75471442766e67940b4a27606fc5,18/12/25 00:12,225,573,2,0,0,1,1,2,3177927,2736.5764,3177351,2736.0806,576,0.496,2560,2.2045,1005.2356,0.8654,0.60369983
928333,bc48e7f128d59f4ecd79632a46422efa2ce9d4bafd0575e0230e5770394c45c6,18/12/25 00:12,192,438,1,0,0,1,1,1,2201608,1895.8486,2201168,1895.4698,440,0.3789,2291.6667,1.9737,1004.5662,0.8654,0.00045153
928333,6ec4e646f66e0c81e1c5b073d4cac3407fcbb5cbe3185116a184afcda55b10d5,18/12/25 00:12,223,562,2,0,0,1,1,2,13089912,11271.9854,13089348,11271.499,564,0.4857,2529.148,2.1778,1003.5587,0.8646,0.54237838
928333,8c0aafbc32cc312951b6e737aefe1994dd0188f96e73bffc3efb50e2f85b99d6,18/12/25 00:12,222,561,2,0,0,1,1,2,2102293,1810.3265,2101729,1809.8408,564,0.4857,2540.5405,2.1881,1005.3476,0.8654,0.00093873
928333,58854c9483241ac0682c7de40aec94abea1803ee11c2587236ef144dba3c0cd7,18/12/25 00:12,341,710,2,0,0,1,2,1,8128066,6999.2402,8127354,6998.627,712,0.6131,2087.9766,1.798,1002.8169,0.8637,0.00825883
928333,e579899372018bbc749d41cf3ba776b991deb9fc46dc3c95045c25f9b2ae25d8,18/12/25 00:12,222,561,2,928332,0,1,1,2,104769,90.2187,104205,89.733,564,0.4857,2540.5405,2.1881,1005.3476,0.8654,4.68E-05
928333,27e236eddb6ca5e9f45366d33f82bffb010d1d5976068c8e243b8039001ea3d8,18/12/25 00:12,191,437,2,0,0,1,1,1,3900630,3358.9104,3900190,3358.5315,440,0.3789,2303.665,1.984,1006.865,0.8671,0.00654213
928333,2f7b8d9a2e294aba91bef0198fe8db5ffec19b570459b30a51a345c2d3953bdb,18/12/25 00:12,223,562,1,0,0,1,1,2,6045165,5205.6123,6044601,5205.127,564,0.4857,2529.148,2.1778,1003.5587,0.8646,0.00123982
928333,63a31181bcf10869cca9ccc79c3e9dd1f7e1dc39df4df0d2ed2e37dc867893dd,18/12/25 00:12,370,1480,2,0,0,0,2,2,945000,813.7584,943520,812.4839,1480,1.2745,4000,3.4445,1000,0.8611,7.94344694
928333,a264adcf7eaa31e27f5318286c47e8b5029eb3ff3e26205bc89e08e6465cefde,18/12/25 00:12,223,562,1,0,0,1,1,2,487198,419.5359,486634,419.0503,564,0.4857,2529.148,2.1778,1003.5587,0.8646,0.00040245
928333,c8ac3be11078b02f2f3f8ff34461d6cc321eafc1c55d7ce07de71382e32734e1,18/12/25 00:12,223,562,2,0,0,1,1,2,7081606,6098.1128,7081042,6097.627,564,0.4857,2529.148,2.1778,1003.5587,0.8646,0.01493039
928333,27ae63a3df53bf4209b9fc34995e680fbdbcf4ef7abfdfe66a5c59acc77688e1,18/12/25 00:12,223,562,1,0,0,1,1,2,444592,382.8471,444028,382.3614,564,0.4857,2529.148,2.1778,1003.5587,0.8646,9.12E-05
928333,9add72337178b4cae5ef26b0bf1121c4b0a3797cdd4f50b133af91fb05dfa7e4,18/12/25 00:12,222,561,2,928332,0,1,1,2,765456,659.1495,764892,658.6638,564,0.4857,2540.5405,2.1881,1005.3476,0.8654,0.00088843
928333,e44719c140809f3c1030063ae4f8037e257aade6ed56fae2a99e399503840ae9,18/12/25 00:12,395,1253,2,0,0,1,1,7,612012040,527015.813,612010784,527014.75,1256,1.0816,3179.7468,2.7384,1002.3942,0.8628,0.12551914
928333,d7b288e0568b74b7e20ebbf16c23b1a308eb0a84eea144bcec5c5d93094f63e9,18/12/25 00:12,223,562,1,0,0,1,1,2,52821067,45485.2773,52820503,45484.793,564,0.4857,2529.148,2.1778,1003.5587,0.8646,0.01083321
928333,4674929b77f984d479c66a4e4dccabea42b5bc34775dda8f1f0317f25da683ea,18/12/25 00:12,222,561,2,0,0,1,1,2,1104700,951.2792,1104136,950.7936,564,0.4857,2540.5405,2.1881,1005.3476,0.8654,0.00038255
928333,052af663b6f213b580b901b932c06dbc6d4925998b5fe76f1e29e214cb8e2ef2,18/12/25 00:12,225,573,2,0,0,1,1,2,2066479,1779.4865,2065903,1778.9904,576,0.496,2560,2.2045,1005.2356,0.8654,0.00338745
928333,402214c1f72c7cd51bd7a5fccdb27ce7ed58f84cace1c1818a45b9b8c284a7f8,18/12/25 00:12,223,565,1,0,0,1,1,2,906809,780.8713,906241,780.3823,568,0.4891,2547.0852,2.1933,1005.30975,0.8654,0.00771375
928333,05dd7d3771ba6b06f1c28d50da05f2030714bd87783b8ed4fce5b9b99741bcfd,18/12/25 00:12,225,573,2,0,0,1,1,2,276281991,237911.953,276281415,237911.453,576,0.496,2560,2.2045,1005.2356,0.8654,27.4595839
928333,c3f5ef70728dabc4f58c3093076e8057c48a33c464833633af2a38577ea711fe,18/12/25 00:12,223,562,1,0,0,1,1,2,229958,198.0214,229394,197.5358,564,0.4857,2529.148,2.1778,1003.5587,0.8646,0.00099289
928333,b4bce1b526995f28cfd89f91bb220d68e1be389b790ac68945301587d4f93938,18/12/25 00:12,312,846,2,928332,0,1,2,2,104678150,90140.4453,104677303,90139.7188,847,0.7294,2714.7437,2.3379,1001.182,0.862,0.11115737
928333,1660784f36671bfc1df2e968bfc2754647bbf19dfd72ed137b84d32a5a949048,18/12/25 00:12,370,832,2,0,0,1,2,2,7645151,6583.3926,7644321,6582.6777,830,0.7147,2243.2432,1.9315,997.5961,0.8594,0.06544068
928333,1921b472019dbae2da79b6cc7ea7f5695edc56cd891ed02617841efaebfd9fe9,18/12/25 00:12,310,910,2,0,0,1,1,3,732298,630.5964,731389,629.8137,909,0.7828,2932.258,2.5248,998.9011,0.8603,0.45584711
928333,0f6571f9a38fbb53e7bdb049bd7717269f1a8367e3b510ee327e14018d62a2a1,18/12/25 00:12,224,566,2,0,0,1,1,2,16981396,14623.0195,16980830,14622.5322,566,0.4874,2526.7856,2.1761,1000,0.8611,27.6605734
928333,972d6042114a336505f7af42206d07a42ca82451ca8502b3c95cf6a9b80cf42d,18/12/25 00:12,489,984,2,0,0,1,3,1,219102,188.6731,218123,187.8301,979,0.843,2002.045,1.724,994.9187,0.8568,0.00078231
928333,e1445aa89650d6b43b3b3fe9573a9fecc8e6afcf61be13668fb975e29748439b,18/12/25 00:12,225,573,2,0,0,1,1,2,129594,111.596,129021,111.1026,573,0.4934,2546.6667,2.1933,1000,0.8611,0.00010705
928333,d4955b0b26107102d582c61694f1567b0f0ce1dd8c1150d3c817a13c6fa26308,18/12/25 00:12,223,562,2,0,0,1,1,2,1111622,957.2399,1111061,956.7568,561,0.4831,2515.695,2.1666,998.22064,0.8594,0.00065552
928333,e15169e4152a65fd694201e9538c2b2beed381f4b8ebbf211075188a6057d23f,18/12/25 00:12,222,561,2,0,0,1,1,2,195289,168.1673,194728,167.6842,561,0.4831,2527.027,2.1761,1000,0.8611,0.00144435
928333,3602361cf9f47b05d6758830cd68cf6c95ef21514acf4ae056c77180c8d44264,18/12/25 00:12,223,562,2,0,0,1,1,2,626772,539.7259,626211,539.2428,561,0.4831,2515.695,2.1666,998.22064,0.8594,0.00672888
928333,783bf182c7860012e502f8c2b4d64f209bf71351097d4df52688dc3c64e5f76c,18/12/25 00:12,223,562,2,0,0,1,1,2,222255,191.3882,221694,190.9051,561,0.4831,2515.695,2.1666,998.22064,0.8594,0.00021498
928333,4ec43568d6916abb3cd24cdf7b93c86cc5d8fc73404bd97982df2c5494be3875,18/12/25 00:12,222,561,2,0,0,1,1,2,52755,45.4284,52194,44.9453,561,0.4831,2527.027,2.1761,1000,0.8611,0.08829921
928333,dce8e223ae43f02d22d17076602078882f6175dd68b84442e7b98e0ba5365d76,18/12/25 00:12,223,562,2,0,0,1,1,2,243683,209.8403,243122,209.3572,561,0.4831,2515.695,2.1666,998.22064,0.8594,5.00E-05
928333,348107bca81a8dd088c8fc2378c101cfd2df9050fc165fb67cbea37a454ea399,18/12/25 00:12,223,562,2,0,0,1,1,2,147788,127.2632,147227,126.7801,561,0.4831,2515.695,2.1666,998.22064,0.8594,0.00223372
928333,33747a71c2ed706faf2aad05736e3fa22d5e30af222735d8c9c889426dd04fc4,18/12/25 00:12,222,561,2,0,0,1,1,2,671965,578.6425,671404,578.1594,561,0.4831,2527.027,2.1761,1000,0.8611,0.00027757
928333,83aef446fe873a9553490477ec4257a4b8cda2bd7fe52c55e56c01feb85ccbee,18/12/25 00:12,222,561,2,0,0,1,1,2,113056,97.3548,112495,96.8717,561,0.4831,2527.027,2.1761,1000,0.8611,0.00037693
928333,2ff5ca430ed150476f30afe5c926d706c15b40c3436e36310e52121d8fb49014,18/12/25 00:12,254,689,1,0,0,1,1,3,1380173,1188.4946,1379485,1187.9021,688,0.5925,2708.6614,2.3328,998.54865,0.8603,0.00061629
928333,5371c5e735e9b0a88a4815e2d4578367eb562b95c5e74b5aa378dc3575779d61,18/12/25 00:12,195,450,1,0,0,1,1,1,487454,419.7564,487005,419.3698,449,0.3866,2302.5642,1.9832,997.7778,0.8594,0.00030122
928333,88aca66d9a6494f45dafd9a8ffd724b5d01fa3c45410083a2b62f6c12381e604,18/12/25 00:12,192,438,2,0,0,1,1,1,30164,25.9748,29727,25.5985,437,0.3763,2276.0417,1.9599,997.7169,0.8594,0
928333,89af7ae07bf2bb9f909d7ef7ec7a13636ef74509c1e214cec6ab373982c5cea4,18/12/25 00:12,192,438,2,0,0,1,1,1,1568599,1350.752,1568162,1350.3756,437,0.3763,2276.0417,1.9599,997.7169,0.8594,0.00057715
928333,4a58faf786b839e7bbda1dcd21da57b9b8e618f2e2fff18cc899f67670cf7008,18/12/25 00:12,223,565,1,0,0,1,1,2,6207883,5345.7324,6207319,5345.2466,564,0.4857,2529.148,2.1778,998.2301,0.8594,0.01786706
928333,b683ff2dde54c9310d39a30456ff297eadaa703266b7339bd8be317b90cedb65,18/12/25 00:12,224,566,1,0,0,1,1,2,1098199,945.6812,1097635,945.1954,564,0.4857,2517.8572,2.1683,996.46643,0.8577,3.47337833
928333,7ef6878af637317176815e163836c348ae9f598de99a12e44658bd1d85ee3c3e,18/12/25 00:12,222,888,2,0,0,0,1,2,184438,158.8233,183557,158.0646,881,0.7586,3968.4685,3.4169,992.1171,0.8542,0.00015235
928333,6a668e9fd9ed37ce8f8092c7f9927782be3ef50233987eac3a798938571694a2,18/12/25 00:12,222,888,2,0,0,0,1,2,147307,126.849,146426,126.0904,881,0.7586,3968.4685,3.4169,992.1171,0.8542,3.02E-05
928333,019728cd8770cd09de508b646bf3c76b3d3d082784d55b3fb73ce10848770415,18/12/25 00:12,192,441,1,0,0,1,1,1,214680,184.8652,214240,184.4863,440,0.3789,2291.6667,1.9737,997.7324,0.8594,0.03582408
928333,7e36d5b457e0e4fa8f9a90ef574409b913dda360489b6f7816e7a5e0a734974d,18/12/25 00:12,193,442,1,0,0,1,1,1,45910,39.534,45470,39.1551,440,0.3789,2279.7927,1.9634,995.4751,0.8568,3.29E-05
928333,e9bc34571fb43fd2eefb421598a430b758998aea0a39cb0f47d9cc0c3eff640a,18/12/25 00:12,222,561,2,0,0,1,1,2,3890669,3350.333,3890111,3349.8523,558,0.4805,2513.5134,2.1649,994.6524,0.8568,0.19030955
928333,079d246432de61228b945af35f1bf636b84bbd61448e407f4348f686b250eb92,18/12/25 00:12,222,561,2,0,0,1,1,2,3582764,3085.1897,3582206,3084.7092,558,0.4805,2513.5134,2.1649,994.6524,0.8568,0.15297283
928333,b01700037d374d44a985cf948bcb086505508172d6a1819765cf75b4ae8c9c5e,18/12/25 00:12,253,1012,1,0,0,0,1,3,13572312,11687.3896,13571312,11686.5283,1000,0.8611,3952.569,3.404,988.1423,0.8508,0.04648046
928333,3fb6a09c7312f5b52a3f879c2e00575586e53764c72b9d6b1bc55b02ab3a7e38,18/12/25 00:12,408,1632,1,0,0,0,2,2,1859334,1601.1097,1857722,1599.7216,1612,1.3881,3950.9805,3.4023,987.7451,0.8508,0.00122231
928333,935450868bcd0ff4a278545f7e23408a0627a6e142ad31609c35e52eb27e2813,18/12/25 00:12,223,892,2,0,0,0,1,2,29871615,25723.0449,29870734,25722.2871,881,0.7586,3950.6726,3.4023,987.66815,0.8508,0.01233933
928333,94d8c04004e7e1b251ebfc4f3ff2ab239347d61c10342dad65550e707bbd53cc,18/12/25 00:12,223,892,2,0,0,0,1,2,1297062,1116.926,1296181,1116.1674,881,0.7586,3950.6726,3.4023,987.66815,0.8508,0.00026602
928333,652da7ec02d7f53121324a9b454ebcc4b7ebc3c344767beef5bce9f8cf3e5a8d,18/12/25 00:12,418,1021,2,0,0,1,2,2,6688100,5759.2568,6687096,5758.3921,1004,0.8646,2401.9138,2.0684,983.3497,0.8465,160.41255
928333,1075c5a7f4e1e90e8d29259134b4f3baa09f24109bc644d5b24e035598b261c8,18/12/25 00:12,246,657,2,0,0,1,1,2,7219000,6216.4253,7218354,6215.8691,646,0.5563,2626.0164,2.2613,983.2572,0.8465,185.455696
928333,1a7cfe626d06b17326e015a609bc32eea73a1f626a220fa15f9975b3751a2971,18/12/25 00:12,1085,2396,2,0,0,1,6,1,11824355,10182.1885,11821979,10180.1426,2376,2.046,2189.8618,1.8859,991.6528,0.8542,226.221742
928333,51670ed985fbd13c9a3e359c64f8c8b25fca38761bfc6f1b03a6345547395e3d,18/12/25 00:12,226,574,1,0,0,1,1,2,697972,601.0377,697404,600.5485,568,0.4891,2513.2744,2.164,989.54706,0.8525,0.03622442
928333,677f5fe96a189180f2e1b17b911e886c3720d38476a927793a87b49d5f87a4a9,18/12/25 00:12,223,565,1,0,0,1,1,2,394045,339.32,393485,338.8378,560,0.4822,2511.2107,2.1623,991.15045,0.8534,0.00124106
928333,564f9168bf9cc0acf2e8f920e36622e62c72b1d6b297f3d6f131c6999a459e66,18/12/25 00:12,222,561,1,0,0,1,1,2,276134,237.7845,275578,237.3057,556,0.4788,2504.5044,2.1571,991.08734,0.8534,0.00066665
928333,f6ff9f512f67bbc1f7f3a095cd74c94a1ac48f0d3457a064b14deb0730e1326a,18/12/25 00:12,222,561,1,0,0,1,1,2,222188,191.3305,221632,190.8517,556,0.4788,2504.5044,2.1571,991.08734,0.8534,0.00056095
928333,34fd5e370cb021d5aedd9ed6d152e00b24f6fa9bcf9882f7624d69846f2195e1,18/12/25 00:12,222,561,1,0,0,1,1,2,346410,298.3006,345854,297.8218,556,0.4788,2504.5044,2.1571,991.08734,0.8534,0.00083632
928333,1b22215b881dfb650f319d8b16527ff6297d6ecb91b90e1e4bc71d5205e5defb,18/12/25 00:12,223,562,1,0,0,1,1,2,84890,73.1005,84334,72.6217,556,0.4788,2493.2734,2.1468,989.32385,0.8516,1.74E-05
928333,d5bd2ff9a3fc5b229c32188aa1914d2eac33dacb10e8e6e5e4381a589eeb49fd,18/12/25 00:12,223,562,1,0,0,1,1,2,833484,717.7297,832928,717.251,556,0.4788,2493.2734,2.1468,989.32385,0.8516,0.00109839
928333,feacdf30295c4c3dc27db12bdb36ca0bfaf9b064d2818857c03c6db7c9a478b2,18/12/25 00:12,372,834,1,0,0,1,2,2,31318039,26968.5898,31317215,26967.8809,824,0.7096,2215.0537,1.9074,988.0096,0.8508,3.26644689
928333,f28e2ee839126fbce8c71fda39177b4c389b29f6f045b6f85462bf8c9da2f1d2,18/12/25 00:12,288,822,1,0,0,1,1,4,414880,357.2615,414068,356.5622,812,0.6992,2819.4443,2.4275,987.83453,0.8508,0.00040129
928333,faa7e4218e85b98a54047c44f97ed7c391ee1dc776a40c8b877a9dfb32dd4d2a,18/12/25 00:12,370,1480,2,0,0,0,2,2,3756236,3234.5698,3754778,3233.3145,1458,1.2555,3940.5405,3.3937,985.13513,0.8482,0.00106859
928333,096155ceae289bcf5603ac4ebb1f48d41e9622cbecf4873ec0cadbe51f788b57,18/12/25 00:12,370,1480,2,0,0,0,2,2,885503,762.5244,884045,761.2689,1458,1.2555,3940.5405,3.3937,985.13513,0.8482,0.00036578
928333,b334b448a5b32b715c7db1e959b1dfebb3660084262dfe8bb9b2747721f81c92,18/12/25 00:12,254,1016,1,0,0,0,1,3,552242,475.5466,551242,474.6855,1000,0.8611,3937.0078,3.3902,984.25195,0.8473,0.04461617
928333,e431ddd8f68672162c6fcf070db2a9eb1f00db49676c3c506c5d66130950132b,18/12/25 00:12,517,2068,2,0,0,0,3,2,100451307,86500.6328,100449272,86498.875,2035,1.7524,3936.1702,3.3894,984.04254,0.8473,0.04139523
928333,f46f018d75622173ad6901a26c0fe86fc84325f70a5ea4e682a41af110316dec,18/12/25 00:12,517,2068,2,0,0,0,3,2,567539,488.7192,565504,486.9668,2035,1.7524,3936.1702,3.3894,984.04254,0.8473,0.0004629
928333,d8e298bbed402ccac408ad68cea10455e59e8b9aed91f6cb63d94d0043c9d18b,18/12/25 00:12,371,1484,2,0,0,0,2,2,390055363,335884.469,390053905,335883.219,1458,1.2555,3929.9192,3.3842,982.4798,0.8456,0.32220198
928333,62ce6c8e0f4a1b72344b3867cee4e067c3bd10a3d22809eda6afc377e4f7b720,18/12/25 00:12,192,441,1,0,0,1,1,1,11392,9.8099,10956,9.4344,436,0.3754,2270.8333,1.9556,988.6621,0.8516,3.24E-06
928333,1513f5ed7063e0cc1d6e12c6ec150d876833acf082740a701d9d68b733af37fa,18/12/25 00:12,192,438,1,0,0,1,1,1,21285,18.3289,20853,17.9569,432,0.372,2250,1.9375,986.3014,0.8491,9.50E-06
928333,3e120cf897a867702678a6ad5139d634a42bbdf91353edd33f81a78b946c4c30,18/12/25 00:12,285,813,2,0,0,1,1,4,495044893,426293.063,495044093,426292.375,800,0.6889,2807.0176,2.4172,984.0098,0.8473,0.2210513
928333,3b4768d658e5ebec3918902931ad9418d313dd07d75401f18241dc5ca653c48e,18/12/25 00:12,372,1488,2,0,0,0,2,2,640064,551.1719,638606,549.9164,1458,1.2555,3919.3547,3.3747,979.8387,0.8439,0.00013127
928333,03623bea2537d1d72151584b19c8d68f702c3ef707f7c3c0524b1860d62fa832,18/12/25 00:12,226,574,1,0,0,1,1,2,666775,574.1733,666211,573.6876,564,0.4857,2495.5752,2.1494,982.57837,0.8465,0.02675126
928333,da5ff6e3416d8f047f1943ba4225152edc9946ec0a8a3f07ade4dec741962462,18/12/25 00:12,226,574,1,0,0,1,1,2,531990,458.1072,531426,457.6216,564,0.4857,2495.5752,2.1494,982.57837,0.8465,0.16572628
928333,fe828404b9b7b70c411a470eedeae06bb2a1e9f699e4780c96b9cac891b72daa,18/12/25 00:12,225,573,1,0,0,1,1,2,556976049,479623.219,556975485,479622.719,564,0.4857,2506.6667,2.1588,984.2932,0.8473,0.5387325
928333,b9d55076a8ffccbda48bb209383e0b179e0a831dbd99209d98a28cf32778dd76,18/12/25 00:12,225,900,2,0,0,0,1,2,17199529,14810.8584,17198648,14810.0996,881,0.7586,3915.5557,3.3721,978.8889,0.843,0.00710476
928333,5c5f929cfd307915ae4f56203a2520deafb1e05628709e0e2fadbef9ad5f7a55,18/12/25 00:12,1850,3542,2,0,0,1,12,2,7169132,6173.4829,7165667,6170.499,3465,2.9838,1872.973,1.6129,978.26086,0.8422,0.12860322
928333,4a0b7f8008ea3c701a2acd2437b50efbdd2d09b85fe9a7ab468e9643b1c00c2a,18/12/25 00:12,191,764,2,0,0,0,1,1,13519,11.6415,12773,10.9991,746,0.6424,3905.7593,3.3635,976.4398,0.8405,6.97E-05
928333,52cdb0be5546b15631bf5c49d3567c1acb70ebefc4d8d608a97d8fff2b0ca304,18/12/25 00:12,474,1566,1,0,0,1,1,10,4313772,3714.6753,4312361,3713.4602,1411,1.215,2976.7932,2.5636,901.0217,0.7759,0.00088472
928333,8eddb4f41a1b531e8e3adac0fac475be0c2e30868ac1d81c1fccfdd9232ec1cf,18/12/25 00:12,192,438,1,0,0,1,1,1,48053,41.3794,47507,40.9092,546,0.4702,2843.75,2.449,1246.5753,1.0738,0
928333,454ecfbca7c06cb0507fa7013fa1adaf8a7a9a438eb962c015e06a88251e0247,18/12/25 00:12,195,450,1,0,0,1,1,1,909952,783.5779,909512,783.199,440,0.3789,2256.4102,1.9427,977.7778,0.8422,0.00018662
928333,9b37c7336553c00c2ee5a22f35ff0e18cb35017e0b7dadfb317f64012758ac79,18/12/25 00:12,194,449,1,0,0,1,1,1,17397,14.9809,16957,14.602,440,0.3789,2268.0413,1.953,979.95544,0.8439,1.08E-05
928333,dc5d9226ce7bdd6f3c1c3c3cbc7d88e245cb8c2fe0654687bf0e39256d78dee7,18/12/25 00:12,195,450,1,0,0,1,1,1,353240,304.182,352800,303.8031,440,0.3789,2256.4102,1.9427,977.7778,0.8422,0.00021828
928333,44c6c417d2774ee88b831c64e6c52868835c04f294d635e1f46f09fe842d3fd6,18/12/25 00:12,506,1694,1,0,0,1,1,11,6858530150,5906017.5,6858528624,5906016,1526,1.3141,3015.8103,2.5971,900.8264,0.7759,6.63388154
928333,f4fff43a7484ea880b5c2c3bd80b4782c984db79e4460a4e019bea3e42ce560d,18/12/25 00:12,192,438,1,0,0,1,1,1,67979,58.5381,67433,58.0679,546,0.4702,2843.75,2.449,1246.5753,1.0738,0
928333,f7da498d9d8c37b38660e6c1afc6cbcbcf456ae8a2d0f2e51dfd98cb2056228f,18/12/25 00:12,162,444,2,0,0,1,1,1,912,0.7853,482,0.4151,430,0.3703,2654.321,2.2854,968.46844,0.8336,1.36E-05
928333,783545acdba1e8bbdf8faa06d94a6d0fdcacb7ed3307d4a5472776d36321a95d,18/12/25 00:12,234,609,2,0,0,1,1,2,1105549,952.0104,1105305,951.8002,244,0.2101,1042.735,0.8981,400.6568,0.3453,0.00022674
928333,0c2dd947ceaf4ed4d487061520b11952af05bde89c448bc7b1e5727c279d3526,18/12/25 00:12,396,651,1,0,0,1,1,1,19907,17.1423,18936,16.3062,971,0.8361,2452.0203,2.1115,1491.5515,1.2848,0
928333,3bcaaaae9fa0750bee20edf3d07e68709e05a42a22c05c266dc207d13632f21c,18/12/25 00:12,236,740,2,0,0,1,1,3,7446414529,6412256.5,7446413821,6412256,708,0.6097,3000,2.5834,956.7568,0.8241,1.52720446
928333,2e80e20b325d536f0ffc064aee599590147db4722ceea38034620731328fc293,18/12/25 00:12,439,1429,2,928332,0,1,1,9,11322254,9749.8193,11321180,9748.8945,1074,0.9248,2446.4692,2.1063,751.5745,0.6476,0.00232211
928333,f01ef697cf2a787960fc07729fc0619263716c1bfcf674335861d5a5c458482d,18/12/25 00:12,315,933,2,928332,0,1,1,5,10791051,9292.3896,10790115,9291.584,936,0.806,2971.4285,2.5584,1003.21545,0.8637,0
928333,6930a31c95d2d8f2fbe7ff7b88756e01dcac462f91de838d18f7edb7819bd875,18/12/25 00:12,285,813,2,928332,0,1,1,4,10584588,9114.6006,10583568,9113.7217,1020,0.8783,3578.9473,3.0819,1254.6125,1.0807,0
928333,3c2365bf7d25e46e5e042e17ec752bb490cdda91ed2ab5fc3f8df1c47f7d37d4,18/12/25 00:12,518,1103,2,928332,0,1,3,2,416152,358.3568,415599,357.8806,553,0.4762,1067.5676,0.9197,501.35992,0.4314,0.02672583
928333,e1261ae5fbad5b84d03513de5742ee54ebeb6652f2f6fcbc196668ab2d44e2f3,18/12/25 00:12,223,562,2,0,0,1,1,2,414067,356.5614,413362,355.9543,705,0.6071,3161.435,2.722,1254.4484,1.0798,0
928333,0fec59081ebf24ad09f1590b13658b4cc19bfe96b77b6def21f4805668b4b779,18/12/25 00:12,347,1061,2,0,0,1,1,6,294865,253.9142,293535,252.7689,1330,1.1453,3832.853,3.3007,1253.5344,1.0798,0
928333,54134aaff54a1ac5cbcbfdb9b677f7c6632d2b7c43a70afeb4b8e5b6aa7df048,18/12/25 00:12,151,397,1,0,0,1,1,1,52068,44.8368,51690,44.5113,378,0.3255,2503.3113,2.1554,952.14105,0.8198,1.07E-05
928333,df574fb9e29e76f133a8e4fe1fb6d9fa831f273577899678faf49601c85c8cc9,18/12/25 00:12,629,1250,2,0,0,1,3,2,7439565,6406.3584,7438411,6405.3643,1154,0.9937,1834.6582,1.5802,923.2,0.7948,0.00211735
928333,710a6ce7d220335414dfc5e452178c99b9e2cb9eb3a3744e327fb4522b915b9d,18/12/25 00:12,193,568,2,0,0,1,1,2,5913641,5092.3545,5913161,5091.9414,480,0.4133,2487.0466,2.1416,845.07043,0.7276,0
928333,c9f00016d4edd752791665db7c3872b9ea6e43cacd18037bc2f4ec70391773d1,18/12/25 00:12,205,616,2,0,0,1,1,2,7446330760,6412184.5,7446330184,6412184,576,0.496,2809.756,2.4197,935.06494,0.8051,0
928333,4208e1b7e457412e7cfe31426a5cbaa20c64b322364ddc64076f8d075b3c2fc7,18/12/25 00:12,193,568,2,0,0,1,1,2,7446115501,6411999,7446115021,6411998.5,480,0.4133,2487.0466,2.1416,845.07043,0.7276,0
928333,96cdcdf76cd42c3a0b797f70671b7b9e63bd2d09a4ceb3d43a99f4a8b0b08b48,18/12/25 00:12,300,798,2,0,0,1,2,2,7445137299,6411156.5,7445136597,6411156,702,0.6045,2340,2.015,879.6992,0.7578,0
928333,fb095cdaef994303269a9e6f649088ed555f7cfb6d3ee8c5b1e1a4eb718777b2,18/12/25 00:12,205,616,2,0,0,1,1,2,7442834812,6409174,7442834284,6409173.5,528,0.4547,2575.6099,2.2182,857.1429,0.738,0
928333,0b8f35c29d312ee367f74bd1e6138359f3fb137a2bd1757c6ca2f29b66b3025c,18/12/25 00:12,224,692,2,0,0,1,1,3,7440571963,6407225.5,7440571278,6407224.5,685,0.5899,3058.0356,2.6333,989.8844,0.8525,0
928333,90a226c7aba7fb382885757b347ad57f6e68b66cc46afd884ccfd0efcdb4bb9c,18/12/25 00:12,205,616,2,0,0,1,1,2,7405778952,6377264.5,7405778379,6377264,573,0.4934,2795.122,2.4068,930.1948,0.8008,0
928333,592964a186a8e568dfc32d12e0e6bcf7103bcdc99f1e2b2044f3875f4034de3b,18/12/25 00:12,205,616,2,0,0,1,1,2,7402216112,6374196.5,7402215536,6374196,576,0.496,2809.756,2.4197,935.06494,0.8051,0
928333,e389b847825698c7f79a480b5b6a680efa5b6f1a9ca8378381799853ad7df68e,18/12/25 00:12,205,616,2,0,0,1,1,2,7401123645,6373255.5,7401123069,6373255,576,0.496,2809.756,2.4197,935.06494,0.8051,0
928333,2969aca16b96ae5cf11cbbef25fab54b1e2879a2d4ffd6b87974a7ff2a2a35a4,18/12/25 00:12,205,616,2,0,0,1,1,2,7400950644,6373106.5,7400950047,6373106,597,0.5141,2912.195,2.5076,969.1558,0.8344,0
928333,1f48a8f08bf664ae5f69412c2448fa4a9a3526d8029e9b9f174db99fbf79b1e0,18/12/25 00:12,193,568,2,0,0,1,1,2,7400937287,6373095,7400936583,6373094.5,704,0.6062,3647.6685,3.1414,1239.4366,1.0669,0
928333,60e149ecf8ede118ac1220d4da33f0a045c520c62d26beccdabed21c214521bd,18/12/25 00:12,194,449,2,0,0,1,1,1,315000,271.2528,314577,270.8885,423,0.3643,2180.4124,1.8772,942.09357,0.8112,0.00014066
928333,8527dd4e3aaf0d780843a3690e9a5bdb904fdb321720f68f128c222aa504436e,18/12/25 00:12,222,888,2,928332,0,0,1,2,10184394,8769.9854,10183565,8769.2715,829,0.7139,3734.2341,3.2154,933.55853,0.8043,1.33272579
928333,6fea6525d0fc5fbdce913c57ce7ad349ce4c32aeb39f8e2a011b79d041db2b96,18/12/25 00:12,224,566,1,0,0,1,1,2,109058661,93912.5938,109058491,93912.4453,170,0.1464,758.9286,0.6536,300.35336,0.2583,0.02236712
928333,27a33ed94a7d624a228a9f25fffdc0fa5c982f505e8bfcc3533e8e4e295a3924,18/12/25 00:12,285,810,1,0,0,1,1,4,109020467,93879.7031,109020223,93879.4922,244,0.2101,856.1404,0.7371,301.23456,0.2592,0
928333,81687036ccdec83ac78ac5eed8f1d97cdb010a4aef10d2d6138bcecc74178660,18/12/25 00:12,191,437,2,0,0,1,1,1,62262,53.6151,60979,52.5102,1283,1.1048,6717.2773,5.7841,2935.9268,2.5282,0
928333,7e7f43c00b42462ca50c4daf7bff9c93148a21faa25a9e3eab2183484db51371,18/12/25 00:12,191,437,2,0,0,1,1,1,45567,39.2387,44999,38.7495,568,0.4891,2973.822,2.561,1299.7711,1.1195,0
928333,02b09c849ca887dfd414dcd535f2968f094479639f2589773ba3293ee8c05309,18/12/25 00:12,222,561,1,0,0,1,1,2,108884124,93762.2969,108883955,93762.1484,169,0.1455,761.2613,0.6553,301.24777,0.2592,0
928333,1b88580f72a72ba31d1f66eca74997ed79694c09b62c85df829e824c8e598f55,18/12/25 00:12,254,686,1,0,0,1,1,3,107350257,92441.4531,107350051,92441.2734,206,0.1774,811.0236,0.6984,300.29153,0.2583,0
928333,7f44760438fd139489b5ed9745aafb8fadaa78798c71cb0568e0fe34cf3e1dde,18/12/25 00:12,285,810,1,0,0,1,1,4,106617122,91810.1328,106616878,91809.9297,244,0.2101,856.1404,0.7371,301.23456,0.2592,0
928333,05f09ae3fa177811a0c259dcd1a06bd9830b1b6d7331b31cc2c2729c49c6f2ae,18/12/25 00:12,192,438,2,0,0,1,1,1,519356,447.2278,517153,445.3308,2203,1.897,11473.958,9.8805,5029.68,4.3314,0
928333,d77092f99f5a3fc84f7c1393cf3f5ee0a5b5da394adebc85f4473087b89148e2,18/12/25 00:12,266,737,1,0,0,1,1,3,85105,73.2856,84417,72.6932,688,0.5925,2586.466,2.2269,933.5142,0.8043,0.00016696
928333,7e8fe583ccd6148b1c8e289b62848b2a0c8b7e9984bb5909a00d5317f1c9b715,18/12/25 00:12,957,1827,2,0,0,1,3,2,139254,119.9144,137556,118.4522,1698,1.4622,1774.2947,1.5276,929.39246,0.8,0.00244715
928333,0c23d2cba0bb0f27a854e0ffca68453ecaec48af1bbc01309acddba076fa54a1,18/12/25 00:12,1792,6841,1,0,0,1,1,51,93331413,80369.5469,93325253,80364.2422,6160,5.3045,3437.5,2.9605,900.4531,0.775,0.12299438
928333,e7c8131a22a3c0e8636fbed9a6665704e01e7f00fc2aefd3074fc186ea24fb04,18/12/25 00:12,191,437,2,0,0,1,1,1,327000,281.5862,326403,281.0721,597,0.5141,3125.6545,2.6919,1366.1327,1.1763,0
928333,92f08eccb1836de7795be1807bfd9269886b1360365c5879aaa0959fffc956a7,18/12/25 00:12,192,438,2,0,0,1,1,1,211000,181.6963,210462,181.233,538,0.4633,2802.0833,2.4129,1228.3105,1.0575,0
928333,e1b5199c743e17c28e94c86f9d9ab5abae655c15c9e2ab6e312df3d29e85190d,18/12/25 00:12,501,1677,2,0,0,1,1,11,35957330,30963.5762,35955781,30962.2422,1549,1.3339,3091.8164,2.6626,923.6732,0.7957,0.01975988
928333,bc001f7d5eadafe0ec0370aaea259b012d706b4564eb5bd93cc3a6a62f9ece47,18/12/25 00:12,235,610,1,0,0,1,1,2,8900,7.664,8336,7.1783,564,0.4857,2400,2.0667,924.59015,0.7965,1.55E-05
928333,8f0c7dc2c6d252053fd6c5d2fc04a478c172e3643ab75d7213465075cd4bb610,18/12/25 00:12,339,708,1,0,0,1,2,1,19240,16.5679,18589,16.0074,651,0.5606,1920.354,1.6534,919.4915,0.7914,7.92E-06
928333,06daa74ecea73849fc3ac96fe597ab8b48b7d2e68d49a741e048d6dfd8402588,18/12/25 00:12,253,685,1,0,0,1,1,3,1981413,1706.2344,1980784,1705.6927,629,0.5416,2486.166,2.1407,918.24817,0.7905,0.00108886
928333,ad342ae932d9013066e6ee4ce60296145288cf9e025db7ccab23feba780619a6,18/12/25 00:12,253,685,1,0,0,1,1,3,4103767,3533.8359,4103138,3533.2942,629,0.5416,2486.166,2.1407,918.24817,0.7905,0.01280717
928333,bc6fe08e22dfe11642ee8882c1ac9ce1db19ca4fff2ef2988534291d04b739e7,18/12/25 00:12,189,756,2,0,0,0,1,1,663508,571.36,662818,570.7658,690,0.5942,3650.7937,3.1439,912.6984,0.7862,0.00027408
928333,db340c07d3b9240dde06e63b9006de93794564a6b11dde98afe28b2f9cbb6056,18/12/25 00:12,371,1484,2,0,0,0,2,2,895543,771.17,894191,770.0057,1352,1.1642,3644.2048,3.1379,911.0512,0.7845,0.00834101
928333,cb715c3e5bdd568b75fe79d2ddbeba9457c17db232e99fc702e9070ebb7e83c6,18/12/25 00:12,189,756,1,0,0,0,1,1,101000,86.9731,100312,86.3807,688,0.5925,3640.2117,3.1345,910.0529,0.7836,0.00021294
928333,56444f064b854d057f8d2b356b6f92aa003e8871b9f16900690501832ee47cbe,18/12/25 00:12,223,565,2,0,0,1,1,2,104390536,89892.7812,104390020,89892.3359,516,0.4443,2313.9014,1.9926,913.27435,0.7862,0.08623093
928333,c119b691801c64b526726c2a9224195087ea67c81dcb3313fb5a439ed6b4408d,18/12/25 00:12,384,1209,2,0,0,1,1,5,1163846,1002.2111,1162747,1001.2647,1099,0.9464,2861.9792,2.4645,909.0157,0.7828,0.00135082
928333,ffd2992c20c7009615032a8a1fadbc2546f06f618c5389d3c738f9d371bd0e7f,18/12/25 00:12,1560,3015,1,0,0,1,10,2,6247000,5379.4165,6244271,5377.0664,2729,2.35,1749.359,1.5061,905.141,0.7793,0.00789668
928333,bcc14ceb89c543af3b3dcdb2e685cff59b11ed8df07a7e8d2bc3d61b6773295d,18/12/25 00:12,1558,3004,1,0,0,1,10,2,3078759,2651.1809,3076041,2648.8403,2718,2.3405,1744.5443,1.5027,904.7936,0.7793,0.00366593
928333,d510d4ee89860a80c8b8c317bdf6ba7e2b6199fe2c73f1e941228a39927178d0,18/12/25 00:12,340,709,2,0,0,1,2,1,64637,55.6602,64091,55.19,546,0.4702,1605.8823,1.383,770.09875,0.6631,6.54E-05
928333,780deb0bd5464674b7139ea7e2c859212a3a4681d07877c6dbfa0e58a3d7c8c5,18/12/25 00:12,371,833,2,0,0,1,2,2,88971,76.6147,88117,75.8793,854,0.7354,2301.8867,1.9823,1025.2101,0.8826,0
928333,540e80a69bafadafdded5f0d154d7f94317bd3d18ff890e794ff564f960ac3ff,18/12/25 00:12,194,569,1,0,0,1,1,2,174591,150.3438,174403,150.1819,188,0.1619,969.07214,0.8344,330.4042,0.2842,3.58E-05
928333,d87dceac06444c1b379ab4b432125562d84df8f50d771314129e399c62afade3,18/12/25 00:12,151,397,1,0,0,1,1,1,5918,5.0961,5227,4.5011,691,0.595,4576.159,3.9405,1740.5542,1.4992,0
928333,d87e1d82e07a83881f571bba2d2a53a6041025ad8be191e8dfa93775779c2282,18/12/25 00:12,1379,2609,1,0,0,1,9,1,1386962,1194.3407,1384600,1192.3068,2362,2.034,1712.8353,1.4751,905.3277,0.7793,0.00164504
928333,529629e0553aaf484a6f79c957a47ef88e05f0cab565b22f8b2f94485a6d1c1d,18/12/25 00:12,529,2116,2,0,0,0,3,2,2047596,1763.2258,2045684,1761.5793,1912,1.6465,3614.3667,3.1121,903.5917,0.7785,0.0004286
928333,63a2a0212a54da3d70b8ebb7c92875ede4e34678cc588d00f3cc365e1c3e7d01,18/12/25 00:12,1561,3007,1,0,0,1,10,2,4317000,3717.4551,4314282,3715.1145,2718,2.3405,1741.1915,1.4992,903.8909,0.7785,0.00549045
928333,efe4e174ef523965cdd18ecc2bd1d81157cca847ff58dcf3ec0c4748c6f53061,18/12/25 00:12,1560,3006,1,0,0,1,10,2,1989000,1712.7677,1986282,1710.4271,2718,2.3405,1742.3077,1.5001,904.1916,0.7785,0.00237354
928333,7e5e16e5981fe090f4ef0b78c0d4e6f32c98f3ed57a9d0d4a33d070648ead80d,18/12/25 00:12,223,562,1,0,0,1,1,2,238902817,205724,238902309,205723.563,508,0.4374,2278.0269,1.9616,903.9146,0.7785,1.8292103
928333,fc6f1098a413103d77f3dd1835c610b024c5ace9074243fcae46292d6282a635,18/12/25 00:12,223,562,1,0,0,1,1,2,378857653,326241.906,378857145,326241.469,508,0.4374,2278.0269,1.9616,903.9146,0.7785,0.16917047
928333,78e1d132f48c8bac34a264b203c2cf7fdb338b73c30086cb98f88a41d5eb764d,18/12/25 00:12,223,562,1,0,0,1,1,2,134911641,116175.109,134911133,116174.672,508,0.4374,2278.0269,1.9616,903.9146,0.7785,0.15047957
928333,b124889d053f8be4ccd10faa23de02b806836e48689ba57bdab6665880c30052,18/12/25 00:12,223,562,1,0,0,1,1,2,90134917,77616.9766,90134409,77616.5391,508,0.4374,2278.0269,1.9616,903.9146,0.7785,0.03121339
928333,863988567da93948c36735dc695cd6ad02d50c164266026aeeeee190c74eab54,18/12/25 00:12,222,561,1,0,0,1,1,2,1633834794,1406927.88,1633834286,1406927.38,508,0.4374,2288.2883,1.9702,905.5258,0.7802,1.34961562
928333,49257df3233e98ad681f07bc7c26628ed5fa1ddf040df82fdb4f9a54b69d8167,18/12/25 00:12,222,561,1,0,0,1,1,2,143411956,123494.906,143411448,123494.469,508,0.4374,2288.2883,1.9702,905.5258,0.7802,0.15996077
928333,5453aa3fff5c745f05300351f2582bdc777249dd05f71312c6197bf26216098e,18/12/25 00:12,222,561,1,0,0,1,1,2,12399552,10677.502,12399044,10677.0645,508,0.4374,2288.2883,1.9702,905.5258,0.7802,0.00254306
928333,1f8ef077fe38ed6455aae109c135df4c72e9a7aedec1b36ad1a3aa617fa60ccd,18/12/25 00:12,222,561,1,0,0,1,1,2,8428312,7257.7881,8427804,7257.3506,508,0.4374,2288.2883,1.9702,905.5258,0.7802,0.00172858
928333,c2cd2b83949895bb62298ec5a612b62a22a244853fff7e1de506a4b4e57ca9ce,18/12/25 00:12,222,561,1,0,0,1,1,2,2324287,2001.49,2323779,2001.0526,508,0.4374,2288.2883,1.9702,905.5258,0.7802,0.00047669
928333,b6838fbaf520b72cad68807c8302bc59efe03277ae7766c8d3b1ee27121ee1fe,18/12/25 00:12,222,561,1,0,0,1,1,2,13852601,11928.752,13852093,11928.3145,508,0.4374,2288.2883,1.9702,905.5258,0.7802,0.00284107
928333,f49e990ac2b0b284218c8f4ef3bb9fb4a783f7fe326540347010b7616240faaf,18/12/25 00:12,234,609,1,0,0,1,1,2,4950663,4263.1147,4950112,4262.6406,551,0.4745,2354.701,2.0279,904.7619,0.7793,0.00101534
928333,4e7940896f64b25afeae74868576db66a235e64d41994caf435d2af1cf984db9,18/12/25 00:12,234,609,1,0,0,1,1,2,1007571,867.6395,1007020,867.165,551,0.4745,2354.701,2.0279,904.7619,0.7793,0.00028676
928333,f7e4239e4046e9b2bffb352268912435749eafd841c4e58e35a891425e6f2d82,18/12/25 00:12,255,690,1,0,0,1,1,3,2449726,2109.5081,2449103,2108.9717,623,0.5365,2443.1372,2.1037,902.89856,0.7776,0.00101193
928333,f1e6b51b3b264147c78a525f8a6cb22050b9dcc426ac498456c4afa58a771b16,18/12/25 00:12,285,810,1,0,0,1,1,4,248374825,213880.531,248374094,213879.906,731,0.6295,2564.9124,2.2088,902.4691,0.7767,0.15348069
928333,07065c1357258c09823f3ab9cb477139366bc3bb3b792b997ade4903a4e11608,18/12/25 00:12,518,1742,1,0,0,1,1,11,5546130057,4775883.5,5546128487,4775882,1570,1.352,3030.888,2.6101,901.26294,0.7759,2.47650113
928333,6c370b6f475cf5ac55376a78d4bd8349dec22fc7d96796c8d7df840467d9f022,18/12/25 00:12,349,1069,1,0,0,1,1,6,4895437,4215.5586,4894472,4214.7275,965,0.831,2765.043,2.381,902.7128,0.7776,0.00218595
928333,eec18469bb311b0fd5f966cdd35e40fb96b3815d7d9caa62d466fa9ac0f29a81,18/12/25 00:12,572,1958,1,0,0,1,1,13,4866962695,4191039,4866960931,4191037.5,1764,1.519,3083.916,2.6557,900.9193,0.7759,3.91891892
928333,70dd181179ae34bce2dc2faa9a12319d943408a5c0a44cee1a322f7b4091a4ba,18/12/25 00:12,507,1698,1,0,0,1,1,11,5683704455,4894351.5,5683702925,4894350.5,1530,1.3175,3017.7515,2.5989,901.06006,0.7759,1.16568568
928333,0dadd61ac641aa52cb03f834134ae6bcb3fb584d54d9de13c0c23419542f8c63,18/12/25 00:12,504,1686,1,0,0,1,1,11,5723034934,4928220,5723033415,4928218.5,1519,1.308,3013.889,2.5954,900.949,0.7759,4.72746532
928333,a9086ff09533b98799594ce88ed292f890e4e81d7e4f510758c940caf76dd03c,18/12/25 00:12,511,1714,1,0,0,1,1,11,5963671874,5135437,5963670330,5135436,1544,1.3296,3021.5264,2.6023,900.8168,0.7759,5.76833401
928333,b35a3d4c61c176ff4b94790bf1e89f5222f892b7f932785065522d46e7a6525a,18/12/25 00:12,505,1693,1,0,0,1,1,11,5782420246,4979357.5,5782418720,4979356.5,1526,1.3141,3021.7822,2.6023,901.3585,0.7759,4.77652006
928333,87130d7e57f0127d409ea872e9cc0c24f9c9c89551a4336d2194595cbcf69882,18/12/25 00:12,505,1693,1,0,0,1,1,11,81387202,70084.1484,81385676,70082.8359,1526,1.3141,3021.7822,2.6023,901.3585,0.7759,0.06722922
928333,eaaa0ed980565560405a5abc4e208719caea2d4abbfc21aaec377f9bfc0c9b45,18/12/25 00:12,370,1153,1,0,0,1,1,6,22836002,19664.5371,22834962,19663.6426,1040,0.8956,2810.8108,2.4206,901.9948,0.7767,0.00468349
928333,e41a2048700b9c3f82a11f0839965e798022ea83b965e19fe7a56d655ab0782b,18/12/25 00:12,224,566,1,0,0,1,1,2,61953044,53349.0039,61952533,53348.5664,511,0.44,2281.25,1.9642,902.82684,0.7776,0.03404549
928333,b2c30c246932d3d02da4a3caecefd996713e8f0ecd6beb4dd2a7fcef7ff70f2c,18/12/25 00:12,390,1230,2,0,0,1,1,5,155530,133.93,154431,132.9836,1099,0.9464,2817.9487,2.4266,893.4959,0.769,3.19E-05
928333,c745a6949fbf7aa4412a4aafdcd7860c0cccef8e33751e97ccd5348031fb9f04,18/12/25 00:12,384,1209,2,0,0,1,1,5,96178,82.8208,95079,81.8744,1099,0.9464,2861.9792,2.4645,909.0157,0.7828,0
928333,fed050440af09760f1f37a217ca4c568936d1796144509e955769fe01a41f54d,18/12/25 00:12,226,574,1,0,0,1,1,2,420809231,362367.25,420808713,362366.813,518,0.4461,2292.0354,1.9737,902.439,0.7767,0.08630486
928333,a62cbfd6e286b6d632282739b26771c03a61b4224832f6ffa69440ed125730aa,18/12/25 00:12,226,574,1,0,0,1,1,2,712000,613.1174,711482,612.6714,518,0.4461,2292.0354,1.9737,902.439,0.7767,0.00051043
928333,f3a67f8c7277a77173e347b6a65dec4a25ce48b7d499c99bcfbaf0bdf31341fb,18/12/25 00:12,370,832,2,0,0,1,2,2,508878,438.205,508130,437.5609,748,0.6441,2021.6216,1.7412,899.03845,0.7741,0.00051803
928333,07180d505661bf646df7fc7c377544a44f435f16408d962c030dd81c395bad88,18/12/25 00:12,342,720,1,0,0,1,2,1,185436,159.6826,185255,159.5268,181,0.1559,529.23975,0.4555,251.38889,0.2161,0.00103607
928333,fd8f47ebb91ae9882e66f5e739d8ddb5b243ca4bafdf017733f5b694ad95898c,18/12/25 00:12,190,760,2,0,0,0,1,1,185255,159.5268,184109,158.5399,1146,0.9868,6031.579,5.1943,1507.8948,1.2986,0
928333,ca1d81611e92eddaa99e8c3de90033473946f3da62383c9f72943fd0d0bbe4e1,18/12/25 00:12,191,764,1,0,0,0,1,1,163367,140.6786,162685,140.0913,682,0.5873,3570.6807,3.0751,892.67017,0.769,0.00018341
928333,49a0121e3705da56f9c2d8f57eee55085e6a63809a97b222f6ec6ad09898ab5c,18/12/25 00:12,370,832,1,0,0,1,2,2,1612680,1388.7111,1611938,1388.072,742,0.639,2005.4054,1.7265,891.8269,0.7681,0.0020756
928333,bb0042c851a75e89fc141d7ece3067bd308ff29e12abdb8f18dc41b99fae01e7,18/12/25 00:12,370,832,1,0,0,1,2,2,15691,13.5118,14949,12.8729,742,0.639,2005.4054,1.7265,891.8269,0.7681,0.00228715
928333,96c4b38e2fac066161a0c0991b981bc9cbfd4fc429b4c4ed90cc13186c332831,18/12/25 00:12,203,485,1,0,0,1,1,1,660678,568.923,660243,568.5485,435,0.3746,2142.8572,1.8454,896.9072,0.7724,0.00387177
928333,3a8cb7a3d9f30e961778b88e9addc64db98cab830a553c49298b205cd0357b87,18/12/25 00:12,360,1236,2,0,0,1,1,5,210099,180.9205,209000,179.9741,1099,0.9464,3052.7778,2.629,889.15857,0.7655,0.03702246
928333,8931c60733cd4a6823c05bfa698deccdd29f2037bb6b0e416e6b78c539da3af8,18/12/25 00:12,189,756,1,0,0,0,1,1,1387587,1194.8789,1386915,1194.3003,672,0.5787,3555.5557,3.0621,888.8889,0.7655,0.00085745
928333,0d40d06065d37ac03a2f73a6e8ccf897c0cb21d50a791a77616f401a30686b58,18/12/25 00:12,192,438,2,0,0,1,1,1,3291000,2833.9458,3290609,2833.6091,391,0.3367,2036.4584,1.7532,892.6941,0.769,0
928333,0a0c3c6447da926729ad144ef9562aedb2d54cfe6e3f963c2e212b1f50dc9c2e,18/12/25 00:12,553,1402,2,0,0,1,4,3,2446,2.1063,1200,1.0333,1246,1.073,2253.1646,1.9401,888.7304,0.7655,0.00138837
928333,20c2ca7806893780c245b32776117ae7f8c5dc20897f3cc1aaf593e01ea72600,18/12/25 00:12,222,561,2,928332,0,1,1,2,3243000,2792.6121,3242500,2792.1816,500,0.4306,2252.2522,1.9392,891.2656,0.7673,0.06004842
928333,07ebd7fa17148f219579f4376733cac2162d1e7056af0ec13d5747d2cdac1f55,18/12/25 00:12,222,561,1,0,0,1,1,2,3799500,3271.8254,3799000,3271.3948,500,0.4306,2252.2522,1.9392,891.2656,0.7673,0
928333,fffe9c78c5a2af19d479e52c95f41d422db3ae409bbe6b3c04dcefe1f9c0dca2,18/12/25 00:12,222,561,1,0,0,1,1,2,736837,634.5051,736337,634.0745,500,0.4306,2252.2522,1.9392,891.2656,0.7673,0
928333,b171397b9e7e795faca39cb877258eaaef09b4c4075c332bb9f91dfd706269df,18/12/25 00:12,222,561,2,928332,0,1,1,2,3100,2.6695,2600,2.2389,500,0.4306,2252.2522,1.9392,891.2656,0.7673,1.49E-05
928333,a432464132ab16c40fb416d0acda4ea6dce77bf23864e2f47ab1e569fd46a717,18/12/25 00:12,222,561,2,928332,0,1,1,2,464156,399.694,463700,399.3013,456,0.3927,2054.054,1.7687,812.8342,0.7001,0.01041869
928333,44c821bbf75d9ddedd2ebc9e61ee0087983ed39d4778af2b2d881119619c0c91,18/12/25 00:12,222,561,2,928332,0,1,1,2,317840,273.6984,317300,273.2334,540,0.465,2432.4324,2.0942,962.56683,0.8293,0
928333,c711145b7b12c0510d9a14972774859a51b233a93370b33dadb13db4e3887f72,18/12/25 00:12,336,1344,1,0,0,0,2,1,59207,50.9843,58021,49.963,1186,1.0213,3529.762,3.0398,882.4405,0.7595,2.69E-05
928333,8fcbf8db7da89ffeb6b971202ff252b1ac0d6b2e6d60aa77412a32c0f9444e0e,18/12/25 00:12,223,565,2,928332,0,1,1,2,4.18E+10,36019824,4.18E+10,36019824,500,0.4306,2242.1526,1.9306,884.95575,0.7621,17.2786861
928333,66f59b6eb3c2c8507ef3ed37b9fc42ccadd78435522cc201a4f261fad4505c6b,18/12/25 00:12,223,565,2,928332,0,1,1,2,29999500,25833.1699,29999000,25832.7383,500,0.4306,2242.1526,1.9306,884.95575,0.7621,0.44842308
928333,fde402f9e76ef7cdd73729e03ada29941ff72fdb57a728b234b5f7de0e6af475,18/12/25 00:12,191,437,2,928332,0,1,1,1,4429366,3814.2156,4429014,3813.9126,352,0.3031,1842.9319,1.587,805.492,0.6932,9.91172354
928333,9a382e321e27d387108155a3a3a45b9bdc6b6398673977dc85c9e76e8fc2147f,18/12/25 00:12,385,1210,2,0,0,1,1,5,4429014,3813.9126,4427915,3812.9661,1099,0.9464,2854.5454,2.4585,908.26447,0.7819,0
928333,c5fc597486f24f21c7cefac88bcd57c69da65e3912171753d8ddd0ef10c45573,18/12/25 00:12,189,756,1,0,0,0,1,1,1161915,1000.5482,1161251,999.9764,664,0.5718,3513.2275,3.0251,878.3069,0.7561,0.00047996
928333,f21c4f279598bc063939223286fa7a35aad49fe119e33d3bbba86259df9efc63,18/12/25 00:12,1409,2732,1,0,0,1,9,2,1699153,1463.1747,1696755,1461.1096,2398,2.065,1701.9163,1.4656,877.74524,0.7561,0.45345274
928333,a613027b9e3db06cab40679c1519964608f0a5da2994a59b20088af5ea3dbf5a,18/12/25 00:12,222,561,2,928332,0,1,1,2,224894,193.6607,224400,193.2353,494,0.4254,2225.2253,1.916,880.57043,0.7586,0.00246514
928333,2f39b7733f7ef7931fe0c607359a77bdc61d9c9f68862d6420a6d85b25311a09,18/12/25 00:12,192,438,2,0,0,1,1,1,107419,92.5006,107034,92.1691,385,0.3315,2005.2084,1.7265,878.9954,0.7569,0.00032379
928333,de2184253f71369272299529318b4334d9bfd087578369c2d71510b23604a20b,18/12/25 00:12,191,437,2,0,0,1,1,1,54000,46.5005,53615,46.1689,385,0.3315,2015.7068,1.736,881.00684,0.7586,1.54E-05
928333,fe37cc70c84d261e2dd223a3c04e570cc92b1d16e714019dfaff6b5b800f1a13,18/12/25 00:12,22241,40814,2,928332,0,1,150,1,4048505,3486.2485,4012791,3455.4946,35714,30.754,1605.7731,1.383,875.0429,0.7535,0.01715986
928333,3205897a06ee2b88faa09d609ac81990ce47a53b2da94d7f699fd4cabe8d311b,18/12/25 00:12,192,438,2,0,0,1,1,1,221000,190.3075,220615,189.976,385,0.3315,2005.2084,1.7265,878.9954,0.7569,0
928333,32feec72e92de97090fa750ae510e04ffd695e12cf907ba4e17c0100fb003e24,18/12/25 00:12,191,437,2,0,0,1,1,1,31000,26.6947,30615,26.3632,385,0.3315,2015.7068,1.736,881.00684,0.7586,0
928333,ab172d3ab467cf70d6beb42e235f83f66f440ef245008235644163e9d220fe4f,18/12/25 00:12,192,438,2,0,0,1,1,1,89292,76.8911,88907,76.5596,385,0.3315,2005.2084,1.7265,878.9954,0.7569,1.83E-05
928333,a660fdc30b253a49448f26bdee7b47e7dee2535ade9f22621a8e8e2b8a2e8c51,18/12/25 00:12,191,437,2,0,0,1,1,1,105656,90.9825,105271,90.651,385,0.3315,2015.7068,1.736,881.00684,0.7586,0.00841335
928333,3dc1389997290e478765f081402463ee20e9a3e152ad8d0c883938bc58457c59,18/12/25 00:12,192,438,2,0,0,1,1,1,619551,533.5078,619166,533.1762,385,0.3315,2005.2084,1.7265,878.9954,0.7569,0.00802354
928333,4bf16666e5ae9845c2687f0de633e5276038eaf97d597cab297417c9dbbce55e,18/12/25 00:12,191,437,2,0,0,1,1,1,49326,42.4756,48941,42.1441,385,0.3315,2015.7068,1.736,881.00684,0.7586,2.91E-05
928333,6a3df9178ee3451e697eb77a85caf70e9f48f4cd8e345bf030b482d3c9744e73,18/12/25 00:12,191,437,2,0,0,1,1,1,545934,470.1147,545549,469.7831,385,0.3315,2015.7068,1.736,881.00684,0.7586,0.00032194
928333,0bc486a1778aa7eefda5cc8f1adc37a35a17456dd6d81c65abde837812e3197e,18/12/25 00:12,192,438,2,0,0,1,1,1,1333776,1148.5411,1333391,1148.2097,385,0.3315,2005.2084,1.7265,878.9954,0.7569,0.00640228
928333,a210d339fb38a7de415b0bfe148d7142dfca55e9a3c90cf2e967722ed4b8b381,18/12/25 00:12,191,437,2,0,0,1,1,1,58331,50.23,57946,49.8985,385,0.3315,2015.7068,1.736,881.00684,0.7586,5.64E-05
928333,c46edd86870668a6c3e6412c91eef2fe12f83e6d0e85de37da5b8138ddda4c84,18/12/25 00:12,192,438,2,0,0,1,1,1,54662,47.0705,54277,46.739,385,0.3315,2005.2084,1.7265,878.9954,0.7569,0
928333,fca34bf0d6c9180bb3944b3e9ae1bc8d09f2cad71c35ae6f6ba008dbce8ea586,18/12/25 00:12,191,437,2,0,0,1,1,1,2762329,2378.6968,2761944,2378.3652,385,0.3315,2015.7068,1.736,881.00684,0.7586,0.00056653
928333,8def28212c9b516cf7e8b7790135b3ef8bfa3c413c7d673bb1f4a7f92c1801a2,18/12/25 00:12,191,437,2,0,0,1,1,1,232552,200.2552,232167,199.9236,385,0.3315,2015.7068,1.736,881.00684,0.7586,4.77E-05
928333,5da588c955390c06a09725b33fd4b55cc33515c4798e0476c883c5cca39c86a5,18/12/25 00:12,191,437,2,0,0,1,1,1,105182,90.5743,104797,90.2428,385,0.3315,2015.7068,1.736,881.00684,0.7586,0
928333,a42991a869291c4bf6900e801cd8bfce70a1ca333eaf70e268fa3ce780d857aa,18/12/25 00:12,191,437,2,0,0,1,1,1,2655,2.2863,2270,1.9547,385,0.3315,2015.7068,1.736,881.00684,0.7586,0.00062388
928333,7bdd0ae809f30a2e54158ed58e11213f1b369a8d84b649f1d0c0ba79228f2301,18/12/25 00:12,222,561,2,0,0,1,1,2,31220647,26884.7227,31220224,26884.3594,423,0.3643,1905.4054,1.6404,754.0107,0.6493,0.00640312
928333,d613ea7a60192763898e84c5637deebe584d56173dce35cd8e2bd4dea81f55ae,18/12/25 00:12,222,561,2,0,0,1,1,2,46547,40.0826,45983,39.5969,564,0.4857,2540.5405,2.1881,1005.3476,0.8654,0
928333,cc8aee5a99539a6e1f01ef86568c98428c80d956373ae259cc71fcd15f68a1c4,18/12/25 00:12,191,437,2,0,0,1,1,1,63390,54.5864,63005,54.2549,385,0.3315,2015.7068,1.736,881.00684,0.7586,0.00019965
928333,5662bbcce87f74e3ac9acae6eb0da49f84308b6ba9e6e7fc118dcb71c7455dd0,18/12/25 00:12,191,437,2,0,0,1,1,1,168317,144.9411,167932,144.6096,385,0.3315,2015.7068,1.736,881.00684,0.7586,3.45E-05
928333,d11074cd9d0ea10a43f39230c86ff9c6a2feec56b9fbd4118394896613ee20d7,18/12/25 00:12,191,437,2,0,0,1,1,1,85643,73.7489,85258,73.4174,385,0.3315,2015.7068,1.736,881.00684,0.7586,2.44E-05
928333,75eb1c658c97c324b4fc5cdd45647559430d412f8c2aff35bf390165db0fb5ff,18/12/25 00:12,191,437,2,0,0,1,1,1,30311,26.1014,29926,25.7699,385,0.3315,2015.7068,1.736,881.00684,0.7586,1.12E-05
928333,623bf3b02d2f097cf7b1aa8e206a789536698af7959ed96d0a322f4e469f0a35,18/12/25 00:12,195,450,2,0,0,1,1,1,25154,21.6606,24759,21.3205,395,0.3401,2025.641,1.7446,877.7778,0.7561,2.43E-05
928333,ee7087df795a99574ffb321aae8464a35fbe7643ae16f308f2a93341767a07ff,18/12/25 00:12,433,1732,1,0,0,0,2,4,12812240,11032.876,12810728,11031.5742,1512,1.302,3491.9167,3.007,872.9792,0.7518,0.00499457
928333,965f9bfac6792eeeb7b20dfb5eab4895c57ca61f8f48420c3326061e05f9923f,18/12/25 00:12,223,892,1,0,0,0,1,2,106000,91.2787,105554,90.8947,446,0.3841,2000,1.7222,500,0.4306,0.00022348
928333,4eeedc9437d6a189d646f95a9c18d1636b0cb62db60dc9e1678e9586f192fca2,18/12/25 00:12,189,756,1,0,0,0,1,1,47454,40.8636,46466,40.0128,988,0.8508,5227.513,4.5019,1306.8783,1.1255,0
928333,b4bcd84de77f1486bbca360d4fdbcd4b89c68d8970beb5f6356b5ae5d5622552,18/12/25 00:12,288,1152,1,0,0,0,1,4,2795728,2407.4573,2794726,2406.5945,1002,0.8628,3479.1667,2.9958,869.7917,0.7492,0.00270415
928333,168929a8d7144638a581be4fd85537679dbcfe0156a61a9a736013786b21798e,18/12/25 00:12,225,573,1,0,0,1,1,2,112841838,97170.3672,112841338,97169.9297,500,0.4306,2222.2222,1.9134,872.60034,0.7518,0
928333,e7ea52f446756d601d7443a5b23dd4ab218fc30b947d107200bc55a89b628b00,18/12/25 00:12,193,442,2,0,0,1,1,1,31000,26.6947,30615,26.3632,385,0.3315,1994.8186,1.7179,871.0407,0.75,0
928333,5ca518dc363eae3ea7c94800eb9c49bd9cbad5b96707fa33e4b3259656dddf10,18/12/25 00:12,192,441,2,0,0,1,1,1,40267,34.6747,39882,34.3432,385,0.3315,2005.2084,1.7265,873.01587,0.7518,3.24E-05
928333,99117a7bd0aa79ece26c4a539849003c6f0594c004be70181645679282542e18,18/12/25 00:12,192,441,2,0,0,1,1,1,577500,497.2968,577115,496.9653,385,0.3315,2005.2084,1.7265,873.01587,0.7518,0.00174072
928333,7d731b0ac68f3088f4921bf968fbd06a39a4d0d8c0e0a2b750c9b49936620a22,18/12/25 00:12,193,442,2,0,0,1,1,1,1632,1.4053,1247,1.0738,385,0.3315,1994.8186,1.7179,871.0407,0.75,1.88E-05
928333,9a10febb5f333c9b50790f6ca437bf92a5fa6ce63df18ac337cd9f46149e706c,18/12/25 00:12,193,442,2,0,0,1,1,1,1155607,995.1163,1155222,994.7848,385,0.3315,1994.8186,1.7179,871.0407,0.75,0.00042519
928333,7956e36e90a1cc179bc2324b0364455947f0dd28c16f13fe8fa41157a7a1198d,18/12/25 00:12,192,441,2,0,0,1,1,1,52966,45.6101,52581,45.2785,385,0.3315,2005.2084,1.7265,873.01587,0.7518,3.12E-05
928333,c418e35aa285c899480a91d44307fa77c4be5effe8a6e1014e2c515d6d0571bb,18/12/25 00:12,192,441,2,0,0,1,1,1,37937,32.6683,37552,32.3368,385,0.3315,2005.2084,1.7265,873.01587,0.7518,0.00045055
928333,b644f4505e1ca86b63af158fe2ab85a7fcda56737c1f42929fc75a833287b185,18/12/25 00:12,1557,3003,1,0,0,1,10,2,1878980,1618.0272,1876383,1615.7909,2597,2.2363,1667.9512,1.4363,864.8019,0.7449,0.6790498
928333,accd3c0efa06c205240a62a62a53dae81a6bc08554844a66bc93733b8450f278,18/12/25 00:12,337,1348,1,0,0,0,2,1,52409,45.1304,51244,44.1272,1165,1.0032,3456.9734,2.9769,864.24335,0.744,0.00010044
928333,e2ae31496f33bfad2843cbb396f0a635d9f71ff44a41fb4a9f7d980f8a5803c4,18/12/25 00:12,222,561,2,0,0,1,1,2,22322,19.2219,21840,18.8069,482,0.4151,2171.1711,1.8695,859.18005,0.7397,1.60E-05
928333,55b3369bf3b1ecf9ef9f1324f31322415674b7a464c6fbb030f8ed3e7bb26133,18/12/25 00:12,191,437,2,0,0,1,1,1,2726,2.3474,2341,2.0159,385,0.3315,2015.7068,1.736,881.00684,0.7586,0
928333,058e47a6c4127b5cf6251f42fd5b329d380c2ad4977f8337245afa1ad77e58d4,18/12/25 00:12,189,756,2,0,0,0,1,1,28502,24.5436,27851,23.9831,651,0.5606,3444.4443,2.9657,861.1111,0.7414,1.18E-05
928333,0583c09ba90d1b485839d346eb87885496bd154f24c11219b8c40b1012ad730d,18/12/25 00:12,368,1472,1,0,0,0,2,2,1.30E+11,111945608,1.30E+11,111945608,1266,1.0902,3440.2173,2.9623,860.0543,0.7406,58.0486111
928333,6d56eebbb529231142d7594e8cba34ed476b9dc318867ec6641cd8a44206ca25,18/12/25 00:12,370,832,2,928332,0,1,2,2,5631214,4849.1509,5630500,4848.5361,714,0.6148,1929.7297,1.662,858.1731,0.7388,0.01041195
928333,185f06fc37cdf4599bc8b45943546c5047ae867bb31b6f884e92fe297b0e64c1,18/12/25 00:12,336,1344,1,0,0,0,2,1,128885,110.9855,127733,109.9934,1152,0.992,3428.5715,2.9528,857.1429,0.738,0.00057943
928333,38a4fe8a62bd1bad1999471ded48c0f48104aa18b0ad31360858f878ca144f7a,18/12/25 00:12,223,562,1,0,0,1,1,2,187354,161.3343,186871,160.9184,483,0.4159,2165.9192,1.8652,859.4306,0.7397,0.05442868
928333,537a834f2d4e139a7f8cebcb5aa1819fe19e8972681a40436cb3419b573e6cfd,18/12/25 00:12,223,562,1,0,0,1,1,2,187378,161.3549,186895,160.939,483,0.4159,2165.9192,1.8652,859.4306,0.7397,0.00368822
928333,3f8da35462f8fa001314acdd3392f4867ae6c0d8ab9a785efc422bb6c0469a69,18/12/25 00:12,596,1412,2,0,0,1,3,3,1133620,976.1829,1132412,975.1426,1208,1.0402,2026.8456,1.7455,855.5241,0.7371,0.00042794
928333,307062103eb57cf9c135f04e9ddaf1ede97521847ae2f0970aa064ccf9ea295e,18/12/25 00:12,1091,3713,1,0,0,1,2,23,193061170,166248.828,193057994,166246.094,3176,2.7349,2911.0908,2.5067,855.373,0.7363,0.11932658
928333,2e9fea7bb6a5ac711bcfe358f9d2d6c54e505972add0eff7b9a18af381cc1f08,18/12/25 00:12,222,561,2,0,0,1,1,2,196204,168.9552,195722,168.5401,482,0.4151,2171.1711,1.8695,859.18005,0.7397,0.00032907
928333,71cd419656712c662f16dc0b7c047d3d05cb3ed6fbb8081fbee974a2a0ca0709,18/12/25 00:12,223,562,2,0,0,1,1,2,145431,125.2335,144949,124.8185,482,0.4151,2161.435,1.8609,857.65125,0.7388,0.00365505
928333,3019276fb722e3a8728dcf81e3241365cdf6c965ec942c5a50a0cdb823b8a20d,18/12/25 00:12,222,561,2,0,0,1,1,2,1262912,1087.5188,1262430,1087.1038,482,0.4151,2171.1711,1.8695,859.18005,0.7397,0.00142326
928333,f3b2e57cb167b2463cf2f28b36a8deb290426b468d697b3531bc7be78c76fd0d,18/12/25 00:12,223,562,2,0,0,1,1,2,1142104,983.4886,1141622,983.0735,482,0.4151,2161.435,1.8609,857.65125,0.7388,0.00469968
928333,2f790afa91a19b3eed04e8d9b164cbf39d059567e530ff62a1af85dc93c10e13,18/12/25 00:12,222,561,2,0,0,1,1,2,997663,859.1075,997181,858.6925,482,0.4151,2171.1711,1.8695,859.18005,0.7397,0.00624071
928333,b3535a1481c6ea08db319e8236f8e3e2adb4a8443a43dbf52379c702b4cbd321,18/12/25 00:12,222,561,2,0,0,1,1,2,1735605,1494.5642,1735123,1494.1492,482,0.4151,2171.1711,1.8695,859.18005,0.7397,0.00167876
928333,391224101e78517a93667d60de3f19b1a2f34e0c0b74de83284cbe807c7bfe3d,18/12/25 00:12,222,561,2,0,0,1,1,2,1081266,931.0998,1080784,930.6847,482,0.4151,2171.1711,1.8695,859.18005,0.7397,0.06139013
928333,986915541670e8262baecd575d8f48b383f537abfbe172bfa5d60fba27fa1747,18/12/25 00:12,222,561,2,0,0,1,1,2,268028,230.8043,267546,230.3892,482,0.4151,2171.1711,1.8695,859.18005,0.7397,0.01121176
928333,9f4507801cb070ea4df88e1024fc82ed15e9a5c60bb789362c6378b8a6a82447,18/12/25 00:12,223,562,2,0,0,1,1,2,349893,301.2999,349411,300.8848,482,0.4151,2161.435,1.8609,857.65125,0.7388,9.96E-05
928333,f74ae01c2834d4a9f62f6d19c5d27bb2c47664dfe6f579b37239c96c0600f747,18/12/25 00:12,222,561,2,0,0,1,1,2,79956,68.8517,79474,68.4367,482,0.4151,2171.1711,1.8695,859.18005,0.7397,0.00075269
928333,1822a20145b4eeda8d4717869ddf2c63dd26853300095ffc55d9a2adce06704c,18/12/25 00:12,222,561,2,0,0,1,1,2,1647594,1418.7761,1647112,1418.3611,482,0.4151,2171.1711,1.8695,859.18005,0.7397,0.00338234
928333,02888a72858efcccd6d9aad0ae62e86f7bf9215b93e9fa21de43cb8f6d4ce84d,18/12/25 00:12,222,561,2,0,0,1,1,2,296743,255.5313,296261,255.1163,482,0.4151,2171.1711,1.8695,859.18005,0.7397,0.0001325
928333,1608d2785c9d109d3be9b76d8d4c3283cafd824692fdd6ed8075017275ddb659,18/12/25 00:12,222,561,2,0,0,1,1,2,632710,544.8392,632228,544.4242,482,0.4151,2171.1711,1.8695,859.18005,0.7397,0.03788307
928333,3596f36430862e889d51c57ef3618c0fc2241dc3e0436490ac30fc424463c05b,18/12/25 00:12,222,561,2,0,0,1,1,2,174974,150.6736,174492,150.2585,482,0.4151,2171.1711,1.8695,859.18005,0.7397,0.0008399
928333,40c4d713778d0ddb22ef98180aafba9aa247f8553ae58fc7f12e206c47983373,18/12/25 00:12,222,561,2,0,0,1,1,2,52507,45.2148,52025,44.7998,482,0.4151,2171.1711,1.8695,859.18005,0.7397,0.00127108
928333,8cd027f76c9c7fbd32b2131bab3a7cc6dc05f9d28d478ee4f16a27007d97e766,18/12/25 00:12,222,561,2,0,0,1,1,2,35511,30.5792,35029,30.1642,482,0.4151,2171.1711,1.8695,859.18005,0.7397,0
928333,68ab4b416430278d41545c64aa3cfa56043f627a52a82e3ad4f9079679eb566b,18/12/25 00:12,222,561,2,0,0,1,1,2,100823,86.8207,100341,86.4056,482,0.4151,2171.1711,1.8695,859.18005,0.7397,4.16E-05
928333,3e736b9205493ceb17618b2a0135b43d114dc995820b3d6cca964ecbdb22a96c,18/12/25 00:12,222,561,2,0,0,1,1,2,67841,58.4192,67359,58.0042,482,0.4151,2171.1711,1.8695,859.18005,0.7397,0.00108839
928333,41f0230192dad590920ff61adc9b62823f9ad705800f9ae3396beb0f80329a75,18/12/25 00:12,223,562,2,0,0,1,1,2,30634,26.3796,30152,25.9645,482,0.4151,2161.435,1.8609,857.65125,0.7388,6.29E-05
928333,fb86a48ec0b786bcd91156f71fa2d5f9f3b3bf54c568e123cb0afd9ebb762c7e,18/12/25 00:12,222,561,2,0,0,1,1,2,51500,44.3477,51018,43.9326,482,0.4151,2171.1711,1.8695,859.18005,0.7397,2.13E-05
928333,72c767650e58ce32e96971ed5dbe6480e05d1812d5dfd74e5e44d7f7cf222883,18/12/25 00:12,223,562,2,0,0,1,1,2,76332,65.731,75850,65.3159,482,0.4151,2161.435,1.8609,857.65125,0.7388,0.00095335
928333,b8847bc021bdd0ae85fe90411b3f7ffa8adcd8633e3ecb3d2f17416120a44786,18/12/25 00:12,222,561,2,0,0,1,1,2,319030,274.7231,318548,274.308,482,0.4151,2171.1711,1.8695,859.18005,0.7397,0.00011738
928333,6fb1a96a0e245b51d9bd3d8a9e5191167358c4b8f54d74c16c822fa94d2fd486,18/12/25 00:12,223,562,2,0,0,1,1,2,76385,65.7766,75903,65.3616,482,0.4151,2161.435,1.8609,857.65125,0.7388,0.00036173
928333,c825ab92934ea3a24f0222d249962473e6b798b09ccec7429c5621119916538c,18/12/25 00:12,222,561,2,0,0,1,1,2,1401448,1206.8149,1400966,1206.3999,482,0.4151,2171.1711,1.8695,859.18005,0.7397,0.00051565
928333,3570873b22ac948e122d69b254d4fbc54a1777f74ef390454d253e19972b868e,18/12/25 00:12,223,562,2,0,0,1,1,2,51968,44.7507,51486,44.3356,482,0.4151,2161.435,1.8609,857.65125,0.7388,2.32E-05
928333,872f9c045e68e3c0ec43410dac8828b302e18a4016d5ea925fc3ae8719752b98,18/12/25 00:12,223,562,2,0,0,1,1,2,22206,19.122,21724,18.707,482,0.4151,2161.435,1.8609,857.65125,0.7388,0.00010516
928333,d21567f3e5f81143119427e176b874f1792f9fc8e8844752bf3de14c531feaab,18/12/25 00:12,222,561,2,0,0,1,1,2,467353,402.447,466871,402.032,482,0.4151,2171.1711,1.8695,859.18005,0.7397,0.00301605
928333,04b77ca5186254331412792504d986854c8cc82dd4ed1723fac4d690b0cbe7ad,18/12/25 00:12,223,562,2,0,0,1,1,2,37057,31.9105,36575,31.4955,482,0.4151,2161.435,1.8609,857.65125,0.7388,2.29E-05
928333,1ee252fae8c6331f08eec33444e19009ae98e59c207926b97a176e0c1bbee8b0,18/12/25 00:12,223,562,2,0,0,1,1,2,140988,121.4076,140506,120.9925,482,0.4151,2161.435,1.8609,857.65125,0.7388,0.00029725
928333,ae908c3353922b722541729bc792bdcb91296c3eec1383497b58cc2473d829b1,18/12/25 00:12,222,561,2,0,0,1,1,2,23592,20.3155,23110,19.9005,482,0.4151,2171.1711,1.8695,859.18005,0.7397,1.30E-05
928333,45b9f6b14c7fda9455c0e3b9a6b79551fd75cf3de8cee2ef59f82fb82e56fdb4,18/12/25 00:12,222,561,2,0,0,1,1,2,973672,838.4484,973190,838.0334,482,0.4151,2171.1711,1.8695,859.18005,0.7397,0.00109313
928333,567ad4242e18c8f2f354e812acaefa83f08462c54eaa8a1c5b698092f489d7b8,18/12/25 00:12,223,562,2,0,0,1,1,2,59157,50.9413,58675,50.5262,482,0.4151,2161.435,1.8609,857.65125,0.7388,7.80E-05
928333,1987a7c65a77ef53a0310cb824d884366344c926275bd6a3c235cf01f26b8ab9,18/12/25 00:12,223,562,2,0,0,1,1,2,67360,58.005,66878,57.59,482,0.4151,2161.435,1.8609,857.65125,0.7388,7.51E-05
928333,f226d88087ce83c08d905eed1e49bc55a51681d051c6e65d47f9f9786ddc88bf,18/12/25 00:12,222,561,2,0,0,1,1,2,2894305,2492.344,2893823,2491.929,482,0.4151,2171.1711,1.8695,859.18005,0.7397,0.00911572
928333,ca7ce99c2f9fd15bf85a6c0c5c9f0c8a54f48ea22b07b2d18c0f571817a9f3c0,18/12/25 00:12,222,561,2,0,0,1,1,2,44228,38.0856,43746,37.6706,482,0.4151,2171.1711,1.8695,859.18005,0.7397,0.0009815
928333,81a4e05390539f51b11c9503a3c1c05d86054a14ff9ccc5b3dd762e87a9e3dc8,18/12/25 00:12,222,561,2,0,0,1,1,2,153259,131.9744,152777,131.5593,482,0.4151,2171.1711,1.8695,859.18005,0.7397,0.00017788
928333,a2800b18d2e308ed0db91e57c1f460b7107bdc8d55753e3a1233d0adddf58ad7,18/12/25 00:12,222,561,2,0,0,1,1,2,5748401,4950.063,5747919,4949.6479,482,0.4151,2171.1711,1.8695,859.18005,0.7397,0.90624207
928333,5dbc9e44e5b5bbe45410f1dd0bfc57ed8f1dd96b73b297eaa5aa9f75e1ca6dd9,18/12/25 00:12,223,562,2,0,0,1,1,2,58165,50.087,57683,49.672,482,0.4151,2161.435,1.8609,857.65125,0.7388,3.59E-05
928333,72a2351f3d0bbd0104bf2c7bacacabf50652731382c46740ad4a4ac20ff107de,18/12/25 00:12,222,561,2,0,0,1,1,2,241057,207.579,240575,207.1639,482,0.4151,2171.1711,1.8695,859.18005,0.7397,0.00451971
928333,c898e95334c0952c6f4e85075a28313927a6ec86abbc1421a9cd18445ce3ebe6,18/12/25 00:12,223,562,2,0,0,1,1,2,1160433,999.2721,1159951,998.857,482,0.4151,2161.435,1.8609,857.65125,0.7388,0.00047935
928333,370ccd65216836e47ece8b5475561a8fdb9aad09eabff7b3ea94b9da0b3d44f0,18/12/25 00:12,222,561,2,0,0,1,1,2,432394,372.3431,431912,371.9281,482,0.4151,2171.1711,1.8695,859.18005,0.7397,0.00012306
928333,877d6151c55aa39904a4f7957fdce495772f94548fb1b7b8ded92c17d53fb4f4,18/12/25 00:12,223,562,2,0,0,1,1,2,12605107,10854.5098,12604625,10854.0947,482,0.4151,2161.435,1.8609,857.65125,0.7388,0.00258521
928333,2556fdef26c4d7dc090c2240513735322b4c8e45543fb6d0560db793278bc9f8,18/12/25 00:12,222,561,2,0,0,1,1,2,7331750,6313.5166,7331268,6313.1016,482,0.4151,2171.1711,1.8695,859.18005,0.7397,0.00525612
928333,3057e9b92045a0670f838e5a76df4fc69a53613ba7ef82b2f6685af2edf74af9,18/12/25 00:12,223,562,2,0,0,1,1,2,259497,223.4581,259015,223.043,482,0.4151,2161.435,1.8609,857.65125,0.7388,0.18700795
928333,ab1edaf3a4c04a65044e633b67a7e412750efed2de4840d8236c639d5c3ac5fb,18/12/25 00:12,222,561,2,0,0,1,1,2,52198,44.9487,51716,44.5337,482,0.4151,2171.1711,1.8695,859.18005,0.7397,0.00010716
928333,ffeccb57d268a66ca1e00acf7d855acf52a727d23561d8e7051f8054642bf2fc,18/12/25 00:12,222,561,2,0,0,1,1,2,8445487,7272.5776,8445005,7272.1626,482,0.4151,2171.1711,1.8695,859.18005,0.7397,0.00240364
928333,d3d5b497f45b495ffdbfb69ac3e64fbe60053804eb842b71cce82ab9852a25ff,18/12/25 00:12,222,561,2,0,0,1,1,2,429827,370.1326,429345,369.7176,482,0.4151,2171.1711,1.8695,859.18005,0.7397,0
928333,ffc86ce49bc6c911b17306460edd27694781995314e83bc806e4437a3102cf33,18/12/25 00:12,370,832,2,928332,0,1,2,2,363911,313.371,363200,312.7588,711,0.6123,1921.6216,1.6551,854.5673,0.7363,0.00281586
928333,ba2b16b34560c7febd523715d5332e74db06d60aa1549404dccdb90c8fcc8bc6,18/12/25 00:12,189,756,1,0,0,0,1,1,111000,95.5843,110355,95.0289,645,0.5554,3412.6985,2.939,853.1746,0.7345,3.16E-05
928333,5f497178f326915842277ead7e5c7914a5780988d044231499b6c081eaaae36f,18/12/25 00:12,151,397,1,0,0,1,1,1,62797,54.0758,62456,53.7821,341,0.2936,2258.278,1.9444,858.9421,0.7397,2.59E-05
928333,6cc8ddf263de4a851827a6bbf39241e0109412dbc2e03c7a5332550ccc9e489e,18/12/25 00:12,151,397,1,0,0,1,1,1,67619,58.2281,67278,57.9344,341,0.2936,2258.278,1.9444,858.9421,0.7397,1.39E-05
928333,22966420bf14cfc8c31289a3722ab7291f1717c09c974630b78a5549a490e5b8,18/12/25 00:12,151,397,1,0,0,1,1,1,10818,9.3156,10477,9.022,341,0.2936,2258.278,1.9444,858.9421,0.7397,3.08E-06
928333,78f2e9b9f0131cb1d161858871e7088fd4d44ed1f2335a4e9e93cb7d0bfc6819,18/12/25 00:12,195,450,2,0,0,1,1,1,473529,407.7653,473144,407.4337,385,0.3315,1974.359,1.6999,855.55554,0.7371,1.79228962
928333,d79e8912d16c4b7632a430ebb07fbf86619642890859f111e6b57eb9944d8e34,18/12/25 00:12,195,450,2,0,0,1,1,1,550980,474.4599,550595,474.1284,385,0.3315,1974.359,1.6999,855.55554,0.7371,0.00096026
928333,cc8905c88360dea336139136605e05d83c8f96137920538ec57f511bfecf7238,18/12/25 00:12,195,450,2,0,0,1,1,1,1681,1.4475,1296,1.116,385,0.3315,1974.359,1.6999,855.55554,0.7371,1.68E-05
928333,8331f8f67a000ebe40ca580b19f6e6c60339396880e72ac76e89d55e7fd30a68,18/12/25 00:12,194,449,2,0,0,1,1,1,46559712,40093.5,46559327,40093.168,385,0.3315,1984.5361,1.7093,857.461,0.738,0.00954905
928333,74a37720d424c698f238422a9a59269c4f86df1b1531dbf678f07b22bdff3974,18/12/25 00:12,194,449,2,0,0,1,1,1,495834,426.9726,495449,426.6411,385,0.3315,1984.5361,1.7093,857.461,0.738,0.00010169
928333,e4728363acc6a72bc521571148819b18cd781f64111c9595c7c7464c3bf05d98,18/12/25 00:12,195,450,2,0,0,1,1,1,83240,71.6796,82855,71.3481,385,0.3315,1974.359,1.6999,855.55554,0.7371,0.00358273
928333,50935f8765c520a5d3f4ededdb84339d3a8c2c212ad04602f7f71c422acfa2e6,18/12/25 00:12,194,449,2,0,0,1,1,1,152994,131.7462,152609,131.4147,385,0.3315,1984.5361,1.7093,857.461,0.738,4.35E-05
928333,a521988851c1b5f4150a3539ce94e77923cd5fe14650c59c315a0cf7dc2d42fc,18/12/25 00:12,194,449,2,0,0,1,1,1,64015,55.1246,63630,54.7931,385,0.3315,1984.5361,1.7093,857.461,0.738,2.86E-05
928333,28e33c1179abb5c65791c824e1bb00345f24005d588424d665239488d01a441c,18/12/25 00:12,358,769,2,0,0,1,1,2,32458640,27950.7832,32457984,27950.2188,656,0.5649,1832.4022,1.5776,853.0559,0.7345,0.36996839
928333,0e399b0df708e851c8322b2229135722f0a90305e242fae562301194af21974e,18/12/25 00:12,358,769,2,0,0,1,1,2,40000000,34444.8008,39999344,34444.2344,656,0.5649,1832.4022,1.5776,853.0559,0.7345,0.41752778
928333,4ab56166c2ec5f2cac624434e53a20d70b575a450be143bb2b9d45b72064d210,18/12/25 00:12,223,565,2,0,0,1,1,2,19488765,16782.166,19488283,16781.75,482,0.4151,2161.435,1.8609,853.09735,0.7345,0.00870227
928333,75983543074727a8abb07cbbe01f483ac0e19ce3565bacd2fe2a68fc03f66c2c,18/12/25 00:12,223,565,2,0,0,1,1,2,107794,92.8236,107312,92.4085,482,0.4151,2161.435,1.8609,853.09735,0.7345,0.00018813
928333,4451456fd47e716e8e657c3e01aedb2ab9512028abd961d4b57b13f355eab050,18/12/25 00:12,224,566,2,0,0,1,1,2,228738,196.9709,228256,196.5558,482,0.4151,2151.7856,1.8531,851.5901,0.7337,0.00277334
928333,e70a04d8251d8b921053cce116330546c8ddc70cebffbab180f33359f7b70f60,18/12/25 00:12,223,565,2,0,0,1,1,2,237909,204.8682,237427,204.4531,482,0.4151,2161.435,1.8609,853.09735,0.7345,8.75E-05
928333,4e37736dba5a77aaa1deb56ba02d5ae0aa6cd199fa556c7cf01d690484c07175,18/12/25 00:12,224,566,2,0,0,1,1,2,189623,163.2882,189141,162.8731,482,0.4151,2151.7856,1.8531,851.5901,0.7337,5.40E-05
928333,5e77fcaea00b89c8d5a95bec27f70aea9158329dde4ad6ed3700af9f48133c99,18/12/25 00:12,223,565,2,0,0,1,1,2,18933,16.3036,18451,15.8885,482,0.4151,2161.435,1.8609,853.09735,0.7345,0.00016829
928333,a15da9db0a78c81cf0c502de3d46dfc286c5c8d9aaaeac04f20d159d28679da1,18/12/25 00:12,224,566,2,0,0,1,1,2,19133,16.4758,18651,16.0607,482,0.4151,2151.7856,1.8531,851.5901,0.7337,0.00071324
928333,6ba271c17d24a4af8a9898d77759cc82f5cb9f65638fc48ab2b02438483446f6,18/12/25 00:12,223,565,2,0,0,1,1,2,307882,265.1234,307400,264.7083,482,0.4151,2161.435,1.8609,853.09735,0.7345,0.00054578
928333,36a37515550fcaa8c1407a9b5774430a4ffed53ca68ca798f27acd8ba997daf6,18/12/25 00:12,224,566,2,0,0,1,1,2,343118,295.4658,342636,295.0507,482,0.4151,2151.7856,1.8531,851.5901,0.7337,0.05555255
928333,48c1af64d6f507744c5151fa3fb1933b88f59b6501aaee4e42bfe9f1429e3659,18/12/25 00:12,317,941,2,0,0,1,1,5,809387105,696979.438,809386305,696978.75,800,0.6889,2523.6594,2.1735,850.1594,0.732,0.78287593
928333,e921bac399a0109741c3fc9d6fb7d39bce7bb7114aa63adf8d5dffa22e332ee4,18/12/25 00:12,255,690,2,0,0,1,1,3,46455640,40003.8789,46455054,40003.375,586,0.5046,2298.0393,1.9789,849.2754,0.7311,0.05215506
928333,1d0b74dc83c77bed56f6bf91b4263e23099baca056c9bf896cb6989fbbb55083,18/12/25 00:12,339,708,2,0,0,1,2,1,744119,640.7758,743520,640.2599,599,0.5158,1766.9617,1.5216,846.0452,0.7285,0.00207766
928333,a59008c7ce5c963ff298cbaea3c997cd6580f6b60866f78afd7aad93c3d67fcc,18/12/25 00:12,902,2018,2,0,0,1,8,1,6001706,5168.189,6000000,5166.7202,1706,1.4691,1891.3525,1.6284,845.3915,0.7276,0.05597559
928333,3a7d28c5cb07a5706de067c5350d25a2844aa4528dc46cf64bace67003ff4cbd,18/12/25 00:12,357,768,2,545734876,0,1,1,2,500000,430.56,499352,430.002,648,0.558,1815.1261,1.5629,843.75,0.7268,0.09550909
928333,3bd20d579ead64bd885f0c603f865ab35b231b280f5f3f97ec29d76dde7e9277,18/12/25 00:12,346,1054,1,0,0,1,1,4,33632787,28961.8652,33631899,28961.1016,888,0.7647,2566.4739,2.2096,842.50476,0.7259,0.00689784
928333,da61bd9a5cae2d996b63eedc28a74dc5c65168624c9175473574f1902326b360,18/12/25 00:12,223,565,2,928332,0,1,1,2,73178677,63015.6211,73178200,63015.2109,477,0.4108,2139.0134,1.8419,844.2478,0.7268,5.2531957
928333,8f4bff9a113b61bd64b2e0293f247ee7f2574bd50c84d9a6bce97cdeec081ee8,18/12/25 00:12,226,574,1,0,0,1,1,2,372486171,320755.281,372485998,320755.156,173,0.149,765.48676,0.6588,301.39374,0.2592,0.07639415
928333,d22c55e5db5622c3ba5e61797491824c650e5b1c6326a5226cc22821652309f3,18/12/25 00:12,867,3138,1,0,0,1,1,22,367346046,316329.031,367343102,316326.5,2944,2.5351,3395.6172,2.9244,938.1772,0.8077,0
928333,dd29f415977e283d9cba1e39a13c03d0c2b420f00aec3ac73dd28af30e91d705,18/12/25 00:12,246,654,1,0,0,1,1,2,18144,15.6242,17594,15.1505,550,0.4736,2235.7725,1.9255,840.9786,0.7242,3.72E-06
928333,d698fd7c34d7f7a306c19a708b4cf250bbe8f629cc4e58735fb39ca09f303416,18/12/25 00:12,246,654,1,0,0,1,1,2,217411,187.217,216861,186.7433,550,0.4736,2235.7725,1.9255,840.9786,0.7242,4.46E-05
928333,670ec02b8aa884ba2ce57f29f351035789a94917481cfdc6f3616fa06d56af2a,18/12/25 00:12,246,654,1,0,0,1,1,2,12216,10.5194,11666,10.0458,550,0.4736,2235.7725,1.9255,840.9786,0.7242,2.51E-06
928333,edcd4758d4e9dd93a96150ea274e8206d05b036d85a816a45df3082ccc210138,18/12/25 00:12,245,653,1,0,0,1,1,2,32647,28.113,32097,27.6394,550,0.4736,2244.898,1.9332,842.2665,0.7251,6.70E-06
928333,f64a2a268d4e10a20ef9af8801c481a637cf9fa481085924ba902a3580ffc44c,18/12/25 00:12,246,654,1,0,0,1,1,2,32735,28.1888,32185,27.7151,550,0.4736,2235.7725,1.9255,840.9786,0.7242,6.71E-06
928333,80e361ecc35781e7c709ebdd7cc5be8a73e4319a93ce3647e16b9062a258cf9c,18/12/25 00:12,245,653,1,0,0,1,1,2,237000,204.0854,236450,203.6118,550,0.4736,2244.898,1.9332,842.2665,0.7251,4.86E-05
928333,008cac0dd03566160231fad5842da39b635c1e5dac47ad805aba2ba71daa8af5,18/12/25 00:12,245,653,1,0,0,1,1,2,13016,11.2083,12466,10.7347,550,0.4736,2244.898,1.9332,842.2665,0.7251,2.67E-06
928333,faf4ec2c5cf25517fd4f6ba617f81fef16273955ecbd3a6a938eb70992fdea66,18/12/25 00:12,370,832,2,0,0,1,2,2,503159,433.2803,502462,432.6801,697,0.6002,1883.7838,1.6224,837.74036,0.7216,0.12615689
928333,895753c2858a12cc52a98224dc010c7528bbe9ba7fc0af52acac018883c4206d,18/12/25 00:12,370,832,2,0,0,1,2,2,2315353,1993.7968,2314656,1993.1965,697,0.6002,1883.7838,1.6224,837.74036,0.7216,0.00095832
928333,d7cebe621d2d7dd9096a571c9e8bb45d31462e17fe255abceba40bc375629b79,18/12/25 00:12,370,832,2,0,0,1,2,2,819044,705.2952,818347,704.6949,697,0.6002,1883.7838,1.6224,837.74036,0.7216,0.0022187
928333,1057620143dd62d85dcc11611346c0f2dfea6e18f4c8ffffa5a5a8424c5e330f,18/12/25 00:12,225,573,2,0,0,1,1,2,46153,39.7433,45671,39.3282,482,0.4151,2142.2222,1.8445,841.1867,0.7242,0.00013912
928333,f7c8fe5843649445fe6146512dd76ca9360a52cdeba9e5176adb06ab23da141d,18/12/25 00:12,225,573,2,0,0,1,1,2,485562,418.1271,485080,417.7121,482,0.4151,2142.2222,1.8445,841.1867,0.7242,0.0188769
928333,61c58a86b86fa7be99e9eb4f4f30e03ad5f1ff4bc8bd1f1c97b727116a45ec30,18/12/25 00:12,226,574,2,0,0,1,1,2,835638,719.5846,835156,719.1696,482,0.4151,2132.7434,1.8368,839.72125,0.7233,0.00069027
928333,b721e7156de35bdf6f1a667b31aac37143353d5d47925fdc3b9b2570ed4b8783,18/12/25 00:12,225,573,2,0,0,1,1,2,2082158,1792.9879,2081676,1792.5729,482,0.4151,2142.2222,1.8445,841.1867,0.7242,0.00502682
928333,9ede23682e349a7c4918bbb58f164028571e4b7912e292e1194e09b3015e55ca,18/12/25 00:12,225,573,2,0,0,1,1,2,943224,812.2291,942742,811.814,482,0.4151,2142.2222,1.8445,841.1867,0.7242,0.00530138
928333,6467786d8e8313518715c6ce1285b1aa3052bbe828e2aeff1ec07dd62a6ca3dd,18/12/25 00:12,226,574,2,0,0,1,1,2,168285,144.9136,167803,144.4985,482,0.4151,2132.7434,1.8368,839.72125,0.7233,0.00094584
928333,a6902f1dbb310894d6d6a5a3738b179c2b29f6af9e674878c834cc63b790a5f2,18/12/25 00:12,225,573,2,0,0,1,1,2,207512,178.6927,207030,178.2777,482,0.4151,2142.2222,1.8445,841.1867,0.7242,4.26E-05
928333,147a14a0ba0d9b14d624586c177841af34cdc35df477bdff0e8b3b10918271fc,18/12/25 00:12,225,573,2,0,0,1,1,2,1170000,1007.5104,1169518,1007.0953,482,0.4151,2142.2222,1.8445,841.1867,0.7242,0.00079869
928333,87d233925bec9f402b505c965490f961c1012b823899cba578f9bf7d1719b444,18/12/25 00:12,339,708,2,928332,0,1,2,1,109872,94.613,109280,94.1032,592,0.5098,1746.3127,1.5035,836.1582,0.7199,5.53E-05
928333,1a6a35f809c8801d6e3be2729bf5dcf6ee9f3f3dd6efe37d9d1386fdbd135b0c,18/12/25 00:12,371,833,2,0,0,1,2,2,606498,522.2676,605801,521.6674,697,0.6002,1878.7062,1.618,836.7347,0.7208,0.136393
928333,731ec0fc5d28dbc51672b14d16e1db2a290e157928e6d32b0cf61ff328701918,18/12/25 00:12,371,833,2,0,0,1,2,2,693672,597.3348,692975,596.7346,697,0.6002,1878.7062,1.618,836.7347,0.7208,0.04587446
928333,313e367a4a7c079e30976e4c29ea1a3a71fef811cd45ce1992ab9c1cad8f491e,18/12/25 00:12,371,833,2,0,0,1,2,2,1016769,875.5601,1016072,874.9599,697,0.6002,1878.7062,1.618,836.7347,0.7208,0.00095302
928333,74b145f211b46c5c8a91733f8eebe8bb6af7ab0782688696b367d36a4046da23,18/12/25 00:12,371,836,2,0,0,1,2,2,3714103,3198.2883,3713406,3197.6882,697,0.6002,1878.7062,1.618,833.73206,0.7182,61.6549203
928333,d8c6ef211db9d91616018b7c23c4c75df2b430486d4cab699b38e2a5b0eda124,18/12/25 00:12,371,833,2,0,0,1,2,2,16093452,13858.3936,16092755,13857.793,697,0.6002,1878.7062,1.618,836.7347,0.7208,0.06017034
928333,d6f90c1fab3f9e0f5f87223e5eb525a7ee9571510136a6fdcce5a0043d1cda30,18/12/25 00:12,372,834,2,0,0,1,2,2,141244,121.628,140547,121.0278,697,0.6002,1873.6559,1.6137,835.73145,0.7199,0.00041745
928333,0ce2fe00269bd86e7b09fd445f09137181e376f318a98d3badd5d4fee5b7ae46,18/12/25 00:12,371,833,2,0,0,1,2,2,118062,101.6656,117365,101.0653,697,0.6002,1878.7062,1.618,836.7347,0.7208,0.00020929
928333,01329efc2cbaeaa16c65f27a130894776ab183f98c10c1f4b267f775467c6d4c,18/12/25 00:12,371,833,2,0,0,1,2,2,311803,268.4998,311106,267.8996,697,0.6002,1878.7062,1.618,836.7347,0.7208,0.00109462
928333,eb8e5abc6e9c79c83d7fccd4be3c98e5c1a477a3fff4f3d01b5e8234652f5151,18/12/25 00:12,371,833,2,0,0,1,2,2,3760526,3238.2642,3759829,3237.6641,697,0.6002,1878.7062,1.618,836.7347,0.7208,0.30034111
928333,4db2985bce0e6887d16a531dfd1a963c8427bdf8f4b3eb18847fe3287848ba78,18/12/25 00:12,371,833,2,0,0,1,2,2,2742039,2361.2246,2741342,2360.6245,697,0.6002,1878.7062,1.618,836.7347,0.7208,0.07088417
928333,f7945e602f02c1d44bc68fc6e87e4cfc4aadfacbdf9a2ab21ecb99c75c306698,18/12/25 00:12,371,833,2,0,0,1,2,2,1278154,1100.6439,1277457,1100.0438,697,0.6002,1878.7062,1.618,836.7347,0.7208,0.07136676
928333,52067bd72f42afef4c38b756b1c6395696b13754387024e515032a8974c71670,18/12/25 00:12,247,658,2,0,0,1,1,2,237831224,204801.219,237830674,204800.75,550,0.4736,2226.7207,1.9177,835.8663,0.7199,9.63249489
928333,e6fb356ccba3e82c5548caa7d57bab953810b6fd6b769133d1f086b6f2f6c1c8,18/12/25 00:12,335,1340,1,0,0,0,2,1,32013,27.567,30897,26.606,1116,0.961,3331.3433,2.8684,832.8358,0.7173,0.00288526
928333,70b047fe67856a574902f713ddd4d6924e5f800bda672c2f3bd66eadc640f65b,18/12/25 00:12,488,980,2,0,0,1,3,1,180821,155.7086,180005,155.0059,816,0.7027,1672.1311,1.4398,832.6531,0.7173,0.00018595
928333,649618d1ca4a8c0d6dd7a204ab4eb43486590cf3a0ff25909d5590404ffc5b1c,18/12/25 00:12,347,1388,1,0,0,0,2,1,421797,363.2178,420642,362.2232,1155,0.9946,3328.5303,2.8667,832.13257,0.7165,0.00010262
928333,3f37c45340d3c6e3932d7cb88abbd9e61cf85bf866fa5b36cf8b3882d0f4cf06,18/12/25 00:12,342,720,2,0,0,1,2,1,893714,769.595,893115,769.0792,599,0.5158,1751.462,1.5078,831.94446,0.7165,0.00039451
928333,7a6e1eb83f5eabaae2b7398df83cc353b17104acaf62bebe494d1828aad6b04a,18/12/25 00:12,342,720,2,0,0,1,2,1,1479843,1274.3224,1479244,1273.8066,599,0.5158,1751.462,1.5078,831.94446,0.7165,0.00166616
928333,bdc7d0a68a0dfb94eb462b93e37de6fa25b95aad6d6effad9ffe5ce02dd9fb07,18/12/25 00:12,191,437,2,0,0,1,1,1,31981668,27540.0547,31981302,27539.7383,366,0.3152,1916.2303,1.6499,837.5286,0.7216,0.09574882
928333,a019539b2ca80967fa55e2ba539cf080f2fc4d49406b17c7109c6a9ff44010c3,18/12/25 00:12,192,438,2,0,0,1,1,1,61000,52.5283,60634,52.2132,366,0.3152,1906.25,1.6413,835.61646,0.7199,1.25E-05
928333,7e244725a8fd6000ea98d89701d4719c82ddab3facade942c102e6754d4716a1,18/12/25 00:12,608,2228,1,0,0,1,1,15,73557785,63342.0781,73555934,63340.4844,1851,1.5939,3044.408,2.6212,830.7899,0.7156,0.18570787
928333,20ed0d28beb5dfdd2236e08d75ca3e7c130d83c8d5c8e63b1832679cefba5c21,18/12/25 00:12,151,397,1,0,0,1,1,1,8577,7.3858,8245,7.0999,332,0.2859,2198.6755,1.8936,836.27203,0.7199,1.49E-05
928333,3849bd899238591ba83c6983ed72b63a2c00ba9cf7118fe1fc628bc8a1c8b269,18/12/25 00:12,222,561,1,0,0,1,1,2,117334,101.0387,116866,100.6357,468,0.403,2108.1082,1.8152,834.2246,0.7182,3.34E-05
928333,d40de3cd5276f104d861bd85e00031fe3b994ea5774bde196bef7fb49d80168c,18/12/25 00:12,222,561,1,0,0,1,1,2,1000000,861.12,999532,860.717,468,0.403,2108.1082,1.8152,834.2246,0.7182,0.00174282
928333,6df90adae21ff3be31088d3f2543c37b6592c74b2a1cfbdf2ae19455410eb697,18/12/25 00:12,222,561,1,0,0,1,1,2,62476,53.7993,62008,53.3963,468,0.403,2108.1082,1.8152,834.2246,0.7182,1.28E-05
928333,606ef912dba6ff686167f202988006ece106bce0aa6c5074c3ae641f70e7c6a2,18/12/25 00:12,222,561,1,0,0,1,1,2,32590,28.0639,32122,27.6609,468,0.403,2108.1082,1.8152,834.2246,0.7182,6.87E-05
928333,fb8d0bf62629d3c12efdf4c72d91a5a282e3a7d341c181cf162893fc3d8484d9,18/12/25 00:12,222,561,1,0,0,1,1,2,111940,96.3938,111472,95.9908,468,0.403,2108.1082,1.8152,834.2246,0.7182,3.19E-05
928333,af46de38214acc48004d6770a4985118178060d190fa24fb4b02fb2da68b12a6,18/12/25 00:12,345,1053,1,0,0,1,1,4,34541432,29744.3184,34540556,29743.5645,876,0.7543,2539.1304,2.1864,831.9088,0.7165,0.00708419
928333,3269f9e2a9e01c24f778e19f320fc7fdd4ef9b5c437acaaf5ae3b2f96cf51232,18/12/25 00:12,518,1103,2,0,0,1,3,2,8718739,7507.8804,8717825,7507.0933,914,0.7871,1764.4788,1.519,828.6491,0.7139,0.34551577
928333,49146dd63583294469073120911df06b06f9e5d2ca8b8f0dabcdbb4acbc79a93,18/12/25 00:12,519,1104,2,0,0,1,3,2,490431,422.3199,489517,421.5329,914,0.7871,1761.079,1.5164,827.89856,0.713,0.00296596
928333,6bafb64bc556387ee0afb231008c84eda2fdf88530ee2069a2238f63e03a223b,18/12/25 00:12,345,1380,1,0,0,0,1,4,197771197,170304.734,197770056,170303.75,1141,0.9825,3307.2463,2.8477,826.8116,0.7121,0.04056141
928333,251e2f945a0274dbf21fe64acecb4845440018161798291261f7f5e07733904c,18/12/25 00:12,222,561,1,0,0,1,1,2,323340575,278435.031,323340406,278434.875,169,0.1455,761.2613,0.6553,301.24777,0.2592,0.06631476
928333,dcabc07c7efc9391c6a8cdedca53b034bda9addcda72802a8389dafb8fef5119,18/12/25 00:12,191,437,2,0,0,1,1,1,1913614,1647.8513,1912953,1647.2821,661,0.5692,3460.733,2.9803,1512.5858,1.3029,0
928333,e5b70ad646917e6f06eda3d3386108fc36cb5b7fda0caa4d4b2db1b23b8e4017,18/12/25 00:12,222,561,2,0,0,1,1,2,566971,488.2301,566649,487.9528,322,0.2773,1450.4504,1.2486,573.97504,0.4943,0.00011628
928333,984add82544895551ff23668c83ee5c3896e9ea9a357c06d2f1e3eadf7bf0285,18/12/25 00:12,191,437,2,0,0,1,1,1,549231,472.9538,548723,472.5164,508,0.4374,2659.6858,2.2906,1162.4714,1.0006,0
928333,74120c17f4829b36f96afbf313c327d0993bc0657cf91af1afb52c42aaeb1d62,18/12/25 00:12,193,442,2,0,0,1,1,1,710610,611.9205,710244,611.6053,366,0.3152,1896.373,1.6327,828.0543,0.713,0.00014574
928333,acd55d7cab32a3fce00292664e091cf0bc016c2f3850bd225e0916ced465b0d5,18/12/25 00:12,464,824,2,0,0,1,1,1,747944,644.0695,747265,643.4849,679,0.5847,1463.362,1.2598,824.0291,0.7096,0.0001534
928333,8da264097311f1c0b0b2257b3445edaf16b3598a53c68fc704f5e9f4d19f2b79,18/12/25 00:12,223,565,1,0,0,1,1,2,1000000,861.12,999532,860.717,468,0.403,2098.6548,1.8075,828.3186,0.713,0.00174282
928333,7c4ee18bd8c5dc53e6354d57bb6fd45b508abfb45ab5538215aa254e936851af,18/12/25 00:12,336,1344,1,0,0,0,2,1,87698,75.5185,86591,74.5652,1107,0.9533,3294.6428,2.8374,823.6607,0.7096,9.98E-05
928333,694c199e1c6a42696e207022a55e707531e34022d547b794084d7bfb7c89a694,18/12/25 00:12,279,789,2,0,0,1,1,3,5647204,4862.9204,5646552,4862.3589,652,0.5615,2336.9175,2.0124,826.3625,0.7113,0.00655442
928333,160ec015fc64d286e3ad75dd247f0677556854b4fecbbb93972b0f9414a57177,18/12/25 00:12,222,888,2,0,0,0,1,2,231493,199.3432,230762,198.7138,731,0.6295,3292.7927,2.8357,823.1982,0.7087,0.00382432
928333,d6c69e19cb1594a6600661d5ebbf2c102dc9b8fb8df148292daa78c262137ef6,18/12/25 00:12,246,654,1,0,0,1,1,2,697621,600.7354,697081,600.2704,540,0.465,2195.122,1.8902,825.68805,0.7113,0
928333,013580c5cf560b1871e90697a0798b09084a6e549fa47e36e21784bcfb70d3d6,18/12/25 00:12,371,836,2,928332,0,1,2,2,193488,166.6164,192800,166.0239,688,0.5925,1854.4474,1.5965,822.9665,0.7087,0.0013745
928333,aed2ea3af945c68d2a814e5a112479989a3eba2c7c9898b17512e3daf50b9cf9,18/12/25 00:12,246,657,2,0,0,1,1,2,749887,645.7427,749344,645.2751,543,0.4676,2207.3171,1.9005,826.484,0.7113,0.00627024
928333,a02b2fce3a50f191ff2b8907caf82511758c4772c5997f79fb753b1a9d866562,18/12/25 00:12,307,562,1,0,0,1,1,1,23929,20.6057,23465,20.2062,464,0.3996,1511.4006,1.3012,825.6228,0.7113,4.91E-06
928333,3a530bb6ab79f072b91d05d3ccf45fffbae64d76ac9667ff402d6eb6dfd59dd2,18/12/25 00:12,375,846,2,0,0,1,2,2,874159,752.7558,873462,752.1556,697,0.6002,1858.6666,1.6008,823.8771,0.7096,0.00069553
928333,9a1d094c88ef139617ca0902c76291b16f3b196b3d27b8be0e3b28a61937da16,18/12/25 00:12,222,561,1,0,0,1,1,2,1232000,1060.8998,1231859,1060.7784,141,0.1214,635.13513,0.5468,251.3369,0.2161,0.00035064
928333,f5a66e8ced9ee2e82715de359d46b7a995b41057a3d65b89f02a34eac41009d3,18/12/25 00:12,222,561,2,0,0,1,1,2,989878,852.4037,989092,851.7269,786,0.6768,3540.5405,3.0492,1401.0695,1.2064,0
928333,2be585a7b2e650b07f7425fc556840bbe30b83cfd9860cff979c0a79f015a676,18/12/25 00:12,222,561,2,0,0,1,1,2,1188582,1023.5117,1188260,1023.2344,322,0.2773,1450.4504,1.2486,573.97504,0.4943,0.00024377
928333,266490acda56c11e3747c5546b3a46506d6b59795f1463cedf6e6921e3e2fbe1,18/12/25 00:12,222,561,2,0,0,1,1,2,1141799,983.226,1141194,982.705,605,0.521,2725.2253,2.3466,1078.4314,0.9283,0
928333,99259cf10d9b3df15c17d21f0f1aa850c578caeade37767cd3a641fe3eecb4ab,18/12/25 00:12,222,561,2,0,0,1,1,2,422193,363.5588,421871,363.2816,322,0.2773,1450.4504,1.2486,573.97504,0.4943,0.00018852
928333,582e5980886a1829099da59936661a1952db1e103db5eeb9a8cc9ce09e45d3f7,18/12/25 00:12,223,562,2,0,0,1,1,2,97473,83.936,96868,83.415,605,0.521,2713.0044,2.3362,1076.5125,0.9274,0
928333,4c2fcf69f2b73d6cd30afb9262261975b5c064bff7708adad486eb9f5d4d40a0,18/12/25 00:12,342,714,1,0,0,1,2,1,1046133,900.8461,1045545,900.3397,588,0.5063,1719.2982,1.4803,823.5294,0.7096,0.00025612
928333,877461f3c1f52e767c575309f8968b1a394139f30ee5fd53598947d6ccc98c52,18/12/25 00:12,668,1376,2,0,0,1,4,2,148753,128.0942,147625,127.1228,1128,0.9713,1688.6228,1.4544,819.76746,0.7061,0.00677909
928333,4a50b75a7cb538adae1cae38a19938881b16d47753dca9fdd3c6631567e827c4,18/12/25 00:12,667,1375,2,0,0,1,4,2,509632,438.8543,508504,437.883,1128,0.9713,1691.1544,1.4562,820.36365,0.7061,0.02829086
928333,0f52c15a9c0d1e11fa7fe28978b84df3454ab37249c5a3439d09eab425bb070b,18/12/25 00:12,223,892,2,0,0,0,1,2,469036,403.8963,468305,403.2668,731,0.6295,3278.0269,2.8228,819.5067,0.7061,0.00626673
928333,5a5d4610d92c8a85eff4ac77b739bda045e69d8d0387e2d9de7098ad4538915e,18/12/25 00:12,223,892,2,0,0,0,1,2,11850,10.2043,11119,9.5748,731,0.6295,3278.0269,2.8228,819.5067,0.7061,2.43E-06
928333,cc22d9c06f102492b6ff23e505b1db1fde7a05d4b1da0208ec25b5aac00c6cea,18/12/25 00:12,223,892,2,0,0,0,1,2,4564,3.9302,3833,3.3007,731,0.6295,3278.0269,2.8228,819.5067,0.7061,0.00070457
928333,b71e4ae4697c986c567e4cebb5c30e6abe7daf108f198032af6f8a80cc658e78,18/12/25 00:12,522,1116,2,0,0,1,3,2,5365111,4620.0044,5364197,4619.2173,914,0.7871,1750.9579,1.5078,818.9964,0.7053,0.0050077
928333,f71bff30d312759912fe30636696f3dccda2ad7fd15e7ecfec651d231defe1a5,18/12/25 00:12,669,1377,2,0,0,1,4,2,863982,743.9922,862854,743.0208,1128,0.9713,1686.0986,1.4518,819.1721,0.7053,2.00367365
928333,7faaa9b641ad3d003005fbbffcb9e6b4675df35e3f4904636a15404cf0a1d7cf,18/12/25 00:12,188,752,1,0,0,0,1,1,354264,305.0638,353650,304.5351,614,0.5287,3265.9575,2.8124,816.4894,0.7027,0.00039773
928333,8cec47fc2a0a4c9efb2714f42128a6d8e5c159e8c4a20a3fa1bcdae77a675c92,18/12/25 00:12,811,3244,2,928332,0,0,5,2,5436444,4681.4307,5433800,4679.1538,2644,2.2768,3260.1726,2.8073,815.04315,0.7018,0.04483581
928333,e307f9de68bdfdca12f5c8fda25e1a56af279e9c24287e47a199c8639e342e12,18/12/25 00:12,254,686,1,0,0,1,1,3,154152413,132743.719,154151969,132743.344,444,0.3823,1748.0315,1.5052,647.23035,0.5571,0.04387278
928333,b7a676be286977965759406cc4dc8f44ac26ec3a97596df516d40e308661469d,18/12/25 00:12,222,561,1,0,0,1,1,2,154076814,132678.625,154076238,132678.125,576,0.496,2594.5945,2.2346,1026.7379,0.8844,0
928333,699e4fb69552019d56028b79771b415afa4a6e8b2b54c7082bea19dfaedfd27b,18/12/25 00:12,815,1646,2,0,0,1,5,2,2391185,2059.0972,2389843,2057.9417,1342,1.1556,1646.6257,1.4183,815.3098,0.7018,0.05226795
928333,b69abe1861c0d843581e126d261b90cc385590d298f7e6e07aeed742dc9f4408,18/12/25 00:12,223,562,2,0,0,1,1,2,73063,62.916,72604,62.5208,459,0.3953,2058.296,1.7722,816.72595,0.7035,1.50E-05
928333,8e4c14cdc3648ac8dccefed9f83c7f3858a5154c12fefbf4161d8ee7ac80debf,18/12/25 00:12,222,561,2,0,0,1,1,2,82831,71.3274,82372,70.9322,459,0.3953,2067.5676,1.7808,818.1818,0.7044,6.84E-05
928333,8244004aa528314705cac84ec6e9b883bc57380be16d0df15c36488cfd0699ce,18/12/25 00:12,223,562,2,0,0,1,1,2,542553,467.2032,542094,466.808,459,0.3953,2058.296,1.7722,816.72595,0.7035,0.00062971
928333,677cb118ea09041d4fed479f20b7dc851a32e3c0c59d5716239c0978b3de13d0,18/12/25 00:12,223,562,2,0,0,1,1,2,187156,161.1638,186697,160.7685,459,0.3953,2058.296,1.7722,816.72595,0.7035,0.0055852
928333,9ac759f35eeb602ab43b2fb7b7b180382212612e95061c4b90cd8ed21258a9f0,18/12/25 00:12,222,561,2,0,0,1,1,2,513717,442.372,513258,441.9767,459,0.3953,2067.5676,1.7808,818.1818,0.7044,0.00042435
928333,f294e4b0b276ad6e6196ae4bd2ddfdf37d6778dd51bfdd7dd4153e6d6f15e7ff,18/12/25 00:12,222,561,2,0,0,1,1,2,55500,47.7922,55041,47.3969,459,0.3953,2067.5676,1.7808,818.1818,0.7044,3.98E-05
928333,f8c3b4045db626f9144c380a906fc24c84346e39a84ef6ed81aba8dd1187e66c,18/12/25 00:12,371,836,2,928332,0,1,2,2,4783430,4119.1074,4782750,4118.5215,680,0.5856,1832.8842,1.5784,813.39716,0.7001,0.02799941
928333,bd44d4776a45eac8eac0a90b2701e522521c015b113da800279daa392183723f,18/12/25 00:12,193,568,2,0,0,1,1,2,573936,494.2278,573474,493.8299,462,0.3978,2393.7825,2.0615,813.3803,0.7001,0.00016335
928333,3a02c483ded93a9748de1df3db42b684e1849ab2f5e52f3505a701521ba69477,18/12/25 00:12,223,562,2,0,0,1,1,2,231647,199.4759,231325,199.1986,322,0.2773,1443.9462,1.2435,572.95374,0.4934,0.00010344
928333,dd9cf678be98d00266d92d32e72999ba691abbcf9a1e1130609bfb0096a813de,18/12/25 00:12,225,573,2,0,0,1,1,2,161646,139.1966,161041,138.6756,605,0.521,2688.889,2.3156,1055.8464,0.9093,0
928333,eca6982ab5653ddbba19b46ec82ec5a4493a3a28c7abc70f3fb7184acffbd95c,18/12/25 00:12,192,438,2,0,0,1,1,1,5708053,4915.3184,5707796,4915.0972,257,0.2213,1338.5416,1.153,586.758,0.5055,0.00389654
928333,b06cfe74a678ec2b6e3d107f3d1a7ba0b9fe7b63bbc720fa93fae094c2be45f6,18/12/25 00:12,343,721,2,0,0,1,2,1,5709478,4916.5459,5708789,4915.9521,689,0.5933,2008.7463,1.73,955.6172,0.8232,0.00012427
928333,fbf34e0dd70b3ad0a8535535df12a94f89bfe3cdc4fc09e840f6ceb87639fa8d,18/12/25 00:12,218,542,1,0,0,1,1,1,116580,100.3894,116139,100.0096,441,0.3798,2022.9358,1.742,813.65314,0.701,0.00020666
928333,228ad665caa4f848535cffb95ccbc63c26bed1209376e93c4d7783c99d110cac,18/12/25 00:12,223,562,2,0,0,1,1,2,9958837,8575.7539,9958515,8575.4766,322,0.2773,1443.9462,1.2435,572.95374,0.4934,0.00204248
928333,b20a62067cf79bcfb85acc65df61b6ba5d67d4b1dadf945ed6daf83aa5974471,18/12/25 00:12,223,562,2,0,0,1,1,2,9383307,8080.1533,9382985,8079.876,322,0.2773,1443.9462,1.2435,572.95374,0.4934,0
928333,d776b853b64bbe2760577625311c3007059392fce7f69c13dbcb73e396f57535,18/12/25 00:12,223,562,2,0,0,1,1,2,9263373,7976.876,9262646,7976.2495,727,0.626,3260.0896,2.8073,1293.5944,1.1143,0
928333,4aae995192f4db2c79dca0081df06628d6f8e14438e9ccf6fde315e4a2ac9123,18/12/25 00:12,222,561,2,0,0,1,1,2,116493,100.3145,116171,100.0372,322,0.2773,1450.4504,1.2486,573.97504,0.4943,2.39E-05
928333,8fd25e4eee4f8139ef21376072dc1c5cc654971f3058e83148244e496884f2cc,18/12/25 00:12,734,1724,1,0,0,1,6,2,4050308,3487.8013,4049780,3487.3464,528,0.4547,719.34607,0.6191,306.2645,0.2635,0.00854299
928333,37302a388a9d22e13046aeacb661d1494338b1e1d84d90373064189935182eb8,18/12/25 00:12,222,561,2,0,0,1,1,2,98741,85.0278,98419,84.7506,322,0.2773,1450.4504,1.2486,573.97504,0.4943,0
928333,99679ca6776d9130ac96ec65fb751ed008bd62f432e16746f2042111dc0bc1d2,18/12/25 00:12,371,833,2,0,0,1,2,2,3505580,3018.7251,3504737,3017.999,843,0.7259,2272.2373,1.9565,1012.0048,0.8715,0
928333,ddc5165f14ced72aa5fa6b16f749ab889a24e732ba6b517c52b638cdaa3260e4,18/12/25 00:12,223,562,2,0,0,1,1,2,3469898,2987.9985,3468526,2986.8171,1372,1.1815,6152.4663,5.2976,2441.2812,2.102,0
928333,0ff391a1095d69b633a0109ac617179afbbcc0501a859b1f52082ca1f3d479dc,18/12/25 00:12,223,562,2,0,0,1,1,2,3433701,2956.8286,3433219,2956.4136,482,0.4151,2161.435,1.8609,857.65125,0.7388,0
928333,315a1f1f1489423c2fc2e8a7fa1340acb152352fb0293ec6cf86ec64c8f2df08,18/12/25 00:12,222,561,2,0,0,1,1,2,3381040,2911.4812,3380558,2911.0662,482,0.4151,2171.1711,1.8695,859.18005,0.7397,0
928333,08eb16b33f71b421f01d7bc692f7253857c43b97ad47ee338ce3521c9e0703ef,18/12/25 00:12,226,904,2,0,0,0,1,2,466807,401.9768,466076,401.3474,731,0.6295,3234.5132,2.7857,808.6283,0.6966,0.04971122
928333,dac8f4cb2888a513e656277c8514e065cb0c87639e78ee1d3446861294d46d57,18/12/25 00:12,224,566,2,0,0,1,1,2,6563916,5652.3193,6563594,5652.042,322,0.2773,1437.5,1.2383,568.9046,0.49,0.00134621
928333,824cd669cbb5e822455dbc73f9bb5d2be84b1efd2c03adb8d96ff7f2021f46b2,18/12/25 00:12,223,562,2,0,0,1,1,2,6499682,5597.0063,6499360,5596.729,322,0.2773,1443.9462,1.2435,572.95374,0.4934,0
928333,c09bde8a66b5bda2a70860b0bfba961fea8b51280ce737b76ea4f988acb33ef8,18/12/25 00:12,222,561,2,0,0,1,1,2,6435477,5541.7178,6435155,5541.4404,322,0.2773,1450.4504,1.2486,573.97504,0.4943,0
928333,c614c1e91bcadd7a4e286bb0bb649f0e8a83f3d73b3c1ffcfa03d2ff92030c92,18/12/25 00:12,223,562,2,0,0,1,1,2,6417737,5526.4419,6417415,5526.1646,322,0.2773,1443.9462,1.2435,572.95374,0.4934,0
928333,2e78335d62276463691981da2fee9b9e0d082d8759fe3a0433a05053d2ea1827,18/12/25 00:12,223,562,2,0,0,1,1,2,6353548,5471.1675,6353226,5470.8901,322,0.2773,1443.9462,1.2435,572.95374,0.4934,0
928333,9377bbaafe3900340d4148763fd601a9af97e90b44b8e0a42af951f612bc8888,18/12/25 00:12,222,561,2,0,0,1,1,2,6213880,5350.8965,6213558,5350.6191,322,0.2773,1450.4504,1.2486,573.97504,0.4943,0
928333,08576fd9944caca2e19df22e6d9c0772418b4799ee690cab80f7baba6e0c4b95,18/12/25 00:12,223,562,2,0,0,1,1,2,5998638,5165.5474,5998316,5165.27,322,0.2773,1443.9462,1.2435,572.95374,0.4934,0
928333,c7022865befd09d3a5ad45e1e1a24c8bb6f883070bdc209da2813cb9198a8d79,18/12/25 00:12,223,562,2,0,0,1,1,2,5858909,5045.2236,5857568,5044.0688,1341,1.1548,6013.453,5.1779,2386.121,2.0546,0
928333,724405b294db21dad48b65122098139ed80cabb3172738042ac51137ba5eb367,18/12/25 00:12,222,561,2,0,0,1,1,2,5718267,4924.1143,5717785,4923.6992,482,0.4151,2171.1711,1.8695,859.18005,0.7397,0
928333,854ff78fb270676c22348509b96753e1463d2da786a55915d1d406c2c82f9098,18/12/25 00:12,222,561,2,0,0,1,1,2,5590110,4813.7554,5589628,4813.3403,482,0.4151,2171.1711,1.8695,859.18005,0.7397,0
928333,2fb57413c5807198ebc5e2a04a790bb05ac5c65ef8a4a4be3047db668bca4b3f,18/12/25 00:12,370,832,2,928332,0,1,2,2,3301542,2843.0239,3300870,2842.4451,672,0.5787,1816.2162,1.5638,807.6923,0.6958,0.03622919
928333,bf38a53ba2d3f19a7428390e8f2740f5c7ab4e961f7a2a3d8c1bb03cfe91f079,18/12/25 00:12,192,438,2,0,0,1,1,1,657453,566.1459,657098,565.8402,355,0.3057,1848.9584,1.5922,810.50226,0.6984,0.00013484
928333,db6ae24ecf453f9440d1486b9cdcc122e388b8f697c08a539ffcb6b0d19f2dae,18/12/25 00:12,382,880,2,928332,0,1,2,2,4894300,4214.5796,4893590,4213.9683,710,0.6114,1858.6388,1.6008,806.8182,0.6949,0.00767519
928333,e363cd0ff0f109e2f5cd7a2bcecb8b1055bf9d83558b899a3f826e9d2ab968e1,18/12/25 00:12,1195,4450,1,0,0,1,1,32,300000000,258336,299996494,258332.984,3506,3.0191,2933.891,2.5265,787.8652,0.6786,0.21506944
928333,b4c1e82a401d7b01ce9de87948b3754aa570294cb67735b3041258535d5b8f0d,18/12/25 00:12,191,437,2,0,0,1,1,1,131731,113.4362,131291,113.0573,440,0.3789,2303.665,1.984,1006.865,0.8671,0
928333,9f6660bb99b9a93fa84319f8f52e82843020c396cc4f6f1189c1271d689764ce,18/12/25 00:12,188,752,1,0,0,0,1,1,25000,21.528,24394,21.0062,606,0.5218,3223.4043,2.7754,805.8511,0.6941,1.03E-05
928333,c336937237b04056a22af48913d661cb1a5072dd3a5ea15c218d22e19d536658,18/12/25 00:12,517,1738,1,0,0,1,1,11,5088341533,4381672.5,5088340489,4381672,1044,0.899,2019.3424,1.7386,600.6904,0.5175,1.04358116
928333,cc0e3f07fee4e4cddad235cd12a4a6437fc41bad970a6d4d71e38471a21eddab,18/12/25 00:12,191,437,2,0,0,1,1,1,345474,297.4946,344762,296.8814,712,0.6131,3727.7488,3.2103,1629.2906,1.4028,0
928333,e05c21db73dc6c734cc7f646b1591581ada02fc8a4dca1e6079b334640be2ba7,18/12/25 00:12,1658,6632,2,928332,0,0,11,1,12363436,10646.4023,12358095,10641.8027,5341,4.5992,3221.351,2.7737,805.33777,0.6932,534.45745
928333,ea6c0eb080e87876628897a284609eb6538ef320ffe1fe76c1bc7c5fe080b753,18/12/25 00:12,370,832,2,928332,0,1,2,2,143070,123.2004,142400,122.6235,670,0.577,1810.8108,1.5595,805.28845,0.6932,0.03149129
928333,0cf7c68d66b61f3a1b06d65d6d9b8a66cd626967dabc0224b403a9e9f697453c,18/12/25 00:12,3027,12108,2,928251,0,0,20,2,236146213,203350.234,236136463,203341.828,9750,8.3959,3221.011,2.7737,805.25275,0.6932,845.026281
928333,a69601ed12c4d8b22ebc1fd41b9585bebab52e461e6d60d9ab65303cefa58715,18/12/25 00:12,629,2516,2,928332,0,0,4,1,16774161,14444.5654,16772135,14442.8213,2026,1.7446,3220.9856,2.7737,805.2464,0.6932,728.104223
928333,6a1f3695bafb55e14db3b3267cfff798863d80a16208d2e716df33135380a899,18/12/25 00:12,349,1069,1,0,0,1,1,6,38252575,32940.0586,38252253,32939.7812,322,0.2773,922.6361,0.7948,301.2161,0.2592,0.00784532
928333,b1408fcbbea3d154965aa40b9cf4a64c57eaa691a522ea0f6b52f252534765eb,18/12/25 00:12,188,752,2,0,0,0,1,1,313136,269.6477,311990,268.6608,1146,0.9868,6095.7446,5.2494,1523.9362,1.3123,0
928333,91fa17ac5a1dbaa3c48c7134e5ae356b050a23db899b1730f03227adb7b12d95,18/12/25 00:12,286,814,1,0,0,1,1,4,36898809,31774.3027,36898075,31773.6699,734,0.6321,2566.4336,2.2096,901.7199,0.7767,0
928333,7672b33531ce56a7cb07af417c4b9538d7c94f2ff5296c745e9f42c5ded9b3e9,18/12/25 00:12,668,1376,2,0,0,1,4,2,753916,649.2122,752548,648.0341,1368,1.178,2047.9042,1.7636,994.18604,0.856,0.00164261
928333,92d174f58713e6c3be76de561f8ab25fa9d62af482ead914830c23534c516048,18/12/25 00:12,246,657,2,0,0,1,1,2,111471,95.9899,110940,95.5327,531,0.4573,2158.5366,1.8592,808.2192,0.6958,0.00111515
928333,2a58b970c3ae913f527aa2f72023975265b95b4d951387c040ee65071f8ec34d,18/12/25 00:12,246,657,2,0,0,1,1,2,48009,41.3415,47478,40.8843,531,0.4573,2158.5366,1.8592,808.2192,0.6958,1.77E-05
928333,b73b80f560a6ea0238786663cfe188915ba96ae6ef3de9bbf0d04dd7357bb45f,18/12/25 00:12,246,657,2,0,0,1,1,2,32587,28.0613,32056,27.6041,531,0.4573,2158.5366,1.8592,808.2192,0.6958,3.67E-05
928333,5ba4fbc32785fc19d7e8eb6cafddd405f133e733848eaef2eff18a251b31f96e,18/12/25 00:12,246,657,2,0,0,1,1,2,377706,325.2502,377175,324.7929,531,0.4573,2158.5366,1.8592,808.2192,0.6958,0.00016866
928333,45f3b7a389cf39fa3625bdc980075c73007fcc32108e0eda3c7df52528dcfae5,18/12/25 00:12,382,880,2,928332,0,1,2,2,763489,657.4556,762781,656.8459,708,0.6097,1853.4032,1.5957,804.5455,0.6932,0.00142988
928333,74d9866d04422585034a433c284b79b4ab1b090261b462da6c6ea2947f0bc4ed,18/12/25 00:12,246,657,1,0,0,1,1,2,101220078,87162.6328,101219547,87162.1797,531,0.4573,2158.5366,1.8592,808.2192,0.6958,0.02880789
928333,6c2dac63b5d1c2f731990f52482b6d2783643753d4c0a4ffbf572cc162de6f00,18/12/25 00:12,188,752,2,928332,0,0,1,1,100000000,86112,99999395,86111.4766,605,0.521,3218.0852,2.7711,804.5213,0.6932,4358.12944
928333,45ed880d56d3cc0467dddb1714ad0e166beb6c930b251da572195863831d9b15,18/12/25 00:12,370,832,2,928332,0,1,2,2,323269,278.3734,322600,277.7973,669,0.5761,1808.1082,1.5569,804.08655,0.6923,0.02865297
928333,0ae32f92bcc874e161c6e99665eea5d019468f40483d73eec5e28eb63ef0f870,18/12/25 00:12,370,832,2,928332,0,1,2,2,615696,530.1881,615027,529.6121,669,0.5761,1808.1082,1.5569,804.08655,0.6923,0.02386713
928333,805d76177ef806df51d2f8918cacdcbeb686e6931394c404295320807f2e6a3b,18/12/25 00:12,223,892,2,928332,0,0,1,2,38700490,33325.7656,38699773,33325.1484,717,0.6174,3215.2466,2.7685,803.81165,0.6923,0.48334852
928333,edc1be4a80674f29160315a7813c443f1a6d7446a0570ed5b9b0d2d0bc7bfbe5,18/12/25 00:12,1524,2880,2,928331,0,1,10,1,15221638,13107.6572,15219324,13105.6641,2314,1.9926,1518.3727,1.3072,803.4722,0.6915,0.08251977
928333,172eabd422c77e6ee0ada1d57abd2f30c2de84f185260442171bc70ab1441f2c,18/12/25 00:12,535,1810,2,0,0,1,1,12,297383427,256082.813,297382068,256081.641,1359,1.1703,2540.187,2.1872,750.82874,0.6467,0.06099114
928333,a6cf684b0d476282e2fbe5da224ace2f8a20ab7e6490a791047e67caf212b451,18/12/25 00:12,222,561,2,928332,0,1,1,2,568613,489.644,568300,489.3745,313,0.2695,1409.9099,1.2142,557.93225,0.4805,0
928333,14107b48560ef680861f858970adc0151bb223e912c67aafc7e416b4544692d1,18/12/25 00:12,194,449,2,928271,0,1,1,1,35000,30.1392,34400,29.6225,600,0.5167,3092.7834,2.6634,1336.3029,1.1505,0
928333,4516b2b94e4b1519e706ab786537340656857877b2053806df4beaeaab176680,18/12/25 00:12,783,1521,2,928332,0,1,5,1,4047116,3485.0525,4045894,3484.0002,1222,1.0523,1560.6641,1.3442,803.4188,0.6915,0.00862159
928333,7b516f52ac481cfc2c31bcb2d012c7549f68b4b5e2ef17e30b8d72a405b2999d,18/12/25 00:12,192,441,2,928332,0,1,1,1,13186,11.3547,12830,11.0482,356,0.3066,1854.1666,1.5965,807.2562,0.6949,2.70E-06
928333,2acd43bea0245c564a58e95529778ce3e8de55e6a81d8debddbaa5c69582f410,18/12/25 00:12,222,561,2,0,0,1,1,2,38382,33.0515,37930,32.6623,452,0.3892,2036.036,1.7532,805.7041,0.6941,0.00414503
928333,ecc0b5eb4e7ba237d9fd48aaedfa5356ba4d8468686d35623d13267a975a6a14,18/12/25 00:12,223,562,2,0,0,1,1,2,170464,146.79,170012,146.4007,452,0.3892,2026.9059,1.7455,804.27045,0.6923,3.50E-05
928333,b5c7a84b2b921a80616be2371ec0c6b712620f2eee885de71059f45ed3b42099,18/12/25 00:12,222,561,2,928332,0,1,1,2,25532,21.9861,25080,21.5969,452,0.3892,2036.036,1.7532,805.7041,0.6941,0.00350707
928333,bbd3aba2871cf8d8d33262bed10adb2a9bd4203c5ebfd5abbc28968a81c8b8ea,18/12/25 00:12,222,561,2,928332,0,1,1,2,489776,421.7559,489324,421.3667,452,0.3892,2036.036,1.7532,805.7041,0.6941,0.00711989
928333,19529c641c62eb852678afbcfdba95abe4baa1b0493dc1eb6d371762552a83b8,18/12/25 00:12,484,1936,1,0,0,0,3,1,71203,61.3143,69652,59.9787,1551,1.3356,3204.5454,2.7599,801.13635,0.6898,0.00238998
928333,cb4d56ffd105fd1e23f33eb932c0a44a3be815df10f4347db6cc7ae7c4572c8e,18/12/25 00:12,761,2840,1,0,0,1,1,20,60800480,52356.5078,60798205,52354.5508,2275,1.959,2989.4875,2.5739,801.05634,0.6898,0.1535001
928333,1e542f03435b57b0037fe0f466476cfa12ce3e56285e62067acffd720804d472,18/12/25 00:12,234,609,2,928332,0,1,1,2,85979,74.0382,85489,73.6163,490,0.4219,2094.017,1.8032,804.5977,0.6932,0.00089627
928333,a4bd3a4ce510e755b2d2689cda47347fdf34dd5562916ceab6e5c0b9c4fde000,18/12/25 00:12,341,710,2,0,0,1,2,1,961888,828.301,961318,827.8102,570,0.4908,1671.5542,1.4398,802.8169,0.6915,0.0019299
928333,406e81d2d6d076e52838e037327fad99e7e29ee9620b049132ea16d595928444,18/12/25 00:12,341,710,2,0,0,1,2,1,346273,298.1826,345703,297.6918,570,0.4908,1671.5542,1.4398,802.8169,0.6915,0.00110621
928333,5a6e7d2903f2e690924da793a1cc48cf385ffaa8ea137c1fb1fae8af25434d6e,18/12/25 00:12,223,562,1,0,0,1,1,2,1981333,1706.1655,1980995,1705.8744,338,0.2911,1515.6951,1.3055,601.42346,0.5175,0.00040636
928333,78efc6beea0f5a3a494dbe9a7244dba79e7253fc51742c31d899ab23da940706,18/12/25 00:12,222,561,1,0,0,1,1,2,1740616,1498.8793,1740108,1498.4418,508,0.4374,2288.2883,1.9702,905.5258,0.7802,0
928333,f2000504a12a86ace478b97b6c41a3c45a91e39765716db5d0ed95abaa8826e7,18/12/25 00:12,223,562,1,0,0,1,1,2,1682022,1448.4227,1681514,1447.9854,508,0.4374,2278.0269,1.9616,903.9146,0.7785,0
928333,e9ad7ec56485e4e4de2d558ed32ceb31f2c1108b88026e6e1869887f20331805,18/12/25 00:12,191,437,2,928332,0,1,1,1,142812,122.9783,142460,122.6752,352,0.3031,1842.9319,1.587,805.492,0.6932,5.25E-05
928333,6d6b79d3347394d9eaa3b265a4c6f702dca515d3069bfc02440ff85dd7f2e524,18/12/25 00:12,191,437,2,928332,0,1,1,1,11604,9.9924,11252,9.6893,352,0.3031,1842.9319,1.587,805.492,0.6932,5.18E-06
928333,b1d19c464479dc9628386b20acb4656ba60e0af16f20bb1cf53aa87e6d40ca2c,18/12/25 00:12,191,437,2,928332,0,1,1,1,322429,277.6501,322077,277.347,352,0.3031,1842.9319,1.587,805.492,0.6932,0
928333,b61e774e954574e8c5fd79be36f9b147e7d95cb9c9916240d4107e8bb096957c,18/12/25 00:12,191,437,2,928332,0,1,1,1,166630,143.4884,166278,143.1853,352,0.3031,1842.9319,1.587,805.492,0.6932,0
928333,7af1984d8909c04e164e43282081d16aee9e3f6a0d913ccb06ec6054f3a2f982,18/12/25 00:12,191,437,2,928332,0,1,1,1,4045894,3484.0002,4045542,3483.697,352,0.3031,1842.9319,1.587,805.492,0.6932,0
928333,c4b81b0c003bf7bfff49bb6625bee0e66d88a16d1449042172718ba87c49d0db,18/12/25 00:12,191,437,2,928332,0,1,1,1,1522300,1310.8829,1521948,1310.5798,352,0.3031,1842.9319,1.587,805.492,0.6932,0.00043326
928333,7993863f95ab977b4a0984d1267bd3024e92495afc0082497f408b0406b118e8,18/12/25 00:12,191,437,2,928304,0,1,1,1,4154,3.5771,3802,3.274,352,0.3031,1842.9319,1.587,805.492,0.6932,0.00316915
928333,78895c4f6df81aa31827cf0143237f58c933e58457366dc51881d7716275adec,18/12/25 00:12,191,437,2,928332,0,1,1,1,3704,3.1896,3352,2.8865,352,0.3031,1842.9319,1.587,805.492,0.6932,0.00119154
928333,b1bf2dba2036b109e24944e9dcd50fd0120b34d9f16c90165871c298e17f74d3,18/12/25 00:12,222,561,2,928332,0,1,1,2,1750665,1507.5326,1750214,1507.1443,451,0.3884,2031.5315,1.7498,803.9216,0.6923,0.00310338
928333,bf216d872d4915edaafe4c0491b03de215feadfee0a7c8bb9099ceacbf3953d4,18/12/25 00:12,222,561,2,928332,0,1,1,2,422810,364.0901,422359,363.7018,451,0.3884,2031.5315,1.7498,803.9216,0.6923,0
928333,c963cf33db8ea3c2ae12f1541ab7db407213bb970dd8a3311882c4aabdb6e464,18/12/25 00:12,191,437,2,928299,0,1,1,1,90684,78.0898,90332,77.7867,352,0.3031,1842.9319,1.587,805.492,0.6932,0
928333,337ea34f277a3d7ffea18b44f8e0a7e0b687bc974f27510caf4fe61794349b1e,18/12/25 00:12,222,561,2,928332,0,1,1,2,7845024,6755.5068,7844573,6755.1187,451,0.3884,2031.5315,1.7498,803.9216,0.6923,1.21031832
928333,a8e9d0d07dd50a7124cfda63fb984e6efab46529be4fe4f2c26133474c0b1f2f,18/12/25 00:12,222,561,1,0,0,1,1,2,75589,65.0912,75138,64.7028,451,0.3884,2031.5315,1.7498,803.9216,0.6923,3.38E-05
928333,c2fd3d6ff98f8e3573497fbd11b69b5cef501d89e13e023e6cb7a9117dac6dda,18/12/25 00:12,1560,3006,1,0,0,1,10,2,1070279752,921639.313,1070278846,921638.5,906,0.7802,580.7692,0.5003,301.39722,0.2592,0.2205083
928333,f91ad308151beaf28ee9bdfd8c4cd3a152cf560ef96a3ad076dcdbc5974a0a29,18/12/25 00:12,191,437,2,0,0,1,1,1,121950,105.0136,120102,103.4222,1848,1.5913,9675.393,8.3313,4228.833,3.6417,0
928333,974254ec7983128c551e722e87023d6f163b06acb24550c45dd7d517977103a9,18/12/25 00:12,225,573,2,0,0,1,1,2,211514751,182139.578,211514291,182139.188,460,0.3961,2044.4445,1.7601,802.7923,0.6915,0.11623519
928333,9022eb1394202d918d7a29b05ee0961e4002ed146402fb15d66c4fcd37a06c27,18/12/25 00:12,667,2668,1,0,0,0,4,2,613942,528.6777,611812,526.8436,2130,1.8342,3193.4033,2.7496,798.3508,0.6872,0.00618595
928333,327a2b94b049dfedfb81bfef4490473ee58b18934264c1ef2ba5a75c7171e50e,18/12/25 00:12,2302,5017,2,0,0,1,13,2,5235246,4508.1748,5231242,4504.7271,4004,3.4479,1739.357,1.4975,798.0865,0.6872,0.00170774
928333,0109f7c21b92deef9aaa97fe57bf606fd5e3e79eb525407b35dc5d7f22452c02,18/12/25 00:12,370,832,2,0,0,1,2,2,563278,485.05,562615,484.479,663,0.5709,1791.8918,1.5431,796.875,0.6863,0.00530044
928333,7c8e4229a608a2615cd644cb2e265a32e8357dd43111c044dd7684804e89c046,18/12/25 00:12,1020,3750,1,0,0,1,1,26,59020680,50823.8867,59017725,50821.3438,2955,2.5446,2897.0588,2.4947,788,0.6786,0.02635437
928333,92cc54a70d8f103759081edc80ac7f1744d18f1178f9e79a4ba5868a05f5f921,18/12/25 00:12,223,562,2,0,0,1,1,2,87710,75.5288,87228,75.1138,482,0.4151,2161.435,1.8609,857.65125,0.7388,0
928333,69223d6a20fc2ad514f131c1e6cc36d63f65a790166a4b4caf680d27f6e44460,18/12/25 00:12,1151,3308,2,0,0,1,4,17,42842904,36892.8828,42841178,36891.3945,1726,1.4863,1499.5656,1.2917,521.76544,0.4495,0.03498084
928333,6f5377c1303eb70c2230e42547f06dc2064e9471ef40d4cc1519e7c5e54f467d,18/12/25 00:12,787,1525,2,0,0,1,5,1,3601059,3100.9438,3598934,3099.114,2125,1.8299,2700.127,2.325,1393.4426,1.1995,0.00101153
928333,71501dd51eaad5ace145a71c6c26036ad54d756bf53b9c8d234516c19411f6a4,18/12/25 00:12,223,565,2,0,0,1,1,2,2436000,2097.6882,2435548,2097.2991,452,0.3892,2026.9059,1.7455,800,0.6889,0.00174636
928333,68952cf8c2f79f7be3a1f175b283f6389512764962e2030ec4b394fe8840d437,18/12/25 00:12,191,437,2,0,0,1,1,1,1359,1.1703,1009,0.8689,350,0.3014,1832.4607,1.5776,800.91534,0.6898,1.12E-06
928333,7d41a873027c663e46e95b7f1f9c80ac3fc70dd8885d6b04fe2abe2e745c81ea,18/12/25 00:12,1200,4470,1,0,0,1,1,33,120510316,103773.844,120506794,103770.813,3522,3.0329,2935,2.5274,787.91943,0.6786,0.04978025
928333,efd8f58e9d05376a94b9d4e38cc78bc14aafce345775d9f05935139ae260435a,18/12/25 00:12,223,562,2,0,0,1,1,2,39580,34.0831,39098,33.6681,482,0.4151,2161.435,1.8609,857.65125,0.7388,0
928333,d4eb4ac7f603528b8acb96e97f4f45d70053c55b88ce6f42a4a0000902e5f0f4,18/12/25 00:12,1053,3882,1,0,0,1,1,27,166113197,143043.391,166110138,143040.766,3059,2.6342,2905.0332,2.5016,787.99585,0.6786,0.04727689
928333,e350e9ebf77c3eb7ebfe596cea371a9aa6b4773963846f808e69a8acd9db702e,18/12/25 00:12,303,549,1,0,0,1,1,1,42855,36.9033,42389,36.502,466,0.4013,1537.9537,1.3244,848.81604,0.7311,0
928333,4cf45a20cb044b5ae68d39578ff366972e5f03dd791d95f446db7942b6c42a5a,18/12/25 00:12,222,561,1,0,0,1,1,2,540969,465.8392,540521,465.4534,448,0.3858,2018.0181,1.7377,798.574,0.688,0.00062787
928333,1055c77da4404c93e292e6298882e8348116d1282cb39b7e0f3269c49b01a869,18/12/25 00:12,371,833,2,0,0,1,2,2,1473778,1269.0997,1473115,1268.5288,663,0.5709,1787.062,1.5388,795.9184,0.6855,0.0284729
928333,c20eb1f1c1f37da6cd424fc9df3403df5268df55f7d28d719cf0e8f1361df6f6,18/12/25 00:12,371,833,2,0,0,1,2,2,138423,119.1988,137760,118.6279,663,0.5709,1787.062,1.5388,795.9184,0.6855,0.01255107
928333,c496065868d070600a15fa02bc341425d2559930d30a1056b751226499c3897a,18/12/25 00:12,1102,4081,1,0,0,1,1,29,27570675,23741.6602,27567458,23738.8887,3217,2.7702,2919.2378,2.5136,788.2872,0.6786,0.00565454
928333,5a8f9830c84d85a4cf235649d11dd16b08e9e229487c6cd9fae13111fee0eb79,18/12/25 00:12,307,562,1,0,0,1,1,1,109729,94.4898,109262,94.0877,467,0.4021,1521.1726,1.3098,830.9609,0.7156,0
928333,06ef7e2eeba749928ad141a4007d8fc8e461db316ce1e205098da65396f7bbac,18/12/25 00:12,2327,8981,1,0,0,1,1,67,96604462,83188.0312,96599072,83183.3906,5390,4.6414,2316.287,1.9944,600.1559,0.5167,0.07979931
928333,79dbc1201ef02a2c1827b174b3929feb3a9b3afcdb8425de64d0cd697654627b,18/12/25 00:12,192,438,2,0,0,1,1,1,110000,94.7232,107930,92.9407,2070,1.7825,10781.25,9.2837,4726.0273,4.0697,0
928333,dcdb674d8dcd129c8d7c343abbdcbbda968c1c88770e8efd40703a07e64e45a6,18/12/25 00:12,194,449,2,0,0,1,1,1,898000,773.2858,897378,772.7501,622,0.5356,3206.1855,2.7608,1385.3007,1.1927,0
928333,a280a0ceae0e1d2e67aad88b0a975b49614721f4840a98e43d44c43348c28d5d,18/12/25 00:12,191,437,2,0,0,1,1,1,33000,28.417,32450,27.9433,550,0.4736,2879.581,2.48,1258.5812,1.0842,0
928333,76acc619448e1f7956f65b3c166bb0e54834e200beccac64197ac6c580654221,18/12/25 00:12,192,438,1,0,0,1,1,1,108000,93.001,107454,92.5308,546,0.4702,2843.75,2.449,1246.5753,1.0738,0
928333,cf90bd7fceeff855575e2660c7a4a8dbd9cd6ae0ee7629d03d791be4bde2b47a,18/12/25 00:12,191,437,1,0,0,1,1,1,41000,35.3059,40454,34.8357,546,0.4702,2858.6387,2.4619,1249.428,1.0755,0
928333,8ccca1c8e2cd61c4411382f3dd27c1317c06622b224c4f48ee55e92ec1877129,18/12/25 00:12,192,438,2,0,0,1,1,1,155000,133.4736,154537,133.0749,463,0.3987,2411.4583,2.0762,1057.0776,0.9102,0
928333,eb4f47757573d9c8c00fe43e1d27ff03ede34829fc73a060dc72fb7e77a15fa7,18/12/25 00:12,191,437,2,0,0,1,1,1,156000,134.3347,155582,133.9748,418,0.3599,2188.4817,1.8841,956.5217,0.8241,0
928333,a56f8f32adcda03cff4897b709f61f2938580b4da5133240078ef40670f680ee,18/12/25 00:12,194,449,2,0,0,1,1,1,127000,109.3622,126577,108.998,423,0.3643,2180.4124,1.8772,942.09357,0.8112,0
928333,043280eeacb45dfc5aeb11b3e8ba79c14791f3246ef35a32d0751f72115da915,18/12/25 00:12,192,438,2,0,0,1,1,1,128000,110.2234,127603,109.8815,397,0.3419,2067.7083,1.7808,906.3927,0.7802,0
928333,d6a9ec2b07e80cc992b6be128d0763257b4b4d4ad844a2f483b26781bdb8e8ce,18/12/25 00:12,532,1153,2,0,0,1,3,2,665200,572.817,664286,572.03,914,0.7871,1718.0452,1.4794,792.71466,0.6829,0.00280118
928333,41801ac054db91f41899e908c8259452695b3676c42a2562057aed8d23f2cf64,18/12/25 00:12,250,670,2,0,0,1,1,2,958993,825.808,958462,825.3508,531,0.4573,2124,1.829,792.5373,0.6829,0.02748458
928333,fca2b025c58b6be7364ee69ec304e145eb70eb6c0738b7bd9d1378ebbaa1fa78,18/12/25 00:12,223,562,1,0,0,1,1,2,211473133,182103.75,211472688,182103.359,445,0.3832,1995.5157,1.7188,791.81494,0.682,0.04337157
928333,c0ba32a4ab348161ed414e787340061c82aa1bdb32c1da527ea27b84edfd07c3,18/12/25 00:12,222,561,1,0,0,1,1,2,211419034,182057.156,211418589,182056.781,445,0.3832,2004.5045,1.7265,793.2264,0.6829,0
928333,ab692fd76729ef832bb98582195eabc2711918e4fe3b43e888c1d091d3a8aa74,18/12/25 00:12,204,486,2,0,0,1,1,1,1044676,899.5914,1044291,899.2599,385,0.3315,1887.2549,1.6249,792.1811,0.682,0.0077167
928333,06e8addeded54ee3fcea8cbf8afcd7b5ce218b6752a6ed4925b328a7b5a0f084,18/12/25 00:12,204,486,2,0,0,1,1,1,121000,104.1955,120615,103.864,385,0.3315,1887.2549,1.6249,792.1811,0.682,0
928333,1e9ed446810f43112d5bec4505531447e342745e8de8649bca5c19334f249bba,18/12/25 00:12,191,437,1,0,0,1,1,1,6000,5.1667,5653,4.8679,347,0.2988,1816.7539,1.5647,794.05035,0.6837,1.23E-06
928333,d74fe33d7b82c52a20385c7f6afdc8d0ac64074bf8b857b6a4f8b3895b081e84,18/12/25 00:12,984,3606,1,0,0,1,1,25,103715044,89311.1016,103712202,89308.6484,2842,2.4473,2888.2114,2.4869,788.1309,0.6786,0.04631165
928333,c1cb25bc35018612b41086a73ef5b3104ca0abd42e2ddf48f16d8b6487ffdbbc,18/12/25 00:12,1191,4434,1,0,0,1,1,31,10068781,8670.4287,10065287,8667.4199,3494,3.0088,2933.6692,2.5265,788.00183,0.6786,0.00286564
928333,358e70b2beef404d60471477317aa3cf3beceb369a2459796d6fc20cebdda904,18/12/25 00:12,1192,4438,1,0,0,1,1,32,9999810,8611.0361,9996313,8608.0254,3497,3.0113,2933.7249,2.5265,787.9675,0.6786,0.00284601
928333,f7b2e54965d7d77b855cf41d23d5890144a31d1b773eca9753c47b22a918bda7,18/12/25 00:12,1099,4066,1,0,0,1,1,29,7052822,6073.3262,7049618,6070.5669,3204,2.759,2915.3777,2.5102,787.99805,0.6786,0.00144648
928333,0fbba363129b334c951afef5cd41cbd87cfa8c1d7edf1c77f837aee15f741b97,18/12/25 00:12,1365,5130,1,0,0,1,1,38,84424916,72699.9844,84420874,72696.5,4042,3.4806,2961.172,2.5498,787.91425,0.6786,0.03769807
928333,1b0301dc5d2ef4c8edaac06f294e416593cee496abd931514f7ce25db77223e0,18/12/25 00:12,1299,4866,1,0,0,1,1,35,49998500,43054.707,49994666,43051.4062,3834,3.3015,2951.5012,2.542,787.91614,0.6786,0.0142299
928333,f7813afb996d8b3214fedf3c58232ae40cea1de29822252dc0ee1e272f2ddf31,18/12/25 00:12,1339,5026,1,0,0,1,1,36,99994493,86107.2578,99990533,86103.8516,3960,3.41,2957.431,2.5463,787.9029,0.6786,0.02845908
928333,0ac555e45090d3fa0f26a314cba3e2ca7e15f795ba26930c7570bdd24440accc,18/12/25 00:12,807,2898,1,0,0,1,1,20,100329127,86395.4141,100326843,86393.4531,2284,1.9668,2830.2354,2.437,788.12976,0.6786,0.04144383
928333,152bd45f9e68d725814514dc9eb9ff7304cd71d18e513aeaaa2a2f71740d54d5,18/12/25 00:12,1112,4121,1,0,0,1,1,30,121146839,104321.969,121143591,104319.172,3248,2.7969,2920.8633,2.5153,788.1582,0.6786,0.05409543
928333,3d00c8390898c389768509a4cbc956e4fcdf97ba0b74c2d7d16d82ed3dd8ba36,18/12/25 00:12,234,609,2,0,0,1,1,2,4711390,4057.0723,4710908,4056.657,482,0.4151,2059.829,1.7739,791.4614,0.6811,0.00134089
928333,2e20a43c51ddb1337ed4d840f5371ae15dfa257076753d0637d1c56dc3c0015a,18/12/25 00:12,234,609,2,0,0,1,1,2,533627,459.5169,533145,459.1018,482,0.4151,2059.829,1.7739,791.4614,0.6811,0.0004408
928333,9dbec98ab7369467ddb528c5a2c6b0751094cd9d2ab8e846b19ab2e988235186,18/12/25 00:12,235,610,2,0,0,1,1,2,265677,228.7798,265195,228.3647,482,0.4151,2051.0637,1.7662,790.16394,0.6803,0.00011863
928333,9136d51d1b7d61077b73a141adba2c04969e710f805281450ed1f73a6f5bb89e,18/12/25 00:12,235,610,2,0,0,1,1,2,90001,77.5017,89519,77.0866,482,0.4151,2051.0637,1.7662,790.16394,0.6803,6.45E-05
928333,6b1fdb34d7926e42ce21ccc8a3f0633e9216d9cb82b2bf4d8803b7d49f08b9c9,18/12/25 00:12,234,609,1,0,0,1,1,2,14580294,12555.3828,14579812,12554.9678,482,0.4151,2059.829,1.7739,791.4614,0.6811,0.01045259
928333,6738d4c2a8d67caf07f7c966e28ddbd20f7ad0eaec6c86db222ef7d70ea997cb,18/12/25 00:12,234,609,2,0,0,1,1,2,104970,90.3918,104488,89.9767,482,0.4151,2059.829,1.7739,791.4614,0.6811,0.00065662
928333,6f78b5bfd7b76959f6c6bfa82db8c9832bab927ebb5cb339da01a6d539858cc2,18/12/25 00:12,1172,4361,1,0,0,1,1,30,10089604,8688.3594,10086167,8685.4004,3437,2.9597,2932.5938,2.5257,788.122,0.6786,0.0020693
928333,ffe299e88a254d6ad6e150ea6850423e30402ba7652c36a345490cc23ec12355,18/12/25 00:12,1193,4442,1,0,0,1,1,32,126093947,108582.023,126090447,108579.008,3500,3.0139,2933.7803,2.5265,787.93335,0.6786,0.05208672
928333,164455629853563137ec85c1470cb07616ab705da208749203c83016546f65bb,18/12/25 00:12,986,3617,1,0,0,1,1,26,115364215,99342.4297,115361364,99339.9766,2851,2.4551,2891.4807,2.4895,788.2223,0.6786,0.0328334
928333,7b05aa43873b43f9a1040dd0b26a5540a18500574eab0ff4effc4e483816b7d4,18/12/25 00:12,1220,4550,1,0,0,1,1,32,105449973,90805.0781,105446388,90801.9922,3585,3.0871,2938.5247,2.5308,787.9121,0.6786,0.04708634
928333,d387ff4a728b0033c50a44033abbd155dc6d1923a56accaee57e84e874ddb498,18/12/25 00:12,1266,4737,1,0,0,1,1,34,44397211,38231.3281,44393478,38228.1133,3733,3.2146,2948.6572,2.5394,788.0515,0.6786,0.00910554
928333,ed89e0e3bc4c941ba608f5dcff24c3b7ccb3517127c5298a5f2a0b2ff1032019,18/12/25 00:12,1262,4718,1,0,0,1,1,33,10000000,8611.2002,9996283,8607.999,3717,3.2008,2945.325,2.536,787.8338,0.6786,0.00284606
928333,559c60a27a7abc80f7b4b28675291845bb0a838db9242fde0b203f353c011dc5,18/12/25 00:12,1689,5133,1,0,0,1,5,30,5000000000,4305600,4999995958,4305596.5,4042,3.4806,2393.132,2.0607,787.45374,0.6777,1.02546296
928333,cc3ac9217bdf830749a30771991dbeec485e45047c019ac0e592ff7f89d03e2d,18/12/25 00:12,258,705,2,0,0,1,1,2,7863726,6771.6118,7863169,6771.1323,557,0.4796,2158.9148,1.8592,790.0709,0.6803,210.819658
928333,3a7e76f592a9cda570161ea1d053e59e81ca7e248f6bc63418c24591dd820996,18/12/25 00:12,388,898,2,0,0,1,2,1,953871,821.3974,953163,820.7877,708,0.6097,1824.7423,1.5715,788.4187,0.6786,0.00032983
928333,91dee234cafb03e8aabbb91ae0f8f1bf942256c8900fc43f074a27eeb1d174ee,18/12/25 00:12,260,638,1,0,0,1,2,1,40009,34.4525,39508,34.0211,501,0.4314,1926.9231,1.6594,785.2665,0.676,0.00504922
928333,08c6f418ae5e37bfccd59f548bce68cbabfb0fbf360ed8e5cf996cb12b57aa68,18/12/25 00:12,637,1252,2,0,0,1,4,1,191464,164.8735,190486,164.0313,978,0.8422,1535.3218,1.3218,781.15015,0.6725,0.00023167
928333,f1eb0516037fd5c2565f8c929ddebeffabb0605ff288646b0720f1e32adc31ce,18/12/25 00:12,222,561,1,0,0,1,1,2,16596,14.2911,16156,13.9123,440,0.3789,1981.9819,1.7067,784.3137,0.6751,0.00406619
928333,876ca5a3670a915f801009cae6d86d97b1df90238238a9c24eeb38011b5b1073,18/12/25 00:12,151,397,1,0,0,1,1,1,92252,79.44,91940,79.1714,312,0.2687,2066.225,1.7791,785.8942,0.6768,3.39E-05
928333,aa4c9f48f9a9b4a659406baa8431cf4e7d5e0f53fe8c78050bfde5e46792e5d2,18/12/25 00:12,151,397,1,0,0,1,1,1,168168,144.8128,167856,144.5442,312,0.2687,2066.225,1.7791,785.8942,0.6768,0.00029309
928333,34997cd5890deabc89b805560118155b08b642c705e8491f7c04dfdc5034df25,18/12/25 00:12,339,708,2,0,0,1,2,1,29608,25.496,29058,25.0224,550,0.4736,1622.4188,1.3967,776.8362,0.6691,0.00338018
928333,587b1218db5e17be001056dcf18f80aa1f260530e3e0f575bcb81ede641e930b,18/12/25 00:12,223,562,2,0,0,1,1,2,13480,11.6079,13042,11.2307,438,0.3772,1964.1256,1.6912,779.35944,0.6708,6.02E-06
928333,f7ac938670d6725ba678218f1ec0ffeed979cf4ab356f98a24146b072205fa11,18/12/25 00:12,222,561,2,0,0,1,1,2,18686,16.0909,18248,15.7137,438,0.3772,1972.973,1.699,780.74866,0.6725,0.00047416
928333,54a65b225e7e791b88c43bd80741ed1a5e76baf4468277c211b7b06a84bebf20,18/12/25 00:12,222,561,2,0,0,1,1,2,123993,106.7729,123555,106.3957,438,0.3772,1972.973,1.699,780.74866,0.6725,5.54E-05
928333,1a60b299a09cb750dec2fededb40699072194a0f7c7041d6f769ea6e51653236,18/12/25 00:12,223,562,2,0,0,1,1,2,1253023,1079.0032,1252585,1078.626,438,0.3772,1964.1256,1.6912,779.35944,0.6708,0.00165126
928333,8068e59b8bf0245bb0dd9f53361db40f8c5d595502890dce6745fbf5874a4f5f,18/12/25 00:12,222,561,2,0,0,1,1,2,66550,57.3075,66112,56.9304,438,0.3772,1972.973,1.699,780.74866,0.6725,0.00024164
928333,37510883b6cdf443099710d65e7878f2b2cdd288c89f312f487c61376b61abc0,18/12/25 00:12,222,561,2,0,0,1,1,2,47120,40.576,46682,40.1988,438,0.3772,1972.973,1.699,780.74866,0.6725,0.00236989
928333,42b5b023d2fe4b09fb9259861a92681bc918c3ea58f0539527f8b6198c2310f2,18/12/25 00:12,223,562,2,0,0,1,1,2,3041415,2619.0232,3040977,2618.646,438,0.3772,1964.1256,1.6912,779.35944,0.6708,0.02279583
928333,7ed91865b0c0dcf93a6a606ce072a7de9955b3f132bed8534e9e246ad8152cac,18/12/25 00:12,189,756,1,0,0,0,1,1,1132000,974.7878,1131414,974.2832,586,0.5046,3100.529,2.6703,775.13226,0.6674,0.00093508
928333,03bc1f7fd401d19a2fcc27b44f6d093ab53e7b306c914224dc31eea2dde7aaf1,18/12/25 00:12,151,397,1,0,0,1,1,1,16399,14.1215,16089,13.8546,310,0.2669,2052.9802,1.7679,780.85645,0.6725,3.36E-06
928333,6191c53a9a0ce578bdff68698d9c3859f5904049853c46acf0ecc920b1e22ef0,18/12/25 00:12,468,1227,2,0,0,1,2,4,417163,359.2274,416212,358.4085,951,0.8189,2032.0513,1.7498,775.0611,0.6674,0.14735976
928333,1876e7862cba8df92c8d7d1be2b3f8a481489bf60b5c03e4b65026b598e13b0b,18/12/25 00:12,728,1619,2,0,0,1,4,1,97835,84.2477,96581,83.1678,1254,1.0798,1722.5275,1.4837,774.5522,0.6674,0.00016552
928333,e395a89711e19c8f9329d050866a6cbc9c13daa2a3484eb2133af1edc05f1996,18/12/25 00:12,729,1620,2,0,0,1,4,1,451687,388.9567,450433,387.8769,1254,1.0798,1720.1646,1.4811,774.0741,0.6665,0.00110137
928333,f444a78288dd6600512f4a564f0edbc0b73e6d96dddbdfe62f96396a5d38c162,18/12/25 00:12,217,541,2,0,0,1,1,1,71000,61.1395,70579,60.777,421,0.3625,1940.0922,1.6706,778.18854,0.67,2.02E-05
928333,bafa7310dad73e36570a0575bc2ab7c82807dbb4d1fccdff3641ef189fb79ba1,18/12/25 00:12,410,878,1,0,0,1,1,3,2057693,1771.9207,2057013,1771.3351,680,0.5856,1658.5366,1.4286,774.4875,0.6665,0.00042202
928333,59d0e8df9b979a18047e1c91aa462e462eb81e16002251f2276fffebad59abe4,18/12/25 00:12,234,609,2,0,0,1,1,2,392949,338.3763,392593,338.0697,356,0.3066,1521.3676,1.3098,584.5649,0.5038,0.00017546
928333,04ee28b32392b2799bb6191b2dc76f94e7d389fc26a6334d86d430da50662eee,18/12/25 00:12,406,688,1,0,0,1,1,1,38666,33.2961,38442,33.1032,224,0.1929,551.7241,0.4753,325.5814,0.2807,0
928333,4e5aed80c8196cc8773f50d4a2e5f0f08f085a6143f2ce05929886b4e609b415,18/12/25 00:12,154,409,1,0,0,1,1,1,38442,33.1032,37701,32.4651,741,0.6381,4811.6885,4.1437,1811.736,1.5603,0
928333,73d430cb9591a955b83b3fc36ca68cd54656e3c5b1d75a01dca16a76fa99a1f7,18/12/25 00:12,188,752,1,0,0,0,1,1,686274,590.9643,685694,590.4648,580,0.4994,3085.1064,2.6566,771.2766,0.6639,0.00216145
928333,4e7a3f31cc4ff6c240b45c7757412973f6abb1c368800bb785b9dc6abf2ffb06,18/12/25 00:12,664,2008,1,0,0,1,2,11,113312596,97575.7422,113311063,97574.4219,1533,1.3201,2308.7349,1.9883,763.4462,0.657,0.02323841
928333,5ab041dc61b16ba902d1cf67102a6cacd4f0c1cb86f59873e81c0eba5242cf51,18/12/25 00:12,347,1058,1,0,0,1,1,6,112642083,96998.3516,112641250,96997.6328,833,0.7173,2400.5764,2.0675,787.3346,0.6777,0
928333,c5a186d8295b38d047c0d6e1c0892377bdcf16a69bfcfb4efc127b307fb820a6,18/12/25 00:12,194,572,1,0,0,1,1,2,372000,320.3366,371559,319.9569,441,0.3798,2273.1958,1.9573,770.979,0.6639,0.00016611
928333,e87d935d448cf9aa45481739b27668f7a8d4955cb233f4049df6d8bc9894c4aa,18/12/25 00:12,488,980,1,0,0,1,3,1,21028,18.1076,20273,17.4575,755,0.6501,1547.1311,1.3322,770.40814,0.6631,0.00424046
928333,a2d4b75db5f6395e2b8a3f9c4e986c1f818eaad7beb324ba7f20cc19598d7079,18/12/25 00:12,269,746,2,0,0,1,1,2,91920,79.1542,91344,78.6581,576,0.496,2141.264,1.8437,772.118,0.6648,0.00010669
928333,19584e03e91b1a9eb7be3c2b047e51d62457249bce3dd5e02d12310cc5b78f88,18/12/25 00:12,269,746,2,0,0,1,1,2,279754,240.9018,279178,240.4058,576,0.496,2141.264,1.8437,772.118,0.6648,5.74E-05
928333,ded34a21ffb19c021a4d4a4ac404419b516ee1fd889a72c154831bf814493eb5,18/12/25 00:12,382,760,1,0,0,1,1,2,53671,46.2172,53086,45.7134,585,0.5038,1531.4136,1.3184,769.7368,0.6631,0.00113334
928333,1ff169124c06c64da4263db9f24b7da24b66fb481683d0fcd905fb6e6a7490dd,18/12/25 00:12,639,1263,1,0,0,1,4,1,436499,375.878,435527,375.041,972,0.837,1521.1267,1.3098,769.5962,0.6631,0.00262643
928333,f3fedd8fca6d88e540346c2ace31b5fc76089141c70f23f30cbd6baf3a36f50f,18/12/25 00:12,192,438,2,0,0,1,1,1,7626,6.5669,7288,6.2758,338,0.2911,1760.4166,1.5156,771.6895,0.6648,2.17E-06
928333,37d6b70301762231fa496aebee2ee0c7e480e757e1d70b93a8a60ce5812e5bd8,18/12/25 00:12,419,1025,1,0,0,1,2,2,495784,426.9295,494995,426.2501,789,0.6794,1883.0549,1.6215,769.7561,0.6631,0.56415467
928333,283f92e6e76bf556cb09ecb7580b9c1d6741cb818a2dbd7134ba521c847e12aa,18/12/25 00:12,220,880,1,0,0,0,1,2,113997,98.1651,113322,97.5838,675,0.5813,3068.182,2.6419,767.0455,0.6605,0.00154342
928333,a7ea83b3fbe080a3ae554057ab5d515ef30acbca076d4ba166f2d6dc2f0b0d0c,18/12/25 00:12,340,709,2,0,0,1,2,1,49733,42.8261,49187,42.3559,546,0.4702,1605.8823,1.383,770.09875,0.6631,5.61E-06
928333,8cf1d0eed8aac71ce90af3a4a9786a2a242a369ba3c1ee26a946b65f24409434,18/12/25 00:12,340,709,1,0,0,1,2,1,181453,156.2528,180907,155.7826,546,0.4702,1605.8823,1.383,770.09875,0.6631,0.17677057
928333,44842ccb023d7c7d4f64763921c6c5d0df00b4ca6d70eb8320b2c451e0cf2780,18/12/25 00:12,340,709,2,0,0,1,2,1,29631,25.5158,29085,25.0457,546,0.4702,1605.8823,1.383,770.09875,0.6631,4.13E-05
928333,8f6876e811b57282f1b01ffafb03b7a335e459ff77a18a8927e10eac398676e3,18/12/25 00:12,340,709,1,0,0,1,2,1,241168,207.6746,240622,207.2044,546,0.4702,1605.8823,1.383,770.09875,0.6631,0.00078594
928333,e976cebf7299389abc94ec4c713c8af8ac010cc5b3a1bd228c148e364ed6886e,18/12/25 00:12,372,834,2,0,0,1,2,2,52227,44.9737,51586,44.4217,641,0.552,1723.1183,1.4837,768.58514,0.6622,0.00271727
928333,ed039ea568dba760b140766d3cb0c81e4b435adea3eca30e9eba47d5fb5a5829,18/12/25 00:12,226,904,1,0,0,0,1,2,386588,332.8987,385895,332.3019,693,0.5968,3066.3716,2.6402,766.5929,0.6605,0.00551268
928333,703601f723c6017f40cccb1ad9a3a6ff6f5c414346f4d3fe5e5db8484474f890,18/12/25 00:12,488,980,1,0,0,1,3,1,356751,307.2054,356000,306.5587,751,0.6467,1538.9344,1.3253,766.32654,0.6596,0.00271126
928333,7c9f281db7afacc68f1b97f6b71004e7145df453a08c9a20f926bd7372ac9ee1,18/12/25 00:12,223,562,1,0,0,1,1,2,150195985,129336.766,150195553,129336.398,432,0.372,1937.2197,1.668,768.6833,0.6622,25.6855995
928333,37f69cdb09be6d94c6c4d62bf1ced2cc2975d60631a2c28558b8f275ec2a3488,18/12/25 00:12,614,2129,1,0,0,1,1,14,309910076,266869.75,309909436,266869.219,640,0.5511,1042.3453,0.8973,300.61063,0.2592,0.06356026
928333,f615c16c6462e1e9d53e7d5f115bf62ee2c4424c2379ddac6a8d92d575aef9cf,18/12/25 00:12,729,2586,1,0,0,1,1,17,302599884,260574.813,302597555,260572.813,2329,2.0055,3194.7874,2.7513,900.6187,0.7759,0
928333,ed350bddc09800a55da8d63f7226db89e8640270ba0f57bc49a88690d7974fca,18/12/25 00:12,587,2021,1,0,0,1,1,13,298119847,256716.969,298118025,256715.391,1822,1.569,3103.9182,2.6729,901.5339,0.7767,0
928333,963d1496ab70fbdabaf578a7bfbb05c9381f9bc9894e6f056d158c27e566a9b7,18/12/25 00:12,779,2786,1,0,0,1,1,19,293486261,252726.891,293483752,252724.734,2509,2.1606,3220.796,2.7737,900.5743,0.7759,0
928333,a1e83f953f7d4dfe60cbd76704ef3f4d43f7fa68108c384843842dc9909f528d,18/12/25 00:12,2370,6429,2,0,0,1,4,35,91847182,79091.4453,91842361,79087.2969,4821,4.1515,2034.1772,1.7515,749.88336,0.6458,0.07313809
928333,9fb69f4a6483e4fbaa348f5f3a184ea220ed90292401745429c6ee86b4455bbb,18/12/25 00:12,191,437,2,0,0,1,1,1,406245,349.8257,405808,349.4494,437,0.3763,2287.958,1.9702,1000,0.8611,0
928333,9f5f9c80dcb65980bf9f1fb7fe44808637909d99b21b9c7c7d04045cf4c23259,18/12/25 00:12,288,822,1,0,0,1,1,4,4930700,4245.9243,4930070,4245.3818,630,0.5425,2187.5,1.8841,766.42334,0.6596,0.0047692
928333,efc8e7f23b70677dac5ce1b67203d313f6598d62937037b0bdfbca8b77f0f99f,18/12/25 00:12,1265,2474,2,0,0,1,8,2,4216483,3630.8979,4214590,3629.2678,1893,1.6301,1496.4426,1.2882,765.15765,0.6588,0.00661033
928333,56f4893c9ebc3ee5cff942d8a20927253bbe0cb36f5040159cf6159958269542,18/12/25 00:12,372,834,1,0,0,1,2,2,3383370,2913.4875,3382731,2912.9373,639,0.5503,1717.742,1.4794,766.1871,0.6596,0.00663751
928333,8a66954afb30ae000d7df452e7c165c8b8b61028871feb9cc554b42fc31289fc,18/12/25 00:12,193,442,1,0,0,1,1,1,120000,103.3344,119661,103.0425,339,0.2919,1756.4767,1.5121,766.9683,0.6605,3.42E-05
928333,6da9312c155b1bb2e67029492f97dd405ae30efc2d0bbd1bd76bc8e9bbb42c22,18/12/25 00:12,194,449,1,0,0,1,1,1,998382,859.7267,998037,859.4296,345,0.2971,1778.3505,1.5311,768.37415,0.6613,0.00314444
928333,a4bac79e2866994c9be402a5e5b115041ee4b5ea63f0f58d54687ead1f4263ef,18/12/25 00:12,194,449,1,0,0,1,1,1,402517,346.6154,402172,346.3184,345,0.2971,1778.3505,1.5311,768.37415,0.6613,0.11279663
928333,862691e14902d1bdbee9aad8261e22a75fd2a556eb8ac19593779c538ec10a80,18/12/25 00:12,214,529,2,0,0,1,1,1,3769405,3245.9099,3769000,3245.5613,405,0.3488,1892.5233,1.6301,765.59546,0.6596,0.0010728
928333,0173bbb776c0f9284daafb52be2309c579c60ce09431c536ca4dd7abe0b32ceb,18/12/25 00:12,223,565,2,0,0,1,1,2,225503,194.1852,225071,193.8131,432,0.372,1937.2197,1.668,764.60175,0.6588,0.00021812
928333,30d37d67f46fa1e7b1eed112b794d2ac73e2bb1ba404c7216b038e6d6ca37236,18/12/25 00:12,964,3856,2,928332,0,0,3,2,560189829,482390.656,560186901,482388.156,2928,2.5214,3037.3445,2.6152,759.3361,0.6536,10874.3268
928333,9883dd52a83b0758fd030a4d2c23b7510d8c0e42ee27b94ff72f168fcf438e7a,18/12/25 00:12,192,438,2,0,0,1,1,1,338000,291.0586,337666,290.7709,334,0.2876,1739.5834,1.4983,762.55707,0.657,0.00023073
928333,a6b0a257d802f25ba4a082c828f6a6f28cb37d27062c3a22e3fb1d2eaeb2dad6,18/12/25 00:12,417,1020,1,0,0,1,2,2,167596,144.3203,166822,143.6538,774,0.6665,1856.1151,1.5982,758.82355,0.6536,0.00095649
928333,d1202e94b74bd6e40952547288383c3a982d52d19c5602b3ef8e4cc6e3200dc4,18/12/25 00:12,342,720,2,0,0,1,2,1,42686,36.7578,42140,36.2876,546,0.4702,1596.4912,1.3743,758.3333,0.6527,1.90E-05
928333,ec40b254a23303b5b4e91234e3cdf882bfa5ffe237ed20108c8368b7d753367b,18/12/25 00:12,369,1476,2,0,0,0,2,2,54488,46.9207,53369,45.9571,1119,0.9636,3032.5203,2.6118,758.13007,0.6527,7.32E-05
928333,ad3e4f5647de5697c28ee5f0e579f6b1613eb198e4c3720c05f46362b4c5f01f,18/12/25 00:12,150,396,1,0,0,1,1,1,10053426,8657.2061,10053126,8656.9482,300,0.2583,2000,1.7222,757.57574,0.6527,0
928333,bc38288100f016f98155249a28dcd01b48f4aa07363fd2284866746bc399cb86,18/12/25 00:12,150,396,1,0,0,1,1,1,15276036,13154.5,15275736,13154.2422,300,0.2583,2000,1.7222,757.57574,0.6527,0
928333,e920e1bbb4c8003aa109dc10aed590dc84d6ce01145c8552d91006c691dcc3ac,18/12/25 00:12,818,1649,1,0,0,1,5,2,2037582,1754.6027,2036331,1753.5254,1251,1.0773,1529.3398,1.3167,758.6416,0.6536,0.00696606
928333,61574db592274d87f217cf70db183bd4511eae248115ca3c20a12ae76e2ed595,18/12/25 00:12,162,444,1,0,0,1,1,1,9993453,8605.5625,9993117,8605.2725,336,0.2893,2074.074,1.786,756.7568,0.6519,0.00204958
928333,5b24097e952cf7b1e48df65dcda90722b31df1ac9f92f514a607dc096c7593c6,18/12/25 00:12,162,444,1,0,0,1,1,1,24895322,21437.8594,24894986,21437.5703,336,0.2893,2074.074,1.786,756.7568,0.6519,0.00510585
928333,15977aeb9030b95702cfe9c47245d64a8656e781895dcd94239ee18891cf86d0,18/12/25 00:12,966,1929,1,0,0,1,6,2,27123454,23356.5488,27121993,23355.291,1461,1.2581,1512.4224,1.302,757.38727,0.6519,0.67162729
928333,8f53180e995990d48c341f355944cf6ea9cbdaaefdb042574dfba8d1e64ea190,18/12/25 00:12,223,562,1,0,0,1,1,2,15392553,13254.835,15392215,13254.5439,338,0.2911,1515.6951,1.3055,601.42346,0.5175,0.0031569
928333,033bccf44081fdc17910a64f1bc0b8db0fa93cf8672264d4626fd6e07919a7be,18/12/25 00:12,234,609,1,0,0,1,1,2,15379943,13243.9766,15379392,13243.502,551,0.4745,2354.701,2.0279,904.7619,0.7793,0
928333,cd7982cd648657765b8a2dd2b76fcc57a3b27bd9e04fb944ca7b2f80089258b8,18/12/25 00:12,221,560,1,0,0,1,1,2,148973,128.2836,148550,127.9194,423,0.3643,1914.0271,1.6482,755.3571,0.6501,0.00012306
928333,db936e18b8ae494d08e14bbe3ffa24fc75efa2ad85d2abb2729898c9c537de3a,18/12/25 00:12,222,561,1,0,0,1,1,2,649982,559.7125,649556,559.3456,426,0.3668,1918.919,1.6525,759.3583,0.6536,0.00038329
928333,89d009db39ed0bf4cd3b44a7cad351d6de6749439ddfbd559add8175da7805c1,18/12/25 00:12,222,561,2,0,0,1,1,2,256581,220.947,256155,220.5802,426,0.3668,1918.919,1.6525,759.3583,0.6536,0.00320456
928333,e177894569602030eb7a6443530ad5959e5dc70de0139d3ee6bc5b3c7e12f829,18/12/25 00:12,193,568,1,0,0,1,1,2,7514340,6470.7485,7513911,6470.3789,429,0.3694,2222.7979,1.9143,755.2817,0.6501,0.00990258
928333,cb333788f11ab38177470435643420be7f000606b29f0f74c830cf5ee66e6734,18/12/25 00:12,193,568,1,0,0,1,1,2,92621,79.7578,92192,79.3884,429,0.3694,2222.7979,1.9143,755.2817,0.6501,4.14E-05
928333,f476ed275248f172e27c1271f62efde200f0af699f7bd860c3e0b48e931ee059,18/12/25 00:12,193,568,1,0,0,1,1,2,170413,146.746,169984,146.3766,429,0.3694,2222.7979,1.9143,755.2817,0.6501,0.00041142
928333,a7941485dc6e670d07b86ea3c4d33840ea8eca379e452f116dde44268c810b7b,18/12/25 00:12,193,568,2,0,0,1,1,2,260241,224.0987,259812,223.7293,429,0.3694,2222.7979,1.9143,755.2817,0.6501,0.00297349
928333,b8f1af82fb76fe4eb774dc98688010dfbb34122fa6ca09fd7a8909d31fc9c78f,18/12/25 00:12,193,568,2,0,0,1,1,2,3190853,2747.7073,3190424,2747.3379,429,0.3694,2222.7979,1.9143,755.2817,0.6501,0.01113918
928333,9e4a9df5661fa4249874cb20485b2a4f4a876e279588de57f0644b00f1f80be8,18/12/25 00:12,193,568,2,0,0,1,1,2,6407248,5517.4092,6406819,5517.04,429,0.3694,2222.7979,1.9143,755.2817,0.6501,0.0026467
928333,75ed84204f3ab57ac091b34b46623e9eeeed46642f13dd3c7ae32f9acd969f72,18/12/25 00:12,194,572,2,0,0,1,1,2,6093241,5247.0117,6092809,5246.6396,432,0.372,2226.8042,1.9177,755.24475,0.6501,0
928333,08fb5eed869324ec43e7296d7e7eec1dbbba566342e5320fbae5c3a8411ce676,18/12/25 00:12,194,572,2,0,0,1,1,2,1961424,1689.0215,1960992,1688.6494,432,0.372,2226.8042,1.9177,755.24475,0.6501,0.02105738
928333,a24bdd13f5f25a4b074b644f470299147d7ccf5614b00901f9a32222cb63289f,18/12/25 00:12,196,580,1,0,0,1,1,2,7488577,6448.5635,7488139,6448.186,438,0.3772,2234.6938,1.9246,755.1724,0.6501,0.00153585
928333,08dd8544ec7d7df49943b56dddf717d2ea2a13202e824f177b7bf71b0c6f234f,18/12/25 00:12,339,708,1,0,0,1,2,1,122475,105.4657,121941,105.0058,534,0.4598,1575.2212,1.3563,754.2373,0.6493,8.53E-05
928333,b9dd26b41f8b4749c682aab4317cd48b837d21f6991c5edcbd7ba7f338742d82,18/12/25 00:12,339,708,2,0,0,1,2,1,200532748,172682.766,200532214,172682.297,534,0.4598,1575.2212,1.3563,754.2373,0.6493,0.05707362
928333,46deca0c0cf6cf5d74e1cc8d9619cf6139f8369a9ea7e786f04c35f76c814fb2,18/12/25 00:12,339,708,1,0,0,1,2,1,172204,148.2883,171670,147.8285,534,0.4598,1575.2212,1.3563,754.2373,0.6493,0.01596188
928333,bc34e5f582109ec36e5a48c641f31f392f538bea44c808184a7c5dafdc149fc5,18/12/25 00:12,339,708,1,0,0,1,2,1,897000,772.4246,896466,771.9648,534,0.4598,1575.2212,1.3563,754.2373,0.6493,0.00023438
928333,6b6c89eb80427a6fe42bee08678cf9357852195d24464497aca360999eb0ac4c,18/12/25 00:12,340,712,2,0,0,1,2,1,81512,70.1916,80975,69.7292,537,0.4624,1579.4117,1.3597,754.2135,0.6493,2.81E-05
928333,b7e245fd7fcf42dda8fd1bf5a048e29d5707c9c01f8a53bcd3b8ea383258ee50,18/12/25 00:12,342,720,1,0,0,1,2,1,6780245,5838.6045,6779702,5838.1372,543,0.4676,1587.7192,1.3675,754.1667,0.6493,0.00249472
928333,734253fb598e28c7503b048c0f16cd4b04fab6f0c8b4988741ecc7b7abb280b5,18/12/25 00:12,342,720,1,0,0,1,2,1,113285,97.552,112742,97.0844,543,0.4676,1587.7192,1.3675,754.1667,0.6493,0.00038742
928333,69d459400762cf4ecea9106b3f9560f986061cc3267c3f91c234f19457e387d1,18/12/25 00:12,342,720,1,0,0,1,2,1,477148,410.8817,476605,410.4141,543,0.4676,1587.7192,1.3675,754.1667,0.6493,0.00017411
928333,013b15b53744198d81813c211163826a40f88a1c1c2719adf5e6760d92409c22,18/12/25 00:12,419,1076,2,928235,0,1,3,2,20097791,17306.6094,20096981,17305.9121,810,0.6975,1933.1742,1.6645,752.7881,0.6484,0.00571996
928333,a4f98c7f17a59857876bcac6f72f7daad4e52a068511d045e5a6f42c62ab4915,18/12/25 00:12,150,396,1,0,0,1,1,1,15870651,13666.5352,15870351,13666.2764,300,0.2583,2000,1.7222,757.57574,0.6527,0
928333,5012676a2f82f6d8decdf108d6df255b9153ecb79a7c5e34b0731c58acc1a679,18/12/25 00:12,419,1076,2,928332,0,1,3,2,18691999,16096.0537,18691189,16095.3564,810,0.6975,1933.1742,1.6645,752.7881,0.6484,0.00383359
928333,f161934776c8d231b138c28e568c20d0b3967dd59e060ad4207810715ef99715,18/12/25 00:12,150,396,1,0,0,1,1,1,18537267,15962.8115,18536967,15962.5527,300,0.2583,2000,1.7222,757.57574,0.6527,0
928333,8a9baca37e91bdc1c223e877b74408667adc364e33c58be0be4791210f92cfe4,18/12/25 00:12,2419,4510,2,0,0,1,16,1,3655227,3147.5891,3651825,3144.6594,3402,2.9295,1406.3662,1.2107,754.3237,0.6493,2.47901108
928333,5449e9cb1f20afbeddb0177b3df37d8b8b31267ce8b2b03fe9f2f165a562c447,18/12/25 00:12,381,756,1,0,0,1,1,2,2817329,2426.0583,2816759,2425.5676,570,0.4908,1496.063,1.2882,753.96826,0.6493,0.01956837
928333,01b78fed3f41f7c813b3cc1e1b6381c4f27a64fd36f22c2d83fee42082c5df6f,18/12/25 00:12,189,756,1,0,0,0,1,1,9236556,7953.7832,9235986,7953.2925,570,0.4908,3015.873,2.5971,753.96826,0.6493,269.453551
928333,742646ed273ffa9449be5ae5de1c921eee1c5abca8329dccaca60033b97d6872,18/12/25 00:12,380,755,1,928332,0,1,1,2,1357895,1169.3105,1357325,1168.8197,570,0.4908,1500,1.2917,754.96686,0.6501,0.00060634
928333,4b3fe46cdb067fdd1acf7c5d040eb41dad4e5db280bbe48d69371a2bce0c0176,18/12/25 00:12,379,754,1,0,0,1,1,2,31977133,27536.1484,31976563,27535.6582,570,0.4908,1503.9578,1.2951,755.96814,0.651,0.01757262
928333,c7e6ffd627342713e2aa74b15a6d65e6e90956d4ceb7c5c7d3fa540c0f39c6da,18/12/25 00:12,189,756,1,0,0,0,1,1,19000,16.3613,18430,15.8704,570,0.4908,3015.873,2.5971,753.96826,0.6493,3.32E-05
928333,09111cd2541a932025a93ee6fa2f721f7b65c251c3788ddbe355c0036771eb64,18/12/25 00:12,383,767,1,0,0,1,1,2,27515217,23693.9043,27514638,23693.4043,579,0.4986,1511.7494,1.302,754.88916,0.6501,0.01700275
928333,3091a21b41c4f6ed8660fa4d28f46ece13212e35a70bd2005e29de74e90df1d4,18/12/25 00:12,968,1589,1,0,0,1,3,2,1301888,1121.0818,1300688,1120.0485,1200,1.0333,1239.6694,1.0678,755.19196,0.6501,0.00906137
928333,95208062fc4f5260488113a08f582621045c87929d6235fedea62e8f313d8a67,18/12/25 00:12,971,1595,1,0,0,1,3,2,1194258,1028.3994,1193055,1027.3635,1203,1.0359,1238.929,1.0669,754.232,0.6493,0.00126183
928333,54ecef9d8fff79d2a3d9c8e8e6770092ca206a7c887fd9bc0f806b8424d95b27,18/12/25 00:12,300,798,2,0,0,1,2,2,390865,336.5817,390262,336.0624,603,0.5193,2010,1.7309,755.6391,0.651,0.00017994
928333,e19c639b3a252fc8bbe57b170e94e1a50c00f7a95382f02206b74810f3f2dbc2,18/12/25 00:12,391,802,1,0,0,1,1,2,56128184,48333.1016,56127578,48332.5781,606,0.5218,1549.8721,1.3347,755.61096,0.651,0.03468384
928333,620462420cba60300e8bb5c03359893a0715fcd11ce191c624822abfa401193b,18/12/25 00:12,483,1932,1,0,0,0,3,1,1408419,1212.8177,1406963,1211.564,1456,1.2538,3014.4927,2.5954,753.62317,0.6493,0.00165681
928333,5b17ac3c40dcb5cbf68e301940e71606c675c571890a80783cb597748c10610b,18/12/25 00:12,369,831,1,0,0,1,2,2,643000,553.7001,642373,553.1602,627,0.5399,1699.187,1.463,754.51263,0.6501,0.27754449
928333,9a2dba6204b4080d7fcdbfd548d0fc18e78c9075a0aabb77d9a2bcff2758b327,18/12/25 00:12,370,832,2,0,0,1,2,2,338100,291.1447,337473,290.6047,627,0.5399,1694.5946,1.4596,753.6058,0.6493,0.00027366
928333,0d4cf014b6ab1d92824f45895fee4b6d9e98f618c7c4e8e70b9ab26048df7528,18/12/25 00:12,370,832,2,0,0,1,2,2,121273,104.4306,120646,103.8907,627,0.5399,1694.5946,1.4596,753.6058,0.6493,3.63E-05
928333,d7eb324cb6ff493521a7760fff7791bb487d5869855129ee1591bdc85d3b3371,18/12/25 00:12,370,832,2,0,0,1,2,2,256319052,220721.469,256318425,220720.922,627,0.5399,1694.5946,1.4596,753.6058,0.6493,0.11484076
